id,name,band,p,slots,visit_hours,target,probability,quantile,source_count,retired_collection_days_post_unlock
chicken,小鸡,short,0.1,4,4,legendary_or_better,0.005991,0.5,116,4.833333333333333
chicken,小鸡,short,0.1,4,4,legendary_or_better,0.005991,0.9,384,16.0
chicken,小鸡,short,0.1,4,4,supreme,0.00019999000000000001,0.5,3466,144.5
chicken,小鸡,short,0.1,4,4,supreme,0.00019999000000000001,0.9,11513,479.8333333333333
chicken,小鸡,short,0.1,4,8,legendary_or_better,0.005991,0.5,116,9.666666666666666
chicken,小鸡,short,0.1,4,8,legendary_or_better,0.005991,0.9,384,32.0
chicken,小鸡,short,0.1,4,8,supreme,0.00019999000000000001,0.5,3466,289.0
chicken,小鸡,short,0.1,4,8,supreme,0.00019999000000000001,0.9,11513,959.6666666666666
chicken,小鸡,short,0.1,4,12,legendary_or_better,0.005991,0.5,116,14.5
chicken,小鸡,short,0.1,4,12,legendary_or_better,0.005991,0.9,384,48.0
chicken,小鸡,short,0.1,4,12,supreme,0.00019999000000000001,0.5,3466,433.5
chicken,小鸡,short,0.1,4,12,supreme,0.00019999000000000001,0.9,11513,1439.5
chicken,小鸡,short,0.1,8,4,legendary_or_better,0.005991,0.5,116,2.5
chicken,小鸡,short,0.1,8,4,legendary_or_better,0.005991,0.9,384,8.0
chicken,小鸡,short,0.1,8,4,supreme,0.00019999000000000001,0.5,3466,72.33333333333333
chicken,小鸡,short,0.1,8,4,supreme,0.00019999000000000001,0.9,11513,240.0
chicken,小鸡,short,0.1,8,8,legendary_or_better,0.005991,0.5,116,5.0
chicken,小鸡,short,0.1,8,8,legendary_or_better,0.005991,0.9,384,16.0
chicken,小鸡,short,0.1,8,8,supreme,0.00019999000000000001,0.5,3466,144.66666666666666
chicken,小鸡,short,0.1,8,8,supreme,0.00019999000000000001,0.9,11513,480.0
chicken,小鸡,short,0.1,8,12,legendary_or_better,0.005991,0.5,116,7.5
chicken,小鸡,short,0.1,8,12,legendary_or_better,0.005991,0.9,384,24.0
chicken,小鸡,short,0.1,8,12,supreme,0.00019999000000000001,0.5,3466,217.0
chicken,小鸡,short,0.1,8,12,supreme,0.00019999000000000001,0.9,11513,720.0
chicken,小鸡,short,0.1,16,4,legendary_or_better,0.005991,0.5,116,1.3333333333333333
chicken,小鸡,short,0.1,16,4,legendary_or_better,0.005991,0.9,384,4.0
chicken,小鸡,short,0.1,16,4,supreme,0.00019999000000000001,0.5,3466,36.166666666666664
chicken,小鸡,short,0.1,16,4,supreme,0.00019999000000000001,0.9,11513,120.0
chicken,小鸡,short,0.1,16,8,legendary_or_better,0.005991,0.5,116,2.6666666666666665
chicken,小鸡,short,0.1,16,8,legendary_or_better,0.005991,0.9,384,8.0
chicken,小鸡,short,0.1,16,8,supreme,0.00019999000000000001,0.5,3466,72.33333333333333
chicken,小鸡,short,0.1,16,8,supreme,0.00019999000000000001,0.9,11513,240.0
chicken,小鸡,short,0.1,16,12,legendary_or_better,0.005991,0.5,116,4.0
chicken,小鸡,short,0.1,16,12,legendary_or_better,0.005991,0.9,384,12.0
chicken,小鸡,short,0.1,16,12,supreme,0.00019999000000000001,0.5,3466,108.5
chicken,小鸡,short,0.1,16,12,supreme,0.00019999000000000001,0.9,11513,360.0
chicken,小鸡,short,0.3,4,4,legendary_or_better,0.017918999999999997,0.5,39,1.6666666666666667
chicken,小鸡,short,0.3,4,4,legendary_or_better,0.017918999999999997,0.9,128,5.333333333333333
chicken,小鸡,short,0.3,4,4,supreme,0.00059991,0.5,1156,48.166666666666664
chicken,小鸡,short,0.3,4,4,supreme,0.00059991,0.9,3838,160.0
chicken,小鸡,short,0.3,4,8,legendary_or_better,0.017918999999999997,0.5,39,3.3333333333333335
chicken,小鸡,short,0.3,4,8,legendary_or_better,0.017918999999999997,0.9,128,10.666666666666666
chicken,小鸡,short,0.3,4,8,supreme,0.00059991,0.5,1156,96.33333333333333
chicken,小鸡,short,0.3,4,8,supreme,0.00059991,0.9,3838,320.0
chicken,小鸡,short,0.3,4,12,legendary_or_better,0.017918999999999997,0.5,39,5.0
chicken,小鸡,short,0.3,4,12,legendary_or_better,0.017918999999999997,0.9,128,16.0
chicken,小鸡,short,0.3,4,12,supreme,0.00059991,0.5,1156,144.5
chicken,小鸡,short,0.3,4,12,supreme,0.00059991,0.9,3838,480.0
chicken,小鸡,short,0.3,8,4,legendary_or_better,0.017918999999999997,0.5,39,0.8333333333333334
chicken,小鸡,short,0.3,8,4,legendary_or_better,0.017918999999999997,0.9,128,2.6666666666666665
chicken,小鸡,short,0.3,8,4,supreme,0.00059991,0.5,1156,24.166666666666668
chicken,小鸡,short,0.3,8,4,supreme,0.00059991,0.9,3838,80.0
chicken,小鸡,short,0.3,8,8,legendary_or_better,0.017918999999999997,0.5,39,1.6666666666666667
chicken,小鸡,short,0.3,8,8,legendary_or_better,0.017918999999999997,0.9,128,5.333333333333333
chicken,小鸡,short,0.3,8,8,supreme,0.00059991,0.5,1156,48.333333333333336
chicken,小鸡,short,0.3,8,8,supreme,0.00059991,0.9,3838,160.0
chicken,小鸡,short,0.3,8,12,legendary_or_better,0.017918999999999997,0.5,39,2.5
chicken,小鸡,short,0.3,8,12,legendary_or_better,0.017918999999999997,0.9,128,8.0
chicken,小鸡,short,0.3,8,12,supreme,0.00059991,0.5,1156,72.5
chicken,小鸡,short,0.3,8,12,supreme,0.00059991,0.9,3838,240.0
chicken,小鸡,short,0.3,16,4,legendary_or_better,0.017918999999999997,0.5,39,0.5
chicken,小鸡,short,0.3,16,4,legendary_or_better,0.017918999999999997,0.9,128,1.3333333333333333
chicken,小鸡,short,0.3,16,4,supreme,0.00059991,0.5,1156,12.166666666666666
chicken,小鸡,short,0.3,16,4,supreme,0.00059991,0.9,3838,40.0
chicken,小鸡,short,0.3,16,8,legendary_or_better,0.017918999999999997,0.5,39,1.0
chicken,小鸡,short,0.3,16,8,legendary_or_better,0.017918999999999997,0.9,128,2.6666666666666665
chicken,小鸡,short,0.3,16,8,supreme,0.00059991,0.5,1156,24.333333333333332
chicken,小鸡,short,0.3,16,8,supreme,0.00059991,0.9,3838,80.0
chicken,小鸡,short,0.3,16,12,legendary_or_better,0.017918999999999997,0.5,39,1.5
chicken,小鸡,short,0.3,16,12,legendary_or_better,0.017918999999999997,0.9,128,4.0
chicken,小鸡,short,0.3,16,12,supreme,0.00059991,0.5,1156,36.5
chicken,小鸡,short,0.3,16,12,supreme,0.00059991,0.9,3838,120.0
rabbit,垂耳兔,short,0.1,4,4,legendary_or_better,0.005991,0.5,116,4.833333333333333
rabbit,垂耳兔,short,0.1,4,4,legendary_or_better,0.005991,0.9,384,16.0
rabbit,垂耳兔,short,0.1,4,4,supreme,0.00019999000000000001,0.5,3466,144.5
rabbit,垂耳兔,short,0.1,4,4,supreme,0.00019999000000000001,0.9,11513,479.8333333333333
rabbit,垂耳兔,short,0.1,4,8,legendary_or_better,0.005991,0.5,116,9.666666666666666
rabbit,垂耳兔,short,0.1,4,8,legendary_or_better,0.005991,0.9,384,32.0
rabbit,垂耳兔,short,0.1,4,8,supreme,0.00019999000000000001,0.5,3466,289.0
rabbit,垂耳兔,short,0.1,4,8,supreme,0.00019999000000000001,0.9,11513,959.6666666666666
rabbit,垂耳兔,short,0.1,4,12,legendary_or_better,0.005991,0.5,116,14.5
rabbit,垂耳兔,short,0.1,4,12,legendary_or_better,0.005991,0.9,384,48.0
rabbit,垂耳兔,short,0.1,4,12,supreme,0.00019999000000000001,0.5,3466,433.5
rabbit,垂耳兔,short,0.1,4,12,supreme,0.00019999000000000001,0.9,11513,1439.5
rabbit,垂耳兔,short,0.1,8,4,legendary_or_better,0.005991,0.5,116,2.5
rabbit,垂耳兔,short,0.1,8,4,legendary_or_better,0.005991,0.9,384,8.0
rabbit,垂耳兔,short,0.1,8,4,supreme,0.00019999000000000001,0.5,3466,72.33333333333333
rabbit,垂耳兔,short,0.1,8,4,supreme,0.00019999000000000001,0.9,11513,240.0
rabbit,垂耳兔,short,0.1,8,8,legendary_or_better,0.005991,0.5,116,5.0
rabbit,垂耳兔,short,0.1,8,8,legendary_or_better,0.005991,0.9,384,16.0
rabbit,垂耳兔,short,0.1,8,8,supreme,0.00019999000000000001,0.5,3466,144.66666666666666
rabbit,垂耳兔,short,0.1,8,8,supreme,0.00019999000000000001,0.9,11513,480.0
rabbit,垂耳兔,short,0.1,8,12,legendary_or_better,0.005991,0.5,116,7.5
rabbit,垂耳兔,short,0.1,8,12,legendary_or_better,0.005991,0.9,384,24.0
rabbit,垂耳兔,short,0.1,8,12,supreme,0.00019999000000000001,0.5,3466,217.0
rabbit,垂耳兔,short,0.1,8,12,supreme,0.00019999000000000001,0.9,11513,720.0
rabbit,垂耳兔,short,0.1,16,4,legendary_or_better,0.005991,0.5,116,1.3333333333333333
rabbit,垂耳兔,short,0.1,16,4,legendary_or_better,0.005991,0.9,384,4.0
rabbit,垂耳兔,short,0.1,16,4,supreme,0.00019999000000000001,0.5,3466,36.166666666666664
rabbit,垂耳兔,short,0.1,16,4,supreme,0.00019999000000000001,0.9,11513,120.0
rabbit,垂耳兔,short,0.1,16,8,legendary_or_better,0.005991,0.5,116,2.6666666666666665
rabbit,垂耳兔,short,0.1,16,8,legendary_or_better,0.005991,0.9,384,8.0
rabbit,垂耳兔,short,0.1,16,8,supreme,0.00019999000000000001,0.5,3466,72.33333333333333
rabbit,垂耳兔,short,0.1,16,8,supreme,0.00019999000000000001,0.9,11513,240.0
rabbit,垂耳兔,short,0.1,16,12,legendary_or_better,0.005991,0.5,116,4.0
rabbit,垂耳兔,short,0.1,16,12,legendary_or_better,0.005991,0.9,384,12.0
rabbit,垂耳兔,short,0.1,16,12,supreme,0.00019999000000000001,0.5,3466,108.5
rabbit,垂耳兔,short,0.1,16,12,supreme,0.00019999000000000001,0.9,11513,360.0
rabbit,垂耳兔,short,0.3,4,4,legendary_or_better,0.017918999999999997,0.5,39,1.6666666666666667
rabbit,垂耳兔,short,0.3,4,4,legendary_or_better,0.017918999999999997,0.9,128,5.333333333333333
rabbit,垂耳兔,short,0.3,4,4,supreme,0.00059991,0.5,1156,48.166666666666664
rabbit,垂耳兔,short,0.3,4,4,supreme,0.00059991,0.9,3838,160.0
rabbit,垂耳兔,short,0.3,4,8,legendary_or_better,0.017918999999999997,0.5,39,3.3333333333333335
rabbit,垂耳兔,short,0.3,4,8,legendary_or_better,0.017918999999999997,0.9,128,10.666666666666666
rabbit,垂耳兔,short,0.3,4,8,supreme,0.00059991,0.5,1156,96.33333333333333
rabbit,垂耳兔,short,0.3,4,8,supreme,0.00059991,0.9,3838,320.0
rabbit,垂耳兔,short,0.3,4,12,legendary_or_better,0.017918999999999997,0.5,39,5.0
rabbit,垂耳兔,short,0.3,4,12,legendary_or_better,0.017918999999999997,0.9,128,16.0
rabbit,垂耳兔,short,0.3,4,12,supreme,0.00059991,0.5,1156,144.5
rabbit,垂耳兔,short,0.3,4,12,supreme,0.00059991,0.9,3838,480.0
rabbit,垂耳兔,short,0.3,8,4,legendary_or_better,0.017918999999999997,0.5,39,0.8333333333333334
rabbit,垂耳兔,short,0.3,8,4,legendary_or_better,0.017918999999999997,0.9,128,2.6666666666666665
rabbit,垂耳兔,short,0.3,8,4,supreme,0.00059991,0.5,1156,24.166666666666668
rabbit,垂耳兔,short,0.3,8,4,supreme,0.00059991,0.9,3838,80.0
rabbit,垂耳兔,short,0.3,8,8,legendary_or_better,0.017918999999999997,0.5,39,1.6666666666666667
rabbit,垂耳兔,short,0.3,8,8,legendary_or_better,0.017918999999999997,0.9,128,5.333333333333333
rabbit,垂耳兔,short,0.3,8,8,supreme,0.00059991,0.5,1156,48.333333333333336
rabbit,垂耳兔,short,0.3,8,8,supreme,0.00059991,0.9,3838,160.0
rabbit,垂耳兔,short,0.3,8,12,legendary_or_better,0.017918999999999997,0.5,39,2.5
rabbit,垂耳兔,short,0.3,8,12,legendary_or_better,0.017918999999999997,0.9,128,8.0
rabbit,垂耳兔,short,0.3,8,12,supreme,0.00059991,0.5,1156,72.5
rabbit,垂耳兔,short,0.3,8,12,supreme,0.00059991,0.9,3838,240.0
rabbit,垂耳兔,short,0.3,16,4,legendary_or_better,0.017918999999999997,0.5,39,0.5
rabbit,垂耳兔,short,0.3,16,4,legendary_or_better,0.017918999999999997,0.9,128,1.3333333333333333
rabbit,垂耳兔,short,0.3,16,4,supreme,0.00059991,0.5,1156,12.166666666666666
rabbit,垂耳兔,short,0.3,16,4,supreme,0.00059991,0.9,3838,40.0
rabbit,垂耳兔,short,0.3,16,8,legendary_or_better,0.017918999999999997,0.5,39,1.0
rabbit,垂耳兔,short,0.3,16,8,legendary_or_better,0.017918999999999997,0.9,128,2.6666666666666665
rabbit,垂耳兔,short,0.3,16,8,supreme,0.00059991,0.5,1156,24.333333333333332
rabbit,垂耳兔,short,0.3,16,8,supreme,0.00059991,0.9,3838,80.0
rabbit,垂耳兔,short,0.3,16,12,legendary_or_better,0.017918999999999997,0.5,39,1.5
rabbit,垂耳兔,short,0.3,16,12,legendary_or_better,0.017918999999999997,0.9,128,4.0
rabbit,垂耳兔,short,0.3,16,12,supreme,0.00059991,0.5,1156,36.5
rabbit,垂耳兔,short,0.3,16,12,supreme,0.00059991,0.9,3838,120.0
dog,小狗,medium,0.1,4,4,legendary_or_better,0.009975000000000003,0.5,70,3.0
dog,小狗,medium,0.1,4,4,legendary_or_better,0.009975000000000003,0.9,230,9.666666666666666
dog,小狗,medium,0.1,4,4,supreme,0.0009997500000000002,0.5,693,29.0
dog,小狗,medium,0.1,4,4,supreme,0.0009997500000000002,0.9,2303,96.0
dog,小狗,medium,0.1,4,8,legendary_or_better,0.009975000000000003,0.5,70,6.0
dog,小狗,medium,0.1,4,8,legendary_or_better,0.009975000000000003,0.9,230,19.333333333333332
dog,小狗,medium,0.1,4,8,supreme,0.0009997500000000002,0.5,693,58.0
dog,小狗,medium,0.1,4,8,supreme,0.0009997500000000002,0.9,2303,192.0
dog,小狗,medium,0.1,4,12,legendary_or_better,0.009975000000000003,0.5,70,9.0
dog,小狗,medium,0.1,4,12,legendary_or_better,0.009975000000000003,0.9,230,29.0
dog,小狗,medium,0.1,4,12,supreme,0.0009997500000000002,0.5,693,87.0
dog,小狗,medium,0.1,4,12,supreme,0.0009997500000000002,0.9,2303,288.0
dog,小狗,medium,0.1,8,4,legendary_or_better,0.009975000000000003,0.5,70,1.5
dog,小狗,medium,0.1,8,4,legendary_or_better,0.009975000000000003,0.9,230,4.833333333333333
dog,小狗,medium,0.1,8,4,supreme,0.0009997500000000002,0.5,693,14.5
dog,小狗,medium,0.1,8,4,supreme,0.0009997500000000002,0.9,2303,48.0
dog,小狗,medium,0.1,8,8,legendary_or_better,0.009975000000000003,0.5,70,3.0
dog,小狗,medium,0.1,8,8,legendary_or_better,0.009975000000000003,0.9,230,9.666666666666666
dog,小狗,medium,0.1,8,8,supreme,0.0009997500000000002,0.5,693,29.0
dog,小狗,medium,0.1,8,8,supreme,0.0009997500000000002,0.9,2303,96.0
dog,小狗,medium,0.1,8,12,legendary_or_better,0.009975000000000003,0.5,70,4.5
dog,小狗,medium,0.1,8,12,legendary_or_better,0.009975000000000003,0.9,230,14.5
dog,小狗,medium,0.1,8,12,supreme,0.0009997500000000002,0.5,693,43.5
dog,小狗,medium,0.1,8,12,supreme,0.0009997500000000002,0.9,2303,144.0
dog,小狗,medium,0.1,16,4,legendary_or_better,0.009975000000000003,0.5,70,0.8333333333333334
dog,小狗,medium,0.1,16,4,legendary_or_better,0.009975000000000003,0.9,230,2.5
dog,小狗,medium,0.1,16,4,supreme,0.0009997500000000002,0.5,693,7.333333333333333
dog,小狗,medium,0.1,16,4,supreme,0.0009997500000000002,0.9,2303,24.0
dog,小狗,medium,0.1,16,8,legendary_or_better,0.009975000000000003,0.5,70,1.6666666666666667
dog,小狗,medium,0.1,16,8,legendary_or_better,0.009975000000000003,0.9,230,5.0
dog,小狗,medium,0.1,16,8,supreme,0.0009997500000000002,0.5,693,14.666666666666666
dog,小狗,medium,0.1,16,8,supreme,0.0009997500000000002,0.9,2303,48.0
dog,小狗,medium,0.1,16,12,legendary_or_better,0.009975000000000003,0.5,70,2.5
dog,小狗,medium,0.1,16,12,legendary_or_better,0.009975000000000003,0.9,230,7.5
dog,小狗,medium,0.1,16,12,supreme,0.0009997500000000002,0.5,693,22.0
dog,小狗,medium,0.1,16,12,supreme,0.0009997500000000002,0.9,2303,72.0
dog,小狗,medium,0.3,4,4,legendary_or_better,0.029774999999999996,0.5,23,1.0
dog,小狗,medium,0.3,4,4,legendary_or_better,0.029774999999999996,0.9,77,3.3333333333333335
dog,小狗,medium,0.3,4,4,supreme,0.00299775,0.5,231,9.666666666666666
dog,小狗,medium,0.3,4,4,supreme,0.00299775,0.9,767,32.0
dog,小狗,medium,0.3,4,8,legendary_or_better,0.029774999999999996,0.5,23,2.0
dog,小狗,medium,0.3,4,8,legendary_or_better,0.029774999999999996,0.9,77,6.666666666666667
dog,小狗,medium,0.3,4,8,supreme,0.00299775,0.5,231,19.333333333333332
dog,小狗,medium,0.3,4,8,supreme,0.00299775,0.9,767,64.0
dog,小狗,medium,0.3,4,12,legendary_or_better,0.029774999999999996,0.5,23,3.0
dog,小狗,medium,0.3,4,12,legendary_or_better,0.029774999999999996,0.9,77,10.0
dog,小狗,medium,0.3,4,12,supreme,0.00299775,0.5,231,29.0
dog,小狗,medium,0.3,4,12,supreme,0.00299775,0.9,767,96.0
dog,小狗,medium,0.3,8,4,legendary_or_better,0.029774999999999996,0.5,23,0.5
dog,小狗,medium,0.3,8,4,legendary_or_better,0.029774999999999996,0.9,77,1.6666666666666667
dog,小狗,medium,0.3,8,4,supreme,0.00299775,0.5,231,4.833333333333333
dog,小狗,medium,0.3,8,4,supreme,0.00299775,0.9,767,16.0
dog,小狗,medium,0.3,8,8,legendary_or_better,0.029774999999999996,0.5,23,1.0
dog,小狗,medium,0.3,8,8,legendary_or_better,0.029774999999999996,0.9,77,3.3333333333333335
dog,小狗,medium,0.3,8,8,supreme,0.00299775,0.5,231,9.666666666666666
dog,小狗,medium,0.3,8,8,supreme,0.00299775,0.9,767,32.0
dog,小狗,medium,0.3,8,12,legendary_or_better,0.029774999999999996,0.5,23,1.5
dog,小狗,medium,0.3,8,12,legendary_or_better,0.029774999999999996,0.9,77,5.0
dog,小狗,medium,0.3,8,12,supreme,0.00299775,0.5,231,14.5
dog,小狗,medium,0.3,8,12,supreme,0.00299775,0.9,767,48.0
dog,小狗,medium,0.3,16,4,legendary_or_better,0.029774999999999996,0.5,23,0.3333333333333333
dog,小狗,medium,0.3,16,4,legendary_or_better,0.029774999999999996,0.9,77,0.8333333333333334
dog,小狗,medium,0.3,16,4,supreme,0.00299775,0.5,231,2.5
dog,小狗,medium,0.3,16,4,supreme,0.00299775,0.9,767,8.0
dog,小狗,medium,0.3,16,8,legendary_or_better,0.029774999999999996,0.5,23,0.6666666666666666
dog,小狗,medium,0.3,16,8,legendary_or_better,0.029774999999999996,0.9,77,1.6666666666666667
dog,小狗,medium,0.3,16,8,supreme,0.00299775,0.5,231,5.0
dog,小狗,medium,0.3,16,8,supreme,0.00299775,0.9,767,16.0
dog,小狗,medium,0.3,16,12,legendary_or_better,0.029774999999999996,0.5,23,1.0
dog,小狗,medium,0.3,16,12,legendary_or_better,0.029774999999999996,0.9,77,2.5
dog,小狗,medium,0.3,16,12,supreme,0.00299775,0.5,231,7.5
dog,小狗,medium,0.3,16,12,supreme,0.00299775,0.9,767,24.0
duck,小鸭,medium,0.1,4,4,legendary_or_better,0.009975000000000003,0.5,70,3.0
duck,小鸭,medium,0.1,4,4,legendary_or_better,0.009975000000000003,0.9,230,9.666666666666666
duck,小鸭,medium,0.1,4,4,supreme,0.0009997500000000002,0.5,693,29.0
duck,小鸭,medium,0.1,4,4,supreme,0.0009997500000000002,0.9,2303,96.0
duck,小鸭,medium,0.1,4,8,legendary_or_better,0.009975000000000003,0.5,70,6.0
duck,小鸭,medium,0.1,4,8,legendary_or_better,0.009975000000000003,0.9,230,19.333333333333332
duck,小鸭,medium,0.1,4,8,supreme,0.0009997500000000002,0.5,693,58.0
duck,小鸭,medium,0.1,4,8,supreme,0.0009997500000000002,0.9,2303,192.0
duck,小鸭,medium,0.1,4,12,legendary_or_better,0.009975000000000003,0.5,70,9.0
duck,小鸭,medium,0.1,4,12,legendary_or_better,0.009975000000000003,0.9,230,29.0
duck,小鸭,medium,0.1,4,12,supreme,0.0009997500000000002,0.5,693,87.0
duck,小鸭,medium,0.1,4,12,supreme,0.0009997500000000002,0.9,2303,288.0
duck,小鸭,medium,0.1,8,4,legendary_or_better,0.009975000000000003,0.5,70,1.5
duck,小鸭,medium,0.1,8,4,legendary_or_better,0.009975000000000003,0.9,230,4.833333333333333
duck,小鸭,medium,0.1,8,4,supreme,0.0009997500000000002,0.5,693,14.5
duck,小鸭,medium,0.1,8,4,supreme,0.0009997500000000002,0.9,2303,48.0
duck,小鸭,medium,0.1,8,8,legendary_or_better,0.009975000000000003,0.5,70,3.0
duck,小鸭,medium,0.1,8,8,legendary_or_better,0.009975000000000003,0.9,230,9.666666666666666
duck,小鸭,medium,0.1,8,8,supreme,0.0009997500000000002,0.5,693,29.0
duck,小鸭,medium,0.1,8,8,supreme,0.0009997500000000002,0.9,2303,96.0
duck,小鸭,medium,0.1,8,12,legendary_or_better,0.009975000000000003,0.5,70,4.5
duck,小鸭,medium,0.1,8,12,legendary_or_better,0.009975000000000003,0.9,230,14.5
duck,小鸭,medium,0.1,8,12,supreme,0.0009997500000000002,0.5,693,43.5
duck,小鸭,medium,0.1,8,12,supreme,0.0009997500000000002,0.9,2303,144.0
duck,小鸭,medium,0.1,16,4,legendary_or_better,0.009975000000000003,0.5,70,0.8333333333333334
duck,小鸭,medium,0.1,16,4,legendary_or_better,0.009975000000000003,0.9,230,2.5
duck,小鸭,medium,0.1,16,4,supreme,0.0009997500000000002,0.5,693,7.333333333333333
duck,小鸭,medium,0.1,16,4,supreme,0.0009997500000000002,0.9,2303,24.0
duck,小鸭,medium,0.1,16,8,legendary_or_better,0.009975000000000003,0.5,70,1.6666666666666667
duck,小鸭,medium,0.1,16,8,legendary_or_better,0.009975000000000003,0.9,230,5.0
duck,小鸭,medium,0.1,16,8,supreme,0.0009997500000000002,0.5,693,14.666666666666666
duck,小鸭,medium,0.1,16,8,supreme,0.0009997500000000002,0.9,2303,48.0
duck,小鸭,medium,0.1,16,12,legendary_or_better,0.009975000000000003,0.5,70,2.5
duck,小鸭,medium,0.1,16,12,legendary_or_better,0.009975000000000003,0.9,230,7.5
duck,小鸭,medium,0.1,16,12,supreme,0.0009997500000000002,0.5,693,22.0
duck,小鸭,medium,0.1,16,12,supreme,0.0009997500000000002,0.9,2303,72.0
duck,小鸭,medium,0.3,4,4,legendary_or_better,0.029774999999999996,0.5,23,1.0
duck,小鸭,medium,0.3,4,4,legendary_or_better,0.029774999999999996,0.9,77,3.3333333333333335
duck,小鸭,medium,0.3,4,4,supreme,0.00299775,0.5,231,9.666666666666666
duck,小鸭,medium,0.3,4,4,supreme,0.00299775,0.9,767,32.0
duck,小鸭,medium,0.3,4,8,legendary_or_better,0.029774999999999996,0.5,23,2.0
duck,小鸭,medium,0.3,4,8,legendary_or_better,0.029774999999999996,0.9,77,6.666666666666667
duck,小鸭,medium,0.3,4,8,supreme,0.00299775,0.5,231,19.333333333333332
duck,小鸭,medium,0.3,4,8,supreme,0.00299775,0.9,767,64.0
duck,小鸭,medium,0.3,4,12,legendary_or_better,0.029774999999999996,0.5,23,3.0
duck,小鸭,medium,0.3,4,12,legendary_or_better,0.029774999999999996,0.9,77,10.0
duck,小鸭,medium,0.3,4,12,supreme,0.00299775,0.5,231,29.0
duck,小鸭,medium,0.3,4,12,supreme,0.00299775,0.9,767,96.0
duck,小鸭,medium,0.3,8,4,legendary_or_better,0.029774999999999996,0.5,23,0.5
duck,小鸭,medium,0.3,8,4,legendary_or_better,0.029774999999999996,0.9,77,1.6666666666666667
duck,小鸭,medium,0.3,8,4,supreme,0.00299775,0.5,231,4.833333333333333
duck,小鸭,medium,0.3,8,4,supreme,0.00299775,0.9,767,16.0
duck,小鸭,medium,0.3,8,8,legendary_or_better,0.029774999999999996,0.5,23,1.0
duck,小鸭,medium,0.3,8,8,legendary_or_better,0.029774999999999996,0.9,77,3.3333333333333335
duck,小鸭,medium,0.3,8,8,supreme,0.00299775,0.5,231,9.666666666666666
duck,小鸭,medium,0.3,8,8,supreme,0.00299775,0.9,767,32.0
duck,小鸭,medium,0.3,8,12,legendary_or_better,0.029774999999999996,0.5,23,1.5
duck,小鸭,medium,0.3,8,12,legendary_or_better,0.029774999999999996,0.9,77,5.0
duck,小鸭,medium,0.3,8,12,supreme,0.00299775,0.5,231,14.5
duck,小鸭,medium,0.3,8,12,supreme,0.00299775,0.9,767,48.0
duck,小鸭,medium,0.3,16,4,legendary_or_better,0.029774999999999996,0.5,23,0.3333333333333333
duck,小鸭,medium,0.3,16,4,legendary_or_better,0.029774999999999996,0.9,77,0.8333333333333334
duck,小鸭,medium,0.3,16,4,supreme,0.00299775,0.5,231,2.5
duck,小鸭,medium,0.3,16,4,supreme,0.00299775,0.9,767,8.0
duck,小鸭,medium,0.3,16,8,legendary_or_better,0.029774999999999996,0.5,23,0.6666666666666666
duck,小鸭,medium,0.3,16,8,legendary_or_better,0.029774999999999996,0.9,77,1.6666666666666667
duck,小鸭,medium,0.3,16,8,supreme,0.00299775,0.5,231,5.0
duck,小鸭,medium,0.3,16,8,supreme,0.00299775,0.9,767,16.0
duck,小鸭,medium,0.3,16,12,legendary_or_better,0.029774999999999996,0.5,23,1.0
duck,小鸭,medium,0.3,16,12,legendary_or_better,0.029774999999999996,0.9,77,2.5
duck,小鸭,medium,0.3,16,12,supreme,0.00299775,0.5,231,7.5
duck,小鸭,medium,0.3,16,12,supreme,0.00299775,0.9,767,24.0
sheep,绵羊,medium,0.1,4,4,legendary_or_better,0.009975000000000003,0.5,70,6.0
sheep,绵羊,medium,0.1,4,4,legendary_or_better,0.009975000000000003,0.9,230,19.333333333333332
sheep,绵羊,medium,0.1,4,4,supreme,0.0009997500000000002,0.5,693,58.0
sheep,绵羊,medium,0.1,4,4,supreme,0.0009997500000000002,0.9,2303,192.0
sheep,绵羊,medium,0.1,4,8,legendary_or_better,0.009975000000000003,0.5,70,6.0
sheep,绵羊,medium,0.1,4,8,legendary_or_better,0.009975000000000003,0.9,230,19.333333333333332
sheep,绵羊,medium,0.1,4,8,supreme,0.0009997500000000002,0.5,693,58.0
sheep,绵羊,medium,0.1,4,8,supreme,0.0009997500000000002,0.9,2303,192.0
sheep,绵羊,medium,0.1,4,12,legendary_or_better,0.009975000000000003,0.5,70,9.0
sheep,绵羊,medium,0.1,4,12,legendary_or_better,0.009975000000000003,0.9,230,29.0
sheep,绵羊,medium,0.1,4,12,supreme,0.0009997500000000002,0.5,693,87.0
sheep,绵羊,medium,0.1,4,12,supreme,0.0009997500000000002,0.9,2303,288.0
sheep,绵羊,medium,0.1,8,4,legendary_or_better,0.009975000000000003,0.5,70,3.0
sheep,绵羊,medium,0.1,8,4,legendary_or_better,0.009975000000000003,0.9,230,9.666666666666666
sheep,绵羊,medium,0.1,8,4,supreme,0.0009997500000000002,0.5,693,29.0
sheep,绵羊,medium,0.1,8,4,supreme,0.0009997500000000002,0.9,2303,96.0
sheep,绵羊,medium,0.1,8,8,legendary_or_better,0.009975000000000003,0.5,70,3.0
sheep,绵羊,medium,0.1,8,8,legendary_or_better,0.009975000000000003,0.9,230,9.666666666666666
sheep,绵羊,medium,0.1,8,8,supreme,0.0009997500000000002,0.5,693,29.0
sheep,绵羊,medium,0.1,8,8,supreme,0.0009997500000000002,0.9,2303,96.0
sheep,绵羊,medium,0.1,8,12,legendary_or_better,0.009975000000000003,0.5,70,4.5
sheep,绵羊,medium,0.1,8,12,legendary_or_better,0.009975000000000003,0.9,230,14.5
sheep,绵羊,medium,0.1,8,12,supreme,0.0009997500000000002,0.5,693,43.5
sheep,绵羊,medium,0.1,8,12,supreme,0.0009997500000000002,0.9,2303,144.0
sheep,绵羊,medium,0.1,16,4,legendary_or_better,0.009975000000000003,0.5,70,1.6666666666666667
sheep,绵羊,medium,0.1,16,4,legendary_or_better,0.009975000000000003,0.9,230,5.0
sheep,绵羊,medium,0.1,16,4,supreme,0.0009997500000000002,0.5,693,14.666666666666666
sheep,绵羊,medium,0.1,16,4,supreme,0.0009997500000000002,0.9,2303,48.0
sheep,绵羊,medium,0.1,16,8,legendary_or_better,0.009975000000000003,0.5,70,1.6666666666666667
sheep,绵羊,medium,0.1,16,8,legendary_or_better,0.009975000000000003,0.9,230,5.0
sheep,绵羊,medium,0.1,16,8,supreme,0.0009997500000000002,0.5,693,14.666666666666666
sheep,绵羊,medium,0.1,16,8,supreme,0.0009997500000000002,0.9,2303,48.0
sheep,绵羊,medium,0.1,16,12,legendary_or_better,0.009975000000000003,0.5,70,2.5
sheep,绵羊,medium,0.1,16,12,legendary_or_better,0.009975000000000003,0.9,230,7.5
sheep,绵羊,medium,0.1,16,12,supreme,0.0009997500000000002,0.5,693,22.0
sheep,绵羊,medium,0.1,16,12,supreme,0.0009997500000000002,0.9,2303,72.0
sheep,绵羊,medium,0.3,4,4,legendary_or_better,0.029774999999999996,0.5,23,2.0
sheep,绵羊,medium,0.3,4,4,legendary_or_better,0.029774999999999996,0.9,77,6.666666666666667
sheep,绵羊,medium,0.3,4,4,supreme,0.00299775,0.5,231,19.333333333333332
sheep,绵羊,medium,0.3,4,4,supreme,0.00299775,0.9,767,64.0
sheep,绵羊,medium,0.3,4,8,legendary_or_better,0.029774999999999996,0.5,23,2.0
sheep,绵羊,medium,0.3,4,8,legendary_or_better,0.029774999999999996,0.9,77,6.666666666666667
sheep,绵羊,medium,0.3,4,8,supreme,0.00299775,0.5,231,19.333333333333332
sheep,绵羊,medium,0.3,4,8,supreme,0.00299775,0.9,767,64.0
sheep,绵羊,medium,0.3,4,12,legendary_or_better,0.029774999999999996,0.5,23,3.0
sheep,绵羊,medium,0.3,4,12,legendary_or_better,0.029774999999999996,0.9,77,10.0
sheep,绵羊,medium,0.3,4,12,supreme,0.00299775,0.5,231,29.0
sheep,绵羊,medium,0.3,4,12,supreme,0.00299775,0.9,767,96.0
sheep,绵羊,medium,0.3,8,4,legendary_or_better,0.029774999999999996,0.5,23,1.0
sheep,绵羊,medium,0.3,8,4,legendary_or_better,0.029774999999999996,0.9,77,3.3333333333333335
sheep,绵羊,medium,0.3,8,4,supreme,0.00299775,0.5,231,9.666666666666666
sheep,绵羊,medium,0.3,8,4,supreme,0.00299775,0.9,767,32.0
sheep,绵羊,medium,0.3,8,8,legendary_or_better,0.029774999999999996,0.5,23,1.0
sheep,绵羊,medium,0.3,8,8,legendary_or_better,0.029774999999999996,0.9,77,3.3333333333333335
sheep,绵羊,medium,0.3,8,8,supreme,0.00299775,0.5,231,9.666666666666666
sheep,绵羊,medium,0.3,8,8,supreme,0.00299775,0.9,767,32.0
sheep,绵羊,medium,0.3,8,12,legendary_or_better,0.029774999999999996,0.5,23,1.5
sheep,绵羊,medium,0.3,8,12,legendary_or_better,0.029774999999999996,0.9,77,5.0
sheep,绵羊,medium,0.3,8,12,supreme,0.00299775,0.5,231,14.5
sheep,绵羊,medium,0.3,8,12,supreme,0.00299775,0.9,767,48.0
sheep,绵羊,medium,0.3,16,4,legendary_or_better,0.029774999999999996,0.5,23,0.6666666666666666
sheep,绵羊,medium,0.3,16,4,legendary_or_better,0.029774999999999996,0.9,77,1.6666666666666667
sheep,绵羊,medium,0.3,16,4,supreme,0.00299775,0.5,231,5.0
sheep,绵羊,medium,0.3,16,4,supreme,0.00299775,0.9,767,16.0
sheep,绵羊,medium,0.3,16,8,legendary_or_better,0.029774999999999996,0.5,23,0.6666666666666666
sheep,绵羊,medium,0.3,16,8,legendary_or_better,0.029774999999999996,0.9,77,1.6666666666666667
sheep,绵羊,medium,0.3,16,8,supreme,0.00299775,0.5,231,5.0
sheep,绵羊,medium,0.3,16,8,supreme,0.00299775,0.9,767,16.0
sheep,绵羊,medium,0.3,16,12,legendary_or_better,0.029774999999999996,0.5,23,1.0
sheep,绵羊,medium,0.3,16,12,legendary_or_better,0.029774999999999996,0.9,77,2.5
sheep,绵羊,medium,0.3,16,12,supreme,0.00299775,0.5,231,7.5
sheep,绵羊,medium,0.3,16,12,supreme,0.00299775,0.9,767,24.0
goose,白鹅,medium,0.1,4,4,legendary_or_better,0.009975000000000003,0.5,70,6.0
goose,白鹅,medium,0.1,4,4,legendary_or_better,0.009975000000000003,0.9,230,19.333333333333332
goose,白鹅,medium,0.1,4,4,supreme,0.0009997500000000002,0.5,693,58.0
goose,白鹅,medium,0.1,4,4,supreme,0.0009997500000000002,0.9,2303,192.0
goose,白鹅,medium,0.1,4,8,legendary_or_better,0.009975000000000003,0.5,70,6.0
goose,白鹅,medium,0.1,4,8,legendary_or_better,0.009975000000000003,0.9,230,19.333333333333332
goose,白鹅,medium,0.1,4,8,supreme,0.0009997500000000002,0.5,693,58.0
goose,白鹅,medium,0.1,4,8,supreme,0.0009997500000000002,0.9,2303,192.0
goose,白鹅,medium,0.1,4,12,legendary_or_better,0.009975000000000003,0.5,70,9.0
goose,白鹅,medium,0.1,4,12,legendary_or_better,0.009975000000000003,0.9,230,29.0
goose,白鹅,medium,0.1,4,12,supreme,0.0009997500000000002,0.5,693,87.0
goose,白鹅,medium,0.1,4,12,supreme,0.0009997500000000002,0.9,2303,288.0
goose,白鹅,medium,0.1,8,4,legendary_or_better,0.009975000000000003,0.5,70,3.0
goose,白鹅,medium,0.1,8,4,legendary_or_better,0.009975000000000003,0.9,230,9.666666666666666
goose,白鹅,medium,0.1,8,4,supreme,0.0009997500000000002,0.5,693,29.0
goose,白鹅,medium,0.1,8,4,supreme,0.0009997500000000002,0.9,2303,96.0
goose,白鹅,medium,0.1,8,8,legendary_or_better,0.009975000000000003,0.5,70,3.0
goose,白鹅,medium,0.1,8,8,legendary_or_better,0.009975000000000003,0.9,230,9.666666666666666
goose,白鹅,medium,0.1,8,8,supreme,0.0009997500000000002,0.5,693,29.0
goose,白鹅,medium,0.1,8,8,supreme,0.0009997500000000002,0.9,2303,96.0
goose,白鹅,medium,0.1,8,12,legendary_or_better,0.009975000000000003,0.5,70,4.5
goose,白鹅,medium,0.1,8,12,legendary_or_better,0.009975000000000003,0.9,230,14.5
goose,白鹅,medium,0.1,8,12,supreme,0.0009997500000000002,0.5,693,43.5
goose,白鹅,medium,0.1,8,12,supreme,0.0009997500000000002,0.9,2303,144.0
goose,白鹅,medium,0.1,16,4,legendary_or_better,0.009975000000000003,0.5,70,1.6666666666666667
goose,白鹅,medium,0.1,16,4,legendary_or_better,0.009975000000000003,0.9,230,5.0
goose,白鹅,medium,0.1,16,4,supreme,0.0009997500000000002,0.5,693,14.666666666666666
goose,白鹅,medium,0.1,16,4,supreme,0.0009997500000000002,0.9,2303,48.0
goose,白鹅,medium,0.1,16,8,legendary_or_better,0.009975000000000003,0.5,70,1.6666666666666667
goose,白鹅,medium,0.1,16,8,legendary_or_better,0.009975000000000003,0.9,230,5.0
goose,白鹅,medium,0.1,16,8,supreme,0.0009997500000000002,0.5,693,14.666666666666666
goose,白鹅,medium,0.1,16,8,supreme,0.0009997500000000002,0.9,2303,48.0
goose,白鹅,medium,0.1,16,12,legendary_or_better,0.009975000000000003,0.5,70,2.5
goose,白鹅,medium,0.1,16,12,legendary_or_better,0.009975000000000003,0.9,230,7.5
goose,白鹅,medium,0.1,16,12,supreme,0.0009997500000000002,0.5,693,22.0
goose,白鹅,medium,0.1,16,12,supreme,0.0009997500000000002,0.9,2303,72.0
goose,白鹅,medium,0.3,4,4,legendary_or_better,0.029774999999999996,0.5,23,2.0
goose,白鹅,medium,0.3,4,4,legendary_or_better,0.029774999999999996,0.9,77,6.666666666666667
goose,白鹅,medium,0.3,4,4,supreme,0.00299775,0.5,231,19.333333333333332
goose,白鹅,medium,0.3,4,4,supreme,0.00299775,0.9,767,64.0
goose,白鹅,medium,0.3,4,8,legendary_or_better,0.029774999999999996,0.5,23,2.0
goose,白鹅,medium,0.3,4,8,legendary_or_better,0.029774999999999996,0.9,77,6.666666666666667
goose,白鹅,medium,0.3,4,8,supreme,0.00299775,0.5,231,19.333333333333332
goose,白鹅,medium,0.3,4,8,supreme,0.00299775,0.9,767,64.0
goose,白鹅,medium,0.3,4,12,legendary_or_better,0.029774999999999996,0.5,23,3.0
goose,白鹅,medium,0.3,4,12,legendary_or_better,0.029774999999999996,0.9,77,10.0
goose,白鹅,medium,0.3,4,12,supreme,0.00299775,0.5,231,29.0
goose,白鹅,medium,0.3,4,12,supreme,0.00299775,0.9,767,96.0
goose,白鹅,medium,0.3,8,4,legendary_or_better,0.029774999999999996,0.5,23,1.0
goose,白鹅,medium,0.3,8,4,legendary_or_better,0.029774999999999996,0.9,77,3.3333333333333335
goose,白鹅,medium,0.3,8,4,supreme,0.00299775,0.5,231,9.666666666666666
goose,白鹅,medium,0.3,8,4,supreme,0.00299775,0.9,767,32.0
goose,白鹅,medium,0.3,8,8,legendary_or_better,0.029774999999999996,0.5,23,1.0
goose,白鹅,medium,0.3,8,8,legendary_or_better,0.029774999999999996,0.9,77,3.3333333333333335
goose,白鹅,medium,0.3,8,8,supreme,0.00299775,0.5,231,9.666666666666666
goose,白鹅,medium,0.3,8,8,supreme,0.00299775,0.9,767,32.0
goose,白鹅,medium,0.3,8,12,legendary_or_better,0.029774999999999996,0.5,23,1.5
goose,白鹅,medium,0.3,8,12,legendary_or_better,0.029774999999999996,0.9,77,5.0
goose,白鹅,medium,0.3,8,12,supreme,0.00299775,0.5,231,14.5
goose,白鹅,medium,0.3,8,12,supreme,0.00299775,0.9,767,48.0
goose,白鹅,medium,0.3,16,4,legendary_or_better,0.029774999999999996,0.5,23,0.6666666666666666
goose,白鹅,medium,0.3,16,4,legendary_or_better,0.029774999999999996,0.9,77,1.6666666666666667
goose,白鹅,medium,0.3,16,4,supreme,0.00299775,0.5,231,5.0
goose,白鹅,medium,0.3,16,4,supreme,0.00299775,0.9,767,16.0
goose,白鹅,medium,0.3,16,8,legendary_or_better,0.029774999999999996,0.5,23,0.6666666666666666
goose,白鹅,medium,0.3,16,8,legendary_or_better,0.029774999999999996,0.9,77,1.6666666666666667
goose,白鹅,medium,0.3,16,8,supreme,0.00299775,0.5,231,5.0
goose,白鹅,medium,0.3,16,8,supreme,0.00299775,0.9,767,16.0
goose,白鹅,medium,0.3,16,12,legendary_or_better,0.029774999999999996,0.5,23,1.0
goose,白鹅,medium,0.3,16,12,legendary_or_better,0.029774999999999996,0.9,77,2.5
goose,白鹅,medium,0.3,16,12,supreme,0.00299775,0.5,231,7.5
goose,白鹅,medium,0.3,16,12,supreme,0.00299775,0.9,767,24.0
goat,山羊,medium,0.1,4,4,legendary_or_better,0.009975000000000003,0.5,70,12.0
goat,山羊,medium,0.1,4,4,legendary_or_better,0.009975000000000003,0.9,230,38.666666666666664
goat,山羊,medium,0.1,4,4,supreme,0.0009997500000000002,0.5,693,116.0
goat,山羊,medium,0.1,4,4,supreme,0.0009997500000000002,0.9,2303,384.0
goat,山羊,medium,0.1,4,8,legendary_or_better,0.009975000000000003,0.5,70,12.0
goat,山羊,medium,0.1,4,8,legendary_or_better,0.009975000000000003,0.9,230,38.666666666666664
goat,山羊,medium,0.1,4,8,supreme,0.0009997500000000002,0.5,693,116.0
goat,山羊,medium,0.1,4,8,supreme,0.0009997500000000002,0.9,2303,384.0
goat,山羊,medium,0.1,4,12,legendary_or_better,0.009975000000000003,0.5,70,18.0
goat,山羊,medium,0.1,4,12,legendary_or_better,0.009975000000000003,0.9,230,58.0
goat,山羊,medium,0.1,4,12,supreme,0.0009997500000000002,0.5,693,174.0
goat,山羊,medium,0.1,4,12,supreme,0.0009997500000000002,0.9,2303,576.0
goat,山羊,medium,0.1,8,4,legendary_or_better,0.009975000000000003,0.5,70,6.0
goat,山羊,medium,0.1,8,4,legendary_or_better,0.009975000000000003,0.9,230,19.333333333333332
goat,山羊,medium,0.1,8,4,supreme,0.0009997500000000002,0.5,693,58.0
goat,山羊,medium,0.1,8,4,supreme,0.0009997500000000002,0.9,2303,192.0
goat,山羊,medium,0.1,8,8,legendary_or_better,0.009975000000000003,0.5,70,6.0
goat,山羊,medium,0.1,8,8,legendary_or_better,0.009975000000000003,0.9,230,19.333333333333332
goat,山羊,medium,0.1,8,8,supreme,0.0009997500000000002,0.5,693,58.0
goat,山羊,medium,0.1,8,8,supreme,0.0009997500000000002,0.9,2303,192.0
goat,山羊,medium,0.1,8,12,legendary_or_better,0.009975000000000003,0.5,70,9.0
goat,山羊,medium,0.1,8,12,legendary_or_better,0.009975000000000003,0.9,230,29.0
goat,山羊,medium,0.1,8,12,supreme,0.0009997500000000002,0.5,693,87.0
goat,山羊,medium,0.1,8,12,supreme,0.0009997500000000002,0.9,2303,288.0
goat,山羊,medium,0.1,16,4,legendary_or_better,0.009975000000000003,0.5,70,3.3333333333333335
goat,山羊,medium,0.1,16,4,legendary_or_better,0.009975000000000003,0.9,230,10.0
goat,山羊,medium,0.1,16,4,supreme,0.0009997500000000002,0.5,693,29.333333333333332
goat,山羊,medium,0.1,16,4,supreme,0.0009997500000000002,0.9,2303,96.0
goat,山羊,medium,0.1,16,8,legendary_or_better,0.009975000000000003,0.5,70,3.3333333333333335
goat,山羊,medium,0.1,16,8,legendary_or_better,0.009975000000000003,0.9,230,10.0
goat,山羊,medium,0.1,16,8,supreme,0.0009997500000000002,0.5,693,29.333333333333332
goat,山羊,medium,0.1,16,8,supreme,0.0009997500000000002,0.9,2303,96.0
goat,山羊,medium,0.1,16,12,legendary_or_better,0.009975000000000003,0.5,70,5.0
goat,山羊,medium,0.1,16,12,legendary_or_better,0.009975000000000003,0.9,230,15.0
goat,山羊,medium,0.1,16,12,supreme,0.0009997500000000002,0.5,693,44.0
goat,山羊,medium,0.1,16,12,supreme,0.0009997500000000002,0.9,2303,144.0
goat,山羊,medium,0.3,4,4,legendary_or_better,0.029774999999999996,0.5,23,4.0
goat,山羊,medium,0.3,4,4,legendary_or_better,0.029774999999999996,0.9,77,13.333333333333334
goat,山羊,medium,0.3,4,4,supreme,0.00299775,0.5,231,38.666666666666664
goat,山羊,medium,0.3,4,4,supreme,0.00299775,0.9,767,128.0
goat,山羊,medium,0.3,4,8,legendary_or_better,0.029774999999999996,0.5,23,4.0
goat,山羊,medium,0.3,4,8,legendary_or_better,0.029774999999999996,0.9,77,13.333333333333334
goat,山羊,medium,0.3,4,8,supreme,0.00299775,0.5,231,38.666666666666664
goat,山羊,medium,0.3,4,8,supreme,0.00299775,0.9,767,128.0
goat,山羊,medium,0.3,4,12,legendary_or_better,0.029774999999999996,0.5,23,6.0
goat,山羊,medium,0.3,4,12,legendary_or_better,0.029774999999999996,0.9,77,20.0
goat,山羊,medium,0.3,4,12,supreme,0.00299775,0.5,231,58.0
goat,山羊,medium,0.3,4,12,supreme,0.00299775,0.9,767,192.0
goat,山羊,medium,0.3,8,4,legendary_or_better,0.029774999999999996,0.5,23,2.0
goat,山羊,medium,0.3,8,4,legendary_or_better,0.029774999999999996,0.9,77,6.666666666666667
goat,山羊,medium,0.3,8,4,supreme,0.00299775,0.5,231,19.333333333333332
goat,山羊,medium,0.3,8,4,supreme,0.00299775,0.9,767,64.0
goat,山羊,medium,0.3,8,8,legendary_or_better,0.029774999999999996,0.5,23,2.0
goat,山羊,medium,0.3,8,8,legendary_or_better,0.029774999999999996,0.9,77,6.666666666666667
goat,山羊,medium,0.3,8,8,supreme,0.00299775,0.5,231,19.333333333333332
goat,山羊,medium,0.3,8,8,supreme,0.00299775,0.9,767,64.0
goat,山羊,medium,0.3,8,12,legendary_or_better,0.029774999999999996,0.5,23,3.0
goat,山羊,medium,0.3,8,12,legendary_or_better,0.029774999999999996,0.9,77,10.0
goat,山羊,medium,0.3,8,12,supreme,0.00299775,0.5,231,29.0
goat,山羊,medium,0.3,8,12,supreme,0.00299775,0.9,767,96.0
goat,山羊,medium,0.3,16,4,legendary_or_better,0.029774999999999996,0.5,23,1.3333333333333333
goat,山羊,medium,0.3,16,4,legendary_or_better,0.029774999999999996,0.9,77,3.3333333333333335
goat,山羊,medium,0.3,16,4,supreme,0.00299775,0.5,231,10.0
goat,山羊,medium,0.3,16,4,supreme,0.00299775,0.9,767,32.0
goat,山羊,medium,0.3,16,8,legendary_or_better,0.029774999999999996,0.5,23,1.3333333333333333
goat,山羊,medium,0.3,16,8,legendary_or_better,0.029774999999999996,0.9,77,3.3333333333333335
goat,山羊,medium,0.3,16,8,supreme,0.00299775,0.5,231,10.0
goat,山羊,medium,0.3,16,8,supreme,0.00299775,0.9,767,32.0
goat,山羊,medium,0.3,16,12,legendary_or_better,0.029774999999999996,0.5,23,2.0
goat,山羊,medium,0.3,16,12,legendary_or_better,0.029774999999999996,0.9,77,5.0
goat,山羊,medium,0.3,16,12,supreme,0.00299775,0.5,231,15.0
goat,山羊,medium,0.3,16,12,supreme,0.00299775,0.9,767,48.0
cow,奶牛,medium,0.1,4,4,legendary_or_better,0.009975000000000003,0.5,70,15.0
cow,奶牛,medium,0.1,4,4,legendary_or_better,0.009975000000000003,0.9,230,48.333333333333336
cow,奶牛,medium,0.1,4,4,supreme,0.0009997500000000002,0.5,693,145.0
cow,奶牛,medium,0.1,4,4,supreme,0.0009997500000000002,0.9,2303,480.0
cow,奶牛,medium,0.1,4,8,legendary_or_better,0.009975000000000003,0.5,70,18.0
cow,奶牛,medium,0.1,4,8,legendary_or_better,0.009975000000000003,0.9,230,58.0
cow,奶牛,medium,0.1,4,8,supreme,0.0009997500000000002,0.5,693,174.0
cow,奶牛,medium,0.1,4,8,supreme,0.0009997500000000002,0.9,2303,576.0
cow,奶牛,medium,0.1,4,12,legendary_or_better,0.009975000000000003,0.5,70,18.0
cow,奶牛,medium,0.1,4,12,legendary_or_better,0.009975000000000003,0.9,230,58.0
cow,奶牛,medium,0.1,4,12,supreme,0.0009997500000000002,0.5,693,174.0
cow,奶牛,medium,0.1,4,12,supreme,0.0009997500000000002,0.9,2303,576.0
cow,奶牛,medium,0.1,8,4,legendary_or_better,0.009975000000000003,0.5,70,7.5
cow,奶牛,medium,0.1,8,4,legendary_or_better,0.009975000000000003,0.9,230,24.166666666666668
cow,奶牛,medium,0.1,8,4,supreme,0.0009997500000000002,0.5,693,72.5
cow,奶牛,medium,0.1,8,4,supreme,0.0009997500000000002,0.9,2303,240.0
cow,奶牛,medium,0.1,8,8,legendary_or_better,0.009975000000000003,0.5,70,9.0
cow,奶牛,medium,0.1,8,8,legendary_or_better,0.009975000000000003,0.9,230,29.0
cow,奶牛,medium,0.1,8,8,supreme,0.0009997500000000002,0.5,693,87.0
cow,奶牛,medium,0.1,8,8,supreme,0.0009997500000000002,0.9,2303,288.0
cow,奶牛,medium,0.1,8,12,legendary_or_better,0.009975000000000003,0.5,70,9.0
cow,奶牛,medium,0.1,8,12,legendary_or_better,0.009975000000000003,0.9,230,29.0
cow,奶牛,medium,0.1,8,12,supreme,0.0009997500000000002,0.5,693,87.0
cow,奶牛,medium,0.1,8,12,supreme,0.0009997500000000002,0.9,2303,288.0
cow,奶牛,medium,0.1,16,4,legendary_or_better,0.009975000000000003,0.5,70,4.166666666666667
cow,奶牛,medium,0.1,16,4,legendary_or_better,0.009975000000000003,0.9,230,12.5
cow,奶牛,medium,0.1,16,4,supreme,0.0009997500000000002,0.5,693,36.666666666666664
cow,奶牛,medium,0.1,16,4,supreme,0.0009997500000000002,0.9,2303,120.0
cow,奶牛,medium,0.1,16,8,legendary_or_better,0.009975000000000003,0.5,70,5.0
cow,奶牛,medium,0.1,16,8,legendary_or_better,0.009975000000000003,0.9,230,15.0
cow,奶牛,medium,0.1,16,8,supreme,0.0009997500000000002,0.5,693,44.0
cow,奶牛,medium,0.1,16,8,supreme,0.0009997500000000002,0.9,2303,144.0
cow,奶牛,medium,0.1,16,12,legendary_or_better,0.009975000000000003,0.5,70,5.0
cow,奶牛,medium,0.1,16,12,legendary_or_better,0.009975000000000003,0.9,230,15.0
cow,奶牛,medium,0.1,16,12,supreme,0.0009997500000000002,0.5,693,44.0
cow,奶牛,medium,0.1,16,12,supreme,0.0009997500000000002,0.9,2303,144.0
cow,奶牛,medium,0.3,4,4,legendary_or_better,0.029774999999999996,0.5,23,5.0
cow,奶牛,medium,0.3,4,4,legendary_or_better,0.029774999999999996,0.9,77,16.666666666666668
cow,奶牛,medium,0.3,4,4,supreme,0.00299775,0.5,231,48.333333333333336
cow,奶牛,medium,0.3,4,4,supreme,0.00299775,0.9,767,160.0
cow,奶牛,medium,0.3,4,8,legendary_or_better,0.029774999999999996,0.5,23,6.0
cow,奶牛,medium,0.3,4,8,legendary_or_better,0.029774999999999996,0.9,77,20.0
cow,奶牛,medium,0.3,4,8,supreme,0.00299775,0.5,231,58.0
cow,奶牛,medium,0.3,4,8,supreme,0.00299775,0.9,767,192.0
cow,奶牛,medium,0.3,4,12,legendary_or_better,0.029774999999999996,0.5,23,6.0
cow,奶牛,medium,0.3,4,12,legendary_or_better,0.029774999999999996,0.9,77,20.0
cow,奶牛,medium,0.3,4,12,supreme,0.00299775,0.5,231,58.0
cow,奶牛,medium,0.3,4,12,supreme,0.00299775,0.9,767,192.0
cow,奶牛,medium,0.3,8,4,legendary_or_better,0.029774999999999996,0.5,23,2.5
cow,奶牛,medium,0.3,8,4,legendary_or_better,0.029774999999999996,0.9,77,8.333333333333334
cow,奶牛,medium,0.3,8,4,supreme,0.00299775,0.5,231,24.166666666666668
cow,奶牛,medium,0.3,8,4,supreme,0.00299775,0.9,767,80.0
cow,奶牛,medium,0.3,8,8,legendary_or_better,0.029774999999999996,0.5,23,3.0
cow,奶牛,medium,0.3,8,8,legendary_or_better,0.029774999999999996,0.9,77,10.0
cow,奶牛,medium,0.3,8,8,supreme,0.00299775,0.5,231,29.0
cow,奶牛,medium,0.3,8,8,supreme,0.00299775,0.9,767,96.0
cow,奶牛,medium,0.3,8,12,legendary_or_better,0.029774999999999996,0.5,23,3.0
cow,奶牛,medium,0.3,8,12,legendary_or_better,0.029774999999999996,0.9,77,10.0
cow,奶牛,medium,0.3,8,12,supreme,0.00299775,0.5,231,29.0
cow,奶牛,medium,0.3,8,12,supreme,0.00299775,0.9,767,96.0
cow,奶牛,medium,0.3,16,4,legendary_or_better,0.029774999999999996,0.5,23,1.6666666666666667
cow,奶牛,medium,0.3,16,4,legendary_or_better,0.029774999999999996,0.9,77,4.166666666666667
cow,奶牛,medium,0.3,16,4,supreme,0.00299775,0.5,231,12.5
cow,奶牛,medium,0.3,16,4,supreme,0.00299775,0.9,767,40.0
cow,奶牛,medium,0.3,16,8,legendary_or_better,0.029774999999999996,0.5,23,2.0
cow,奶牛,medium,0.3,16,8,legendary_or_better,0.029774999999999996,0.9,77,5.0
cow,奶牛,medium,0.3,16,8,supreme,0.00299775,0.5,231,15.0
cow,奶牛,medium,0.3,16,8,supreme,0.00299775,0.9,767,48.0
cow,奶牛,medium,0.3,16,12,legendary_or_better,0.029774999999999996,0.5,23,2.0
cow,奶牛,medium,0.3,16,12,legendary_or_better,0.029774999999999996,0.9,77,5.0
cow,奶牛,medium,0.3,16,12,supreme,0.00299775,0.5,231,15.0
cow,奶牛,medium,0.3,16,12,supreme,0.00299775,0.9,767,48.0
cat,橘猫,medium,0.1,4,4,legendary_or_better,0.009975000000000003,0.5,70,15.0
cat,橘猫,medium,0.1,4,4,legendary_or_better,0.009975000000000003,0.9,230,48.333333333333336
cat,橘猫,medium,0.1,4,4,supreme,0.0009997500000000002,0.5,693,145.0
cat,橘猫,medium,0.1,4,4,supreme,0.0009997500000000002,0.9,2303,480.0
cat,橘猫,medium,0.1,4,8,legendary_or_better,0.009975000000000003,0.5,70,18.0
cat,橘猫,medium,0.1,4,8,legendary_or_better,0.009975000000000003,0.9,230,58.0
cat,橘猫,medium,0.1,4,8,supreme,0.0009997500000000002,0.5,693,174.0
cat,橘猫,medium,0.1,4,8,supreme,0.0009997500000000002,0.9,2303,576.0
cat,橘猫,medium,0.1,4,12,legendary_or_better,0.009975000000000003,0.5,70,18.0
cat,橘猫,medium,0.1,4,12,legendary_or_better,0.009975000000000003,0.9,230,58.0
cat,橘猫,medium,0.1,4,12,supreme,0.0009997500000000002,0.5,693,174.0
cat,橘猫,medium,0.1,4,12,supreme,0.0009997500000000002,0.9,2303,576.0
cat,橘猫,medium,0.1,8,4,legendary_or_better,0.009975000000000003,0.5,70,7.5
cat,橘猫,medium,0.1,8,4,legendary_or_better,0.009975000000000003,0.9,230,24.166666666666668
cat,橘猫,medium,0.1,8,4,supreme,0.0009997500000000002,0.5,693,72.5
cat,橘猫,medium,0.1,8,4,supreme,0.0009997500000000002,0.9,2303,240.0
cat,橘猫,medium,0.1,8,8,legendary_or_better,0.009975000000000003,0.5,70,9.0
cat,橘猫,medium,0.1,8,8,legendary_or_better,0.009975000000000003,0.9,230,29.0
cat,橘猫,medium,0.1,8,8,supreme,0.0009997500000000002,0.5,693,87.0
cat,橘猫,medium,0.1,8,8,supreme,0.0009997500000000002,0.9,2303,288.0
cat,橘猫,medium,0.1,8,12,legendary_or_better,0.009975000000000003,0.5,70,9.0
cat,橘猫,medium,0.1,8,12,legendary_or_better,0.009975000000000003,0.9,230,29.0
cat,橘猫,medium,0.1,8,12,supreme,0.0009997500000000002,0.5,693,87.0
cat,橘猫,medium,0.1,8,12,supreme,0.0009997500000000002,0.9,2303,288.0
cat,橘猫,medium,0.1,16,4,legendary_or_better,0.009975000000000003,0.5,70,4.166666666666667
cat,橘猫,medium,0.1,16,4,legendary_or_better,0.009975000000000003,0.9,230,12.5
cat,橘猫,medium,0.1,16,4,supreme,0.0009997500000000002,0.5,693,36.666666666666664
cat,橘猫,medium,0.1,16,4,supreme,0.0009997500000000002,0.9,2303,120.0
cat,橘猫,medium,0.1,16,8,legendary_or_better,0.009975000000000003,0.5,70,5.0
cat,橘猫,medium,0.1,16,8,legendary_or_better,0.009975000000000003,0.9,230,15.0
cat,橘猫,medium,0.1,16,8,supreme,0.0009997500000000002,0.5,693,44.0
cat,橘猫,medium,0.1,16,8,supreme,0.0009997500000000002,0.9,2303,144.0
cat,橘猫,medium,0.1,16,12,legendary_or_better,0.009975000000000003,0.5,70,5.0
cat,橘猫,medium,0.1,16,12,legendary_or_better,0.009975000000000003,0.9,230,15.0
cat,橘猫,medium,0.1,16,12,supreme,0.0009997500000000002,0.5,693,44.0
cat,橘猫,medium,0.1,16,12,supreme,0.0009997500000000002,0.9,2303,144.0
cat,橘猫,medium,0.3,4,4,legendary_or_better,0.029774999999999996,0.5,23,5.0
cat,橘猫,medium,0.3,4,4,legendary_or_better,0.029774999999999996,0.9,77,16.666666666666668
cat,橘猫,medium,0.3,4,4,supreme,0.00299775,0.5,231,48.333333333333336
cat,橘猫,medium,0.3,4,4,supreme,0.00299775,0.9,767,160.0
cat,橘猫,medium,0.3,4,8,legendary_or_better,0.029774999999999996,0.5,23,6.0
cat,橘猫,medium,0.3,4,8,legendary_or_better,0.029774999999999996,0.9,77,20.0
cat,橘猫,medium,0.3,4,8,supreme,0.00299775,0.5,231,58.0
cat,橘猫,medium,0.3,4,8,supreme,0.00299775,0.9,767,192.0
cat,橘猫,medium,0.3,4,12,legendary_or_better,0.029774999999999996,0.5,23,6.0
cat,橘猫,medium,0.3,4,12,legendary_or_better,0.029774999999999996,0.9,77,20.0
cat,橘猫,medium,0.3,4,12,supreme,0.00299775,0.5,231,58.0
cat,橘猫,medium,0.3,4,12,supreme,0.00299775,0.9,767,192.0
cat,橘猫,medium,0.3,8,4,legendary_or_better,0.029774999999999996,0.5,23,2.5
cat,橘猫,medium,0.3,8,4,legendary_or_better,0.029774999999999996,0.9,77,8.333333333333334
cat,橘猫,medium,0.3,8,4,supreme,0.00299775,0.5,231,24.166666666666668
cat,橘猫,medium,0.3,8,4,supreme,0.00299775,0.9,767,80.0
cat,橘猫,medium,0.3,8,8,legendary_or_better,0.029774999999999996,0.5,23,3.0
cat,橘猫,medium,0.3,8,8,legendary_or_better,0.029774999999999996,0.9,77,10.0
cat,橘猫,medium,0.3,8,8,supreme,0.00299775,0.5,231,29.0
cat,橘猫,medium,0.3,8,8,supreme,0.00299775,0.9,767,96.0
cat,橘猫,medium,0.3,8,12,legendary_or_better,0.029774999999999996,0.5,23,3.0
cat,橘猫,medium,0.3,8,12,legendary_or_better,0.029774999999999996,0.9,77,10.0
cat,橘猫,medium,0.3,8,12,supreme,0.00299775,0.5,231,29.0
cat,橘猫,medium,0.3,8,12,supreme,0.00299775,0.9,767,96.0
cat,橘猫,medium,0.3,16,4,legendary_or_better,0.029774999999999996,0.5,23,1.6666666666666667
cat,橘猫,medium,0.3,16,4,legendary_or_better,0.029774999999999996,0.9,77,4.166666666666667
cat,橘猫,medium,0.3,16,4,supreme,0.00299775,0.5,231,12.5
cat,橘猫,medium,0.3,16,4,supreme,0.00299775,0.9,767,40.0
cat,橘猫,medium,0.3,16,8,legendary_or_better,0.029774999999999996,0.5,23,2.0
cat,橘猫,medium,0.3,16,8,legendary_or_better,0.029774999999999996,0.9,77,5.0
cat,橘猫,medium,0.3,16,8,supreme,0.00299775,0.5,231,15.0
cat,橘猫,medium,0.3,16,8,supreme,0.00299775,0.9,767,48.0
cat,橘猫,medium,0.3,16,12,legendary_or_better,0.029774999999999996,0.5,23,2.0
cat,橘猫,medium,0.3,16,12,legendary_or_better,0.029774999999999996,0.9,77,5.0
cat,橘猫,medium,0.3,16,12,supreme,0.00299775,0.5,231,15.0
cat,橘猫,medium,0.3,16,12,supreme,0.00299775,0.9,767,48.0
pig,小猪,long,0.1,4,4,legendary_or_better,0.015936000000000002,0.5,44,12.833333333333334
pig,小猪,long,0.1,4,4,legendary_or_better,0.015936000000000002,0.9,144,42.0
pig,小猪,long,0.1,4,4,supreme,0.001999,0.5,347,101.5
pig,小猪,long,0.1,4,4,supreme,0.001999,0.9,1151,336.0
pig,小猪,long,0.1,4,8,legendary_or_better,0.015936000000000002,0.5,44,14.666666666666666
pig,小猪,long,0.1,4,8,legendary_or_better,0.015936000000000002,0.9,144,48.0
pig,小猪,long,0.1,4,8,supreme,0.001999,0.5,347,116.0
pig,小猪,long,0.1,4,8,supreme,0.001999,0.9,1151,384.0
pig,小猪,long,0.1,4,12,legendary_or_better,0.015936000000000002,0.5,44,16.5
pig,小猪,long,0.1,4,12,legendary_or_better,0.015936000000000002,0.9,144,54.0
pig,小猪,long,0.1,4,12,supreme,0.001999,0.5,347,130.5
pig,小猪,long,0.1,4,12,supreme,0.001999,0.9,1151,432.0
pig,小猪,long,0.1,8,4,legendary_or_better,0.015936000000000002,0.5,44,7.0
pig,小猪,long,0.1,8,4,legendary_or_better,0.015936000000000002,0.9,144,21.0
pig,小猪,long,0.1,8,4,supreme,0.001999,0.5,347,51.333333333333336
pig,小猪,long,0.1,8,4,supreme,0.001999,0.9,1151,168.0
pig,小猪,long,0.1,8,8,legendary_or_better,0.015936000000000002,0.5,44,8.0
pig,小猪,long,0.1,8,8,legendary_or_better,0.015936000000000002,0.9,144,24.0
pig,小猪,long,0.1,8,8,supreme,0.001999,0.5,347,58.666666666666664
pig,小猪,long,0.1,8,8,supreme,0.001999,0.9,1151,192.0
pig,小猪,long,0.1,8,12,legendary_or_better,0.015936000000000002,0.5,44,9.0
pig,小猪,long,0.1,8,12,legendary_or_better,0.015936000000000002,0.9,144,27.0
pig,小猪,long,0.1,8,12,supreme,0.001999,0.5,347,66.0
pig,小猪,long,0.1,8,12,supreme,0.001999,0.9,1151,216.0
pig,小猪,long,0.1,16,4,legendary_or_better,0.015936000000000002,0.5,44,3.5
pig,小猪,long,0.1,16,4,legendary_or_better,0.015936000000000002,0.9,144,10.5
pig,小猪,long,0.1,16,4,supreme,0.001999,0.5,347,25.666666666666668
pig,小猪,long,0.1,16,4,supreme,0.001999,0.9,1151,84.0
pig,小猪,long,0.1,16,8,legendary_or_better,0.015936000000000002,0.5,44,4.0
pig,小猪,long,0.1,16,8,legendary_or_better,0.015936000000000002,0.9,144,12.0
pig,小猪,long,0.1,16,8,supreme,0.001999,0.5,347,29.333333333333332
pig,小猪,long,0.1,16,8,supreme,0.001999,0.9,1151,96.0
pig,小猪,long,0.1,16,12,legendary_or_better,0.015936000000000002,0.5,44,4.5
pig,小猪,long,0.1,16,12,legendary_or_better,0.015936000000000002,0.9,144,13.5
pig,小猪,long,0.1,16,12,supreme,0.001999,0.5,347,33.0
pig,小猪,long,0.1,16,12,supreme,0.001999,0.9,1151,108.0
pig,小猪,long,0.3,4,4,legendary_or_better,0.04742400000000001,0.5,15,4.666666666666667
pig,小猪,long,0.3,4,4,legendary_or_better,0.04742400000000001,0.9,48,14.0
pig,小猪,long,0.3,4,4,supreme,0.005991,0.5,116,33.833333333333336
pig,小猪,long,0.3,4,4,supreme,0.005991,0.9,384,112.0
pig,小猪,long,0.3,4,8,legendary_or_better,0.04742400000000001,0.5,15,5.333333333333333
pig,小猪,long,0.3,4,8,legendary_or_better,0.04742400000000001,0.9,48,16.0
pig,小猪,long,0.3,4,8,supreme,0.005991,0.5,116,38.666666666666664
pig,小猪,long,0.3,4,8,supreme,0.005991,0.9,384,128.0
pig,小猪,long,0.3,4,12,legendary_or_better,0.04742400000000001,0.5,15,6.0
pig,小猪,long,0.3,4,12,legendary_or_better,0.04742400000000001,0.9,48,18.0
pig,小猪,long,0.3,4,12,supreme,0.005991,0.5,116,43.5
pig,小猪,long,0.3,4,12,supreme,0.005991,0.9,384,144.0
pig,小猪,long,0.3,8,4,legendary_or_better,0.04742400000000001,0.5,15,2.3333333333333335
pig,小猪,long,0.3,8,4,legendary_or_better,0.04742400000000001,0.9,48,7.0
pig,小猪,long,0.3,8,4,supreme,0.005991,0.5,116,17.5
pig,小猪,long,0.3,8,4,supreme,0.005991,0.9,384,56.0
pig,小猪,long,0.3,8,8,legendary_or_better,0.04742400000000001,0.5,15,2.6666666666666665
pig,小猪,long,0.3,8,8,legendary_or_better,0.04742400000000001,0.9,48,8.0
pig,小猪,long,0.3,8,8,supreme,0.005991,0.5,116,20.0
pig,小猪,long,0.3,8,8,supreme,0.005991,0.9,384,64.0
pig,小猪,long,0.3,8,12,legendary_or_better,0.04742400000000001,0.5,15,3.0
pig,小猪,long,0.3,8,12,legendary_or_better,0.04742400000000001,0.9,48,9.0
pig,小猪,long,0.3,8,12,supreme,0.005991,0.5,116,22.5
pig,小猪,long,0.3,8,12,supreme,0.005991,0.9,384,72.0
pig,小猪,long,0.3,16,4,legendary_or_better,0.04742400000000001,0.5,15,1.1666666666666667
pig,小猪,long,0.3,16,4,legendary_or_better,0.04742400000000001,0.9,48,3.5
pig,小猪,long,0.3,16,4,supreme,0.005991,0.5,116,9.333333333333334
pig,小猪,long,0.3,16,4,supreme,0.005991,0.9,384,28.0
pig,小猪,long,0.3,16,8,legendary_or_better,0.04742400000000001,0.5,15,1.3333333333333333
pig,小猪,long,0.3,16,8,legendary_or_better,0.04742400000000001,0.9,48,4.0
pig,小猪,long,0.3,16,8,supreme,0.005991,0.5,116,10.666666666666666
pig,小猪,long,0.3,16,8,supreme,0.005991,0.9,384,32.0
pig,小猪,long,0.3,16,12,legendary_or_better,0.04742400000000001,0.5,15,1.5
pig,小猪,long,0.3,16,12,legendary_or_better,0.04742400000000001,0.9,48,4.5
pig,小猪,long,0.3,16,12,supreme,0.005991,0.5,116,12.0
pig,小猪,long,0.3,16,12,supreme,0.005991,0.9,384,36.0
parrot,鹦鹉,medium,0.1,4,4,legendary_or_better,0.009975000000000003,0.5,70,15.0
parrot,鹦鹉,medium,0.1,4,4,legendary_or_better,0.009975000000000003,0.9,230,48.333333333333336
parrot,鹦鹉,medium,0.1,4,4,supreme,0.0009997500000000002,0.5,693,145.0
parrot,鹦鹉,medium,0.1,4,4,supreme,0.0009997500000000002,0.9,2303,480.0
parrot,鹦鹉,medium,0.1,4,8,legendary_or_better,0.009975000000000003,0.5,70,18.0
parrot,鹦鹉,medium,0.1,4,8,legendary_or_better,0.009975000000000003,0.9,230,58.0
parrot,鹦鹉,medium,0.1,4,8,supreme,0.0009997500000000002,0.5,693,174.0
parrot,鹦鹉,medium,0.1,4,8,supreme,0.0009997500000000002,0.9,2303,576.0
parrot,鹦鹉,medium,0.1,4,12,legendary_or_better,0.009975000000000003,0.5,70,18.0
parrot,鹦鹉,medium,0.1,4,12,legendary_or_better,0.009975000000000003,0.9,230,58.0
parrot,鹦鹉,medium,0.1,4,12,supreme,0.0009997500000000002,0.5,693,174.0
parrot,鹦鹉,medium,0.1,4,12,supreme,0.0009997500000000002,0.9,2303,576.0
parrot,鹦鹉,medium,0.1,8,4,legendary_or_better,0.009975000000000003,0.5,70,7.5
parrot,鹦鹉,medium,0.1,8,4,legendary_or_better,0.009975000000000003,0.9,230,24.166666666666668
parrot,鹦鹉,medium,0.1,8,4,supreme,0.0009997500000000002,0.5,693,72.5
parrot,鹦鹉,medium,0.1,8,4,supreme,0.0009997500000000002,0.9,2303,240.0
parrot,鹦鹉,medium,0.1,8,8,legendary_or_better,0.009975000000000003,0.5,70,9.0
parrot,鹦鹉,medium,0.1,8,8,legendary_or_better,0.009975000000000003,0.9,230,29.0
parrot,鹦鹉,medium,0.1,8,8,supreme,0.0009997500000000002,0.5,693,87.0
parrot,鹦鹉,medium,0.1,8,8,supreme,0.0009997500000000002,0.9,2303,288.0
parrot,鹦鹉,medium,0.1,8,12,legendary_or_better,0.009975000000000003,0.5,70,9.0
parrot,鹦鹉,medium,0.1,8,12,legendary_or_better,0.009975000000000003,0.9,230,29.0
parrot,鹦鹉,medium,0.1,8,12,supreme,0.0009997500000000002,0.5,693,87.0
parrot,鹦鹉,medium,0.1,8,12,supreme,0.0009997500000000002,0.9,2303,288.0
parrot,鹦鹉,medium,0.1,16,4,legendary_or_better,0.009975000000000003,0.5,70,4.166666666666667
parrot,鹦鹉,medium,0.1,16,4,legendary_or_better,0.009975000000000003,0.9,230,12.5
parrot,鹦鹉,medium,0.1,16,4,supreme,0.0009997500000000002,0.5,693,36.666666666666664
parrot,鹦鹉,medium,0.1,16,4,supreme,0.0009997500000000002,0.9,2303,120.0
parrot,鹦鹉,medium,0.1,16,8,legendary_or_better,0.009975000000000003,0.5,70,5.0
parrot,鹦鹉,medium,0.1,16,8,legendary_or_better,0.009975000000000003,0.9,230,15.0
parrot,鹦鹉,medium,0.1,16,8,supreme,0.0009997500000000002,0.5,693,44.0
parrot,鹦鹉,medium,0.1,16,8,supreme,0.0009997500000000002,0.9,2303,144.0
parrot,鹦鹉,medium,0.1,16,12,legendary_or_better,0.009975000000000003,0.5,70,5.0
parrot,鹦鹉,medium,0.1,16,12,legendary_or_better,0.009975000000000003,0.9,230,15.0
parrot,鹦鹉,medium,0.1,16,12,supreme,0.0009997500000000002,0.5,693,44.0
parrot,鹦鹉,medium,0.1,16,12,supreme,0.0009997500000000002,0.9,2303,144.0
parrot,鹦鹉,medium,0.3,4,4,legendary_or_better,0.029774999999999996,0.5,23,5.0
parrot,鹦鹉,medium,0.3,4,4,legendary_or_better,0.029774999999999996,0.9,77,16.666666666666668
parrot,鹦鹉,medium,0.3,4,4,supreme,0.00299775,0.5,231,48.333333333333336
parrot,鹦鹉,medium,0.3,4,4,supreme,0.00299775,0.9,767,160.0
parrot,鹦鹉,medium,0.3,4,8,legendary_or_better,0.029774999999999996,0.5,23,6.0
parrot,鹦鹉,medium,0.3,4,8,legendary_or_better,0.029774999999999996,0.9,77,20.0
parrot,鹦鹉,medium,0.3,4,8,supreme,0.00299775,0.5,231,58.0
parrot,鹦鹉,medium,0.3,4,8,supreme,0.00299775,0.9,767,192.0
parrot,鹦鹉,medium,0.3,4,12,legendary_or_better,0.029774999999999996,0.5,23,6.0
parrot,鹦鹉,medium,0.3,4,12,legendary_or_better,0.029774999999999996,0.9,77,20.0
parrot,鹦鹉,medium,0.3,4,12,supreme,0.00299775,0.5,231,58.0
parrot,鹦鹉,medium,0.3,4,12,supreme,0.00299775,0.9,767,192.0
parrot,鹦鹉,medium,0.3,8,4,legendary_or_better,0.029774999999999996,0.5,23,2.5
parrot,鹦鹉,medium,0.3,8,4,legendary_or_better,0.029774999999999996,0.9,77,8.333333333333334
parrot,鹦鹉,medium,0.3,8,4,supreme,0.00299775,0.5,231,24.166666666666668
parrot,鹦鹉,medium,0.3,8,4,supreme,0.00299775,0.9,767,80.0
parrot,鹦鹉,medium,0.3,8,8,legendary_or_better,0.029774999999999996,0.5,23,3.0
parrot,鹦鹉,medium,0.3,8,8,legendary_or_better,0.029774999999999996,0.9,77,10.0
parrot,鹦鹉,medium,0.3,8,8,supreme,0.00299775,0.5,231,29.0
parrot,鹦鹉,medium,0.3,8,8,supreme,0.00299775,0.9,767,96.0
parrot,鹦鹉,medium,0.3,8,12,legendary_or_better,0.029774999999999996,0.5,23,3.0
parrot,鹦鹉,medium,0.3,8,12,legendary_or_better,0.029774999999999996,0.9,77,10.0
parrot,鹦鹉,medium,0.3,8,12,supreme,0.00299775,0.5,231,29.0
parrot,鹦鹉,medium,0.3,8,12,supreme,0.00299775,0.9,767,96.0
parrot,鹦鹉,medium,0.3,16,4,legendary_or_better,0.029774999999999996,0.5,23,1.6666666666666667
parrot,鹦鹉,medium,0.3,16,4,legendary_or_better,0.029774999999999996,0.9,77,4.166666666666667
parrot,鹦鹉,medium,0.3,16,4,supreme,0.00299775,0.5,231,12.5
parrot,鹦鹉,medium,0.3,16,4,supreme,0.00299775,0.9,767,40.0
parrot,鹦鹉,medium,0.3,16,8,legendary_or_better,0.029774999999999996,0.5,23,2.0
parrot,鹦鹉,medium,0.3,16,8,legendary_or_better,0.029774999999999996,0.9,77,5.0
parrot,鹦鹉,medium,0.3,16,8,supreme,0.00299775,0.5,231,15.0
parrot,鹦鹉,medium,0.3,16,8,supreme,0.00299775,0.9,767,48.0
parrot,鹦鹉,medium,0.3,16,12,legendary_or_better,0.029774999999999996,0.5,23,2.0
parrot,鹦鹉,medium,0.3,16,12,legendary_or_better,0.029774999999999996,0.9,77,5.0
parrot,鹦鹉,medium,0.3,16,12,supreme,0.00299775,0.5,231,15.0
parrot,鹦鹉,medium,0.3,16,12,supreme,0.00299775,0.9,767,48.0
turtle,小乌龟,long,0.1,4,4,legendary_or_better,0.015936000000000002,0.5,44,12.833333333333334
turtle,小乌龟,long,0.1,4,4,legendary_or_better,0.015936000000000002,0.9,144,42.0
turtle,小乌龟,long,0.1,4,4,supreme,0.001999,0.5,347,101.5
turtle,小乌龟,long,0.1,4,4,supreme,0.001999,0.9,1151,336.0
turtle,小乌龟,long,0.1,4,8,legendary_or_better,0.015936000000000002,0.5,44,14.666666666666666
turtle,小乌龟,long,0.1,4,8,legendary_or_better,0.015936000000000002,0.9,144,48.0
turtle,小乌龟,long,0.1,4,8,supreme,0.001999,0.5,347,116.0
turtle,小乌龟,long,0.1,4,8,supreme,0.001999,0.9,1151,384.0
turtle,小乌龟,long,0.1,4,12,legendary_or_better,0.015936000000000002,0.5,44,16.5
turtle,小乌龟,long,0.1,4,12,legendary_or_better,0.015936000000000002,0.9,144,54.0
turtle,小乌龟,long,0.1,4,12,supreme,0.001999,0.5,347,130.5
turtle,小乌龟,long,0.1,4,12,supreme,0.001999,0.9,1151,432.0
turtle,小乌龟,long,0.1,8,4,legendary_or_better,0.015936000000000002,0.5,44,7.0
turtle,小乌龟,long,0.1,8,4,legendary_or_better,0.015936000000000002,0.9,144,21.0
turtle,小乌龟,long,0.1,8,4,supreme,0.001999,0.5,347,51.333333333333336
turtle,小乌龟,long,0.1,8,4,supreme,0.001999,0.9,1151,168.0
turtle,小乌龟,long,0.1,8,8,legendary_or_better,0.015936000000000002,0.5,44,8.0
turtle,小乌龟,long,0.1,8,8,legendary_or_better,0.015936000000000002,0.9,144,24.0
turtle,小乌龟,long,0.1,8,8,supreme,0.001999,0.5,347,58.666666666666664
turtle,小乌龟,long,0.1,8,8,supreme,0.001999,0.9,1151,192.0
turtle,小乌龟,long,0.1,8,12,legendary_or_better,0.015936000000000002,0.5,44,9.0
turtle,小乌龟,long,0.1,8,12,legendary_or_better,0.015936000000000002,0.9,144,27.0
turtle,小乌龟,long,0.1,8,12,supreme,0.001999,0.5,347,66.0
turtle,小乌龟,long,0.1,8,12,supreme,0.001999,0.9,1151,216.0
turtle,小乌龟,long,0.1,16,4,legendary_or_better,0.015936000000000002,0.5,44,3.5
turtle,小乌龟,long,0.1,16,4,legendary_or_better,0.015936000000000002,0.9,144,10.5
turtle,小乌龟,long,0.1,16,4,supreme,0.001999,0.5,347,25.666666666666668
turtle,小乌龟,long,0.1,16,4,supreme,0.001999,0.9,1151,84.0
turtle,小乌龟,long,0.1,16,8,legendary_or_better,0.015936000000000002,0.5,44,4.0
turtle,小乌龟,long,0.1,16,8,legendary_or_better,0.015936000000000002,0.9,144,12.0
turtle,小乌龟,long,0.1,16,8,supreme,0.001999,0.5,347,29.333333333333332
turtle,小乌龟,long,0.1,16,8,supreme,0.001999,0.9,1151,96.0
turtle,小乌龟,long,0.1,16,12,legendary_or_better,0.015936000000000002,0.5,44,4.5
turtle,小乌龟,long,0.1,16,12,legendary_or_better,0.015936000000000002,0.9,144,13.5
turtle,小乌龟,long,0.1,16,12,supreme,0.001999,0.5,347,33.0
turtle,小乌龟,long,0.1,16,12,supreme,0.001999,0.9,1151,108.0
turtle,小乌龟,long,0.3,4,4,legendary_or_better,0.04742400000000001,0.5,15,4.666666666666667
turtle,小乌龟,long,0.3,4,4,legendary_or_better,0.04742400000000001,0.9,48,14.0
turtle,小乌龟,long,0.3,4,4,supreme,0.005991,0.5,116,33.833333333333336
turtle,小乌龟,long,0.3,4,4,supreme,0.005991,0.9,384,112.0
turtle,小乌龟,long,0.3,4,8,legendary_or_better,0.04742400000000001,0.5,15,5.333333333333333
turtle,小乌龟,long,0.3,4,8,legendary_or_better,0.04742400000000001,0.9,48,16.0
turtle,小乌龟,long,0.3,4,8,supreme,0.005991,0.5,116,38.666666666666664
turtle,小乌龟,long,0.3,4,8,supreme,0.005991,0.9,384,128.0
turtle,小乌龟,long,0.3,4,12,legendary_or_better,0.04742400000000001,0.5,15,6.0
turtle,小乌龟,long,0.3,4,12,legendary_or_better,0.04742400000000001,0.9,48,18.0
turtle,小乌龟,long,0.3,4,12,supreme,0.005991,0.5,116,43.5
turtle,小乌龟,long,0.3,4,12,supreme,0.005991,0.9,384,144.0
turtle,小乌龟,long,0.3,8,4,legendary_or_better,0.04742400000000001,0.5,15,2.3333333333333335
turtle,小乌龟,long,0.3,8,4,legendary_or_better,0.04742400000000001,0.9,48,7.0
turtle,小乌龟,long,0.3,8,4,supreme,0.005991,0.5,116,17.5
turtle,小乌龟,long,0.3,8,4,supreme,0.005991,0.9,384,56.0
turtle,小乌龟,long,0.3,8,8,legendary_or_better,0.04742400000000001,0.5,15,2.6666666666666665
turtle,小乌龟,long,0.3,8,8,legendary_or_better,0.04742400000000001,0.9,48,8.0
turtle,小乌龟,long,0.3,8,8,supreme,0.005991,0.5,116,20.0
turtle,小乌龟,long,0.3,8,8,supreme,0.005991,0.9,384,64.0
turtle,小乌龟,long,0.3,8,12,legendary_or_better,0.04742400000000001,0.5,15,3.0
turtle,小乌龟,long,0.3,8,12,legendary_or_better,0.04742400000000001,0.9,48,9.0
turtle,小乌龟,long,0.3,8,12,supreme,0.005991,0.5,116,22.5
turtle,小乌龟,long,0.3,8,12,supreme,0.005991,0.9,384,72.0
turtle,小乌龟,long,0.3,16,4,legendary_or_better,0.04742400000000001,0.5,15,1.1666666666666667
turtle,小乌龟,long,0.3,16,4,legendary_or_better,0.04742400000000001,0.9,48,3.5
turtle,小乌龟,long,0.3,16,4,supreme,0.005991,0.5,116,9.333333333333334
turtle,小乌龟,long,0.3,16,4,supreme,0.005991,0.9,384,28.0
turtle,小乌龟,long,0.3,16,8,legendary_or_better,0.04742400000000001,0.5,15,1.3333333333333333
turtle,小乌龟,long,0.3,16,8,legendary_or_better,0.04742400000000001,0.9,48,4.0
turtle,小乌龟,long,0.3,16,8,supreme,0.005991,0.5,116,10.666666666666666
turtle,小乌龟,long,0.3,16,8,supreme,0.005991,0.9,384,32.0
turtle,小乌龟,long,0.3,16,12,legendary_or_better,0.04742400000000001,0.5,15,1.5
turtle,小乌龟,long,0.3,16,12,legendary_or_better,0.04742400000000001,0.9,48,4.5
turtle,小乌龟,long,0.3,16,12,supreme,0.005991,0.5,116,12.0
turtle,小乌龟,long,0.3,16,12,supreme,0.005991,0.9,384,36.0
horse,小马,long,0.1,4,4,legendary_or_better,0.015936000000000002,0.5,44,16.5
horse,小马,long,0.1,4,4,legendary_or_better,0.015936000000000002,0.9,144,54.0
horse,小马,long,0.1,4,4,supreme,0.001999,0.5,347,130.5
horse,小马,long,0.1,4,4,supreme,0.001999,0.9,1151,432.0
horse,小马,long,0.1,4,8,legendary_or_better,0.015936000000000002,0.5,44,18.333333333333332
horse,小马,long,0.1,4,8,legendary_or_better,0.015936000000000002,0.9,144,60.0
horse,小马,long,0.1,4,8,supreme,0.001999,0.5,347,145.0
horse,小马,long,0.1,4,8,supreme,0.001999,0.9,1151,480.0
horse,小马,long,0.1,4,12,legendary_or_better,0.015936000000000002,0.5,44,16.5
horse,小马,long,0.1,4,12,legendary_or_better,0.015936000000000002,0.9,144,54.0
horse,小马,long,0.1,4,12,supreme,0.001999,0.5,347,130.5
horse,小马,long,0.1,4,12,supreme,0.001999,0.9,1151,432.0
horse,小马,long,0.1,8,4,legendary_or_better,0.015936000000000002,0.5,44,9.0
horse,小马,long,0.1,8,4,legendary_or_better,0.015936000000000002,0.9,144,27.0
horse,小马,long,0.1,8,4,supreme,0.001999,0.5,347,66.0
horse,小马,long,0.1,8,4,supreme,0.001999,0.9,1151,216.0
horse,小马,long,0.1,8,8,legendary_or_better,0.015936000000000002,0.5,44,10.0
horse,小马,long,0.1,8,8,legendary_or_better,0.015936000000000002,0.9,144,30.0
horse,小马,long,0.1,8,8,supreme,0.001999,0.5,347,73.33333333333333
horse,小马,long,0.1,8,8,supreme,0.001999,0.9,1151,240.0
horse,小马,long,0.1,8,12,legendary_or_better,0.015936000000000002,0.5,44,9.0
horse,小马,long,0.1,8,12,legendary_or_better,0.015936000000000002,0.9,144,27.0
horse,小马,long,0.1,8,12,supreme,0.001999,0.5,347,66.0
horse,小马,long,0.1,8,12,supreme,0.001999,0.9,1151,216.0
horse,小马,long,0.1,16,4,legendary_or_better,0.015936000000000002,0.5,44,4.5
horse,小马,long,0.1,16,4,legendary_or_better,0.015936000000000002,0.9,144,13.5
horse,小马,long,0.1,16,4,supreme,0.001999,0.5,347,33.0
horse,小马,long,0.1,16,4,supreme,0.001999,0.9,1151,108.0
horse,小马,long,0.1,16,8,legendary_or_better,0.015936000000000002,0.5,44,5.0
horse,小马,long,0.1,16,8,legendary_or_better,0.015936000000000002,0.9,144,15.0
horse,小马,long,0.1,16,8,supreme,0.001999,0.5,347,36.666666666666664
horse,小马,long,0.1,16,8,supreme,0.001999,0.9,1151,120.0
horse,小马,long,0.1,16,12,legendary_or_better,0.015936000000000002,0.5,44,4.5
horse,小马,long,0.1,16,12,legendary_or_better,0.015936000000000002,0.9,144,13.5
horse,小马,long,0.1,16,12,supreme,0.001999,0.5,347,33.0
horse,小马,long,0.1,16,12,supreme,0.001999,0.9,1151,108.0
horse,小马,long,0.3,4,4,legendary_or_better,0.04742400000000001,0.5,15,6.0
horse,小马,long,0.3,4,4,legendary_or_better,0.04742400000000001,0.9,48,18.0
horse,小马,long,0.3,4,4,supreme,0.005991,0.5,116,43.5
horse,小马,long,0.3,4,4,supreme,0.005991,0.9,384,144.0
horse,小马,long,0.3,4,8,legendary_or_better,0.04742400000000001,0.5,15,6.666666666666667
horse,小马,long,0.3,4,8,legendary_or_better,0.04742400000000001,0.9,48,20.0
horse,小马,long,0.3,4,8,supreme,0.005991,0.5,116,48.333333333333336
horse,小马,long,0.3,4,8,supreme,0.005991,0.9,384,160.0
horse,小马,long,0.3,4,12,legendary_or_better,0.04742400000000001,0.5,15,6.0
horse,小马,long,0.3,4,12,legendary_or_better,0.04742400000000001,0.9,48,18.0
horse,小马,long,0.3,4,12,supreme,0.005991,0.5,116,43.5
horse,小马,long,0.3,4,12,supreme,0.005991,0.9,384,144.0
horse,小马,long,0.3,8,4,legendary_or_better,0.04742400000000001,0.5,15,3.0
horse,小马,long,0.3,8,4,legendary_or_better,0.04742400000000001,0.9,48,9.0
horse,小马,long,0.3,8,4,supreme,0.005991,0.5,116,22.5
horse,小马,long,0.3,8,4,supreme,0.005991,0.9,384,72.0
horse,小马,long,0.3,8,8,legendary_or_better,0.04742400000000001,0.5,15,3.3333333333333335
horse,小马,long,0.3,8,8,legendary_or_better,0.04742400000000001,0.9,48,10.0
horse,小马,long,0.3,8,8,supreme,0.005991,0.5,116,25.0
horse,小马,long,0.3,8,8,supreme,0.005991,0.9,384,80.0
horse,小马,long,0.3,8,12,legendary_or_better,0.04742400000000001,0.5,15,3.0
horse,小马,long,0.3,8,12,legendary_or_better,0.04742400000000001,0.9,48,9.0
horse,小马,long,0.3,8,12,supreme,0.005991,0.5,116,22.5
horse,小马,long,0.3,8,12,supreme,0.005991,0.9,384,72.0
horse,小马,long,0.3,16,4,legendary_or_better,0.04742400000000001,0.5,15,1.5
horse,小马,long,0.3,16,4,legendary_or_better,0.04742400000000001,0.9,48,4.5
horse,小马,long,0.3,16,4,supreme,0.005991,0.5,116,12.0
horse,小马,long,0.3,16,4,supreme,0.005991,0.9,384,36.0
horse,小马,long,0.3,16,8,legendary_or_better,0.04742400000000001,0.5,15,1.6666666666666667
horse,小马,long,0.3,16,8,legendary_or_better,0.04742400000000001,0.9,48,5.0
horse,小马,long,0.3,16,8,supreme,0.005991,0.5,116,13.333333333333334
horse,小马,long,0.3,16,8,supreme,0.005991,0.9,384,40.0
horse,小马,long,0.3,16,12,legendary_or_better,0.04742400000000001,0.5,15,1.5
horse,小马,long,0.3,16,12,legendary_or_better,0.04742400000000001,0.9,48,4.5
horse,小马,long,0.3,16,12,supreme,0.005991,0.5,116,12.0
horse,小马,long,0.3,16,12,supreme,0.005991,0.9,384,36.0
frog,青蛙,long,0.1,4,4,legendary_or_better,0.015936000000000002,0.5,44,12.833333333333334
frog,青蛙,long,0.1,4,4,legendary_or_better,0.015936000000000002,0.9,144,42.0
frog,青蛙,long,0.1,4,4,supreme,0.001999,0.5,347,101.5
frog,青蛙,long,0.1,4,4,supreme,0.001999,0.9,1151,336.0
frog,青蛙,long,0.1,4,8,legendary_or_better,0.015936000000000002,0.5,44,14.666666666666666
frog,青蛙,long,0.1,4,8,legendary_or_better,0.015936000000000002,0.9,144,48.0
frog,青蛙,long,0.1,4,8,supreme,0.001999,0.5,347,116.0
frog,青蛙,long,0.1,4,8,supreme,0.001999,0.9,1151,384.0
frog,青蛙,long,0.1,4,12,legendary_or_better,0.015936000000000002,0.5,44,16.5
frog,青蛙,long,0.1,4,12,legendary_or_better,0.015936000000000002,0.9,144,54.0
frog,青蛙,long,0.1,4,12,supreme,0.001999,0.5,347,130.5
frog,青蛙,long,0.1,4,12,supreme,0.001999,0.9,1151,432.0
frog,青蛙,long,0.1,8,4,legendary_or_better,0.015936000000000002,0.5,44,7.0
frog,青蛙,long,0.1,8,4,legendary_or_better,0.015936000000000002,0.9,144,21.0
frog,青蛙,long,0.1,8,4,supreme,0.001999,0.5,347,51.333333333333336
frog,青蛙,long,0.1,8,4,supreme,0.001999,0.9,1151,168.0
frog,青蛙,long,0.1,8,8,legendary_or_better,0.015936000000000002,0.5,44,8.0
frog,青蛙,long,0.1,8,8,legendary_or_better,0.015936000000000002,0.9,144,24.0
frog,青蛙,long,0.1,8,8,supreme,0.001999,0.5,347,58.666666666666664
frog,青蛙,long,0.1,8,8,supreme,0.001999,0.9,1151,192.0
frog,青蛙,long,0.1,8,12,legendary_or_better,0.015936000000000002,0.5,44,9.0
frog,青蛙,long,0.1,8,12,legendary_or_better,0.015936000000000002,0.9,144,27.0
frog,青蛙,long,0.1,8,12,supreme,0.001999,0.5,347,66.0
frog,青蛙,long,0.1,8,12,supreme,0.001999,0.9,1151,216.0
frog,青蛙,long,0.1,16,4,legendary_or_better,0.015936000000000002,0.5,44,3.5
frog,青蛙,long,0.1,16,4,legendary_or_better,0.015936000000000002,0.9,144,10.5
frog,青蛙,long,0.1,16,4,supreme,0.001999,0.5,347,25.666666666666668
frog,青蛙,long,0.1,16,4,supreme,0.001999,0.9,1151,84.0
frog,青蛙,long,0.1,16,8,legendary_or_better,0.015936000000000002,0.5,44,4.0
frog,青蛙,long,0.1,16,8,legendary_or_better,0.015936000000000002,0.9,144,12.0
frog,青蛙,long,0.1,16,8,supreme,0.001999,0.5,347,29.333333333333332
frog,青蛙,long,0.1,16,8,supreme,0.001999,0.9,1151,96.0
frog,青蛙,long,0.1,16,12,legendary_or_better,0.015936000000000002,0.5,44,4.5
frog,青蛙,long,0.1,16,12,legendary_or_better,0.015936000000000002,0.9,144,13.5
frog,青蛙,long,0.1,16,12,supreme,0.001999,0.5,347,33.0
frog,青蛙,long,0.1,16,12,supreme,0.001999,0.9,1151,108.0
frog,青蛙,long,0.3,4,4,legendary_or_better,0.04742400000000001,0.5,15,4.666666666666667
frog,青蛙,long,0.3,4,4,legendary_or_better,0.04742400000000001,0.9,48,14.0
frog,青蛙,long,0.3,4,4,supreme,0.005991,0.5,116,33.833333333333336
frog,青蛙,long,0.3,4,4,supreme,0.005991,0.9,384,112.0
frog,青蛙,long,0.3,4,8,legendary_or_better,0.04742400000000001,0.5,15,5.333333333333333
frog,青蛙,long,0.3,4,8,legendary_or_better,0.04742400000000001,0.9,48,16.0
frog,青蛙,long,0.3,4,8,supreme,0.005991,0.5,116,38.666666666666664
frog,青蛙,long,0.3,4,8,supreme,0.005991,0.9,384,128.0
frog,青蛙,long,0.3,4,12,legendary_or_better,0.04742400000000001,0.5,15,6.0
frog,青蛙,long,0.3,4,12,legendary_or_better,0.04742400000000001,0.9,48,18.0
frog,青蛙,long,0.3,4,12,supreme,0.005991,0.5,116,43.5
frog,青蛙,long,0.3,4,12,supreme,0.005991,0.9,384,144.0
frog,青蛙,long,0.3,8,4,legendary_or_better,0.04742400000000001,0.5,15,2.3333333333333335
frog,青蛙,long,0.3,8,4,legendary_or_better,0.04742400000000001,0.9,48,7.0
frog,青蛙,long,0.3,8,4,supreme,0.005991,0.5,116,17.5
frog,青蛙,long,0.3,8,4,supreme,0.005991,0.9,384,56.0
frog,青蛙,long,0.3,8,8,legendary_or_better,0.04742400000000001,0.5,15,2.6666666666666665
frog,青蛙,long,0.3,8,8,legendary_or_better,0.04742400000000001,0.9,48,8.0
frog,青蛙,long,0.3,8,8,supreme,0.005991,0.5,116,20.0
frog,青蛙,long,0.3,8,8,supreme,0.005991,0.9,384,64.0
frog,青蛙,long,0.3,8,12,legendary_or_better,0.04742400000000001,0.5,15,3.0
frog,青蛙,long,0.3,8,12,legendary_or_better,0.04742400000000001,0.9,48,9.0
frog,青蛙,long,0.3,8,12,supreme,0.005991,0.5,116,22.5
frog,青蛙,long,0.3,8,12,supreme,0.005991,0.9,384,72.0
frog,青蛙,long,0.3,16,4,legendary_or_better,0.04742400000000001,0.5,15,1.1666666666666667
frog,青蛙,long,0.3,16,4,legendary_or_better,0.04742400000000001,0.9,48,3.5
frog,青蛙,long,0.3,16,4,supreme,0.005991,0.5,116,9.333333333333334
frog,青蛙,long,0.3,16,4,supreme,0.005991,0.9,384,28.0
frog,青蛙,long,0.3,16,8,legendary_or_better,0.04742400000000001,0.5,15,1.3333333333333333
frog,青蛙,long,0.3,16,8,legendary_or_better,0.04742400000000001,0.9,48,4.0
frog,青蛙,long,0.3,16,8,supreme,0.005991,0.5,116,10.666666666666666
frog,青蛙,long,0.3,16,8,supreme,0.005991,0.9,384,32.0
frog,青蛙,long,0.3,16,12,legendary_or_better,0.04742400000000001,0.5,15,1.5
frog,青蛙,long,0.3,16,12,legendary_or_better,0.04742400000000001,0.9,48,4.5
frog,青蛙,long,0.3,16,12,supreme,0.005991,0.5,116,12.0
frog,青蛙,long,0.3,16,12,supreme,0.005991,0.9,384,36.0
peacock,孔雀,long,0.1,4,4,legendary_or_better,0.015936000000000002,0.5,44,16.5
peacock,孔雀,long,0.1,4,4,legendary_or_better,0.015936000000000002,0.9,144,54.0
peacock,孔雀,long,0.1,4,4,supreme,0.001999,0.5,347,130.5
peacock,孔雀,long,0.1,4,4,supreme,0.001999,0.9,1151,432.0
peacock,孔雀,long,0.1,4,8,legendary_or_better,0.015936000000000002,0.5,44,18.333333333333332
peacock,孔雀,long,0.1,4,8,legendary_or_better,0.015936000000000002,0.9,144,60.0
peacock,孔雀,long,0.1,4,8,supreme,0.001999,0.5,347,145.0
peacock,孔雀,long,0.1,4,8,supreme,0.001999,0.9,1151,480.0
peacock,孔雀,long,0.1,4,12,legendary_or_better,0.015936000000000002,0.5,44,16.5
peacock,孔雀,long,0.1,4,12,legendary_or_better,0.015936000000000002,0.9,144,54.0
peacock,孔雀,long,0.1,4,12,supreme,0.001999,0.5,347,130.5
peacock,孔雀,long,0.1,4,12,supreme,0.001999,0.9,1151,432.0
peacock,孔雀,long,0.1,8,4,legendary_or_better,0.015936000000000002,0.5,44,9.0
peacock,孔雀,long,0.1,8,4,legendary_or_better,0.015936000000000002,0.9,144,27.0
peacock,孔雀,long,0.1,8,4,supreme,0.001999,0.5,347,66.0
peacock,孔雀,long,0.1,8,4,supreme,0.001999,0.9,1151,216.0
peacock,孔雀,long,0.1,8,8,legendary_or_better,0.015936000000000002,0.5,44,10.0
peacock,孔雀,long,0.1,8,8,legendary_or_better,0.015936000000000002,0.9,144,30.0
peacock,孔雀,long,0.1,8,8,supreme,0.001999,0.5,347,73.33333333333333
peacock,孔雀,long,0.1,8,8,supreme,0.001999,0.9,1151,240.0
peacock,孔雀,long,0.1,8,12,legendary_or_better,0.015936000000000002,0.5,44,9.0
peacock,孔雀,long,0.1,8,12,legendary_or_better,0.015936000000000002,0.9,144,27.0
peacock,孔雀,long,0.1,8,12,supreme,0.001999,0.5,347,66.0
peacock,孔雀,long,0.1,8,12,supreme,0.001999,0.9,1151,216.0
peacock,孔雀,long,0.1,16,4,legendary_or_better,0.015936000000000002,0.5,44,4.5
peacock,孔雀,long,0.1,16,4,legendary_or_better,0.015936000000000002,0.9,144,13.5
peacock,孔雀,long,0.1,16,4,supreme,0.001999,0.5,347,33.0
peacock,孔雀,long,0.1,16,4,supreme,0.001999,0.9,1151,108.0
peacock,孔雀,long,0.1,16,8,legendary_or_better,0.015936000000000002,0.5,44,5.0
peacock,孔雀,long,0.1,16,8,legendary_or_better,0.015936000000000002,0.9,144,15.0
peacock,孔雀,long,0.1,16,8,supreme,0.001999,0.5,347,36.666666666666664
peacock,孔雀,long,0.1,16,8,supreme,0.001999,0.9,1151,120.0
peacock,孔雀,long,0.1,16,12,legendary_or_better,0.015936000000000002,0.5,44,4.5
peacock,孔雀,long,0.1,16,12,legendary_or_better,0.015936000000000002,0.9,144,13.5
peacock,孔雀,long,0.1,16,12,supreme,0.001999,0.5,347,33.0
peacock,孔雀,long,0.1,16,12,supreme,0.001999,0.9,1151,108.0
peacock,孔雀,long,0.3,4,4,legendary_or_better,0.04742400000000001,0.5,15,6.0
peacock,孔雀,long,0.3,4,4,legendary_or_better,0.04742400000000001,0.9,48,18.0
peacock,孔雀,long,0.3,4,4,supreme,0.005991,0.5,116,43.5
peacock,孔雀,long,0.3,4,4,supreme,0.005991,0.9,384,144.0
peacock,孔雀,long,0.3,4,8,legendary_or_better,0.04742400000000001,0.5,15,6.666666666666667
peacock,孔雀,long,0.3,4,8,legendary_or_better,0.04742400000000001,0.9,48,20.0
peacock,孔雀,long,0.3,4,8,supreme,0.005991,0.5,116,48.333333333333336
peacock,孔雀,long,0.3,4,8,supreme,0.005991,0.9,384,160.0
peacock,孔雀,long,0.3,4,12,legendary_or_better,0.04742400000000001,0.5,15,6.0
peacock,孔雀,long,0.3,4,12,legendary_or_better,0.04742400000000001,0.9,48,18.0
peacock,孔雀,long,0.3,4,12,supreme,0.005991,0.5,116,43.5
peacock,孔雀,long,0.3,4,12,supreme,0.005991,0.9,384,144.0
peacock,孔雀,long,0.3,8,4,legendary_or_better,0.04742400000000001,0.5,15,3.0
peacock,孔雀,long,0.3,8,4,legendary_or_better,0.04742400000000001,0.9,48,9.0
peacock,孔雀,long,0.3,8,4,supreme,0.005991,0.5,116,22.5
peacock,孔雀,long,0.3,8,4,supreme,0.005991,0.9,384,72.0
peacock,孔雀,long,0.3,8,8,legendary_or_better,0.04742400000000001,0.5,15,3.3333333333333335
peacock,孔雀,long,0.3,8,8,legendary_or_better,0.04742400000000001,0.9,48,10.0
peacock,孔雀,long,0.3,8,8,supreme,0.005991,0.5,116,25.0
peacock,孔雀,long,0.3,8,8,supreme,0.005991,0.9,384,80.0
peacock,孔雀,long,0.3,8,12,legendary_or_better,0.04742400000000001,0.5,15,3.0
peacock,孔雀,long,0.3,8,12,legendary_or_better,0.04742400000000001,0.9,48,9.0
peacock,孔雀,long,0.3,8,12,supreme,0.005991,0.5,116,22.5
peacock,孔雀,long,0.3,8,12,supreme,0.005991,0.9,384,72.0
peacock,孔雀,long,0.3,16,4,legendary_or_better,0.04742400000000001,0.5,15,1.5
peacock,孔雀,long,0.3,16,4,legendary_or_better,0.04742400000000001,0.9,48,4.5
peacock,孔雀,long,0.3,16,4,supreme,0.005991,0.5,116,12.0
peacock,孔雀,long,0.3,16,4,supreme,0.005991,0.9,384,36.0
peacock,孔雀,long,0.3,16,8,legendary_or_better,0.04742400000000001,0.5,15,1.6666666666666667
peacock,孔雀,long,0.3,16,8,legendary_or_better,0.04742400000000001,0.9,48,5.0
peacock,孔雀,long,0.3,16,8,supreme,0.005991,0.5,116,13.333333333333334
peacock,孔雀,long,0.3,16,8,supreme,0.005991,0.9,384,40.0
peacock,孔雀,long,0.3,16,12,legendary_or_better,0.04742400000000001,0.5,15,1.5
peacock,孔雀,long,0.3,16,12,legendary_or_better,0.04742400000000001,0.9,48,4.5
peacock,孔雀,long,0.3,16,12,supreme,0.005991,0.5,116,12.0
peacock,孔雀,long,0.3,16,12,supreme,0.005991,0.9,384,36.0
fox,小狐狸,long,0.1,4,4,legendary_or_better,0.015936000000000002,0.5,44,16.5
fox,小狐狸,long,0.1,4,4,legendary_or_better,0.015936000000000002,0.9,144,54.0
fox,小狐狸,long,0.1,4,4,supreme,0.001999,0.5,347,130.5
fox,小狐狸,long,0.1,4,4,supreme,0.001999,0.9,1151,432.0
fox,小狐狸,long,0.1,4,8,legendary_or_better,0.015936000000000002,0.5,44,18.333333333333332
fox,小狐狸,long,0.1,4,8,legendary_or_better,0.015936000000000002,0.9,144,60.0
fox,小狐狸,long,0.1,4,8,supreme,0.001999,0.5,347,145.0
fox,小狐狸,long,0.1,4,8,supreme,0.001999,0.9,1151,480.0
fox,小狐狸,long,0.1,4,12,legendary_or_better,0.015936000000000002,0.5,44,16.5
fox,小狐狸,long,0.1,4,12,legendary_or_better,0.015936000000000002,0.9,144,54.0
fox,小狐狸,long,0.1,4,12,supreme,0.001999,0.5,347,130.5
fox,小狐狸,long,0.1,4,12,supreme,0.001999,0.9,1151,432.0
fox,小狐狸,long,0.1,8,4,legendary_or_better,0.015936000000000002,0.5,44,9.0
fox,小狐狸,long,0.1,8,4,legendary_or_better,0.015936000000000002,0.9,144,27.0
fox,小狐狸,long,0.1,8,4,supreme,0.001999,0.5,347,66.0
fox,小狐狸,long,0.1,8,4,supreme,0.001999,0.9,1151,216.0
fox,小狐狸,long,0.1,8,8,legendary_or_better,0.015936000000000002,0.5,44,10.0
fox,小狐狸,long,0.1,8,8,legendary_or_better,0.015936000000000002,0.9,144,30.0
fox,小狐狸,long,0.1,8,8,supreme,0.001999,0.5,347,73.33333333333333
fox,小狐狸,long,0.1,8,8,supreme,0.001999,0.9,1151,240.0
fox,小狐狸,long,0.1,8,12,legendary_or_better,0.015936000000000002,0.5,44,9.0
fox,小狐狸,long,0.1,8,12,legendary_or_better,0.015936000000000002,0.9,144,27.0
fox,小狐狸,long,0.1,8,12,supreme,0.001999,0.5,347,66.0
fox,小狐狸,long,0.1,8,12,supreme,0.001999,0.9,1151,216.0
fox,小狐狸,long,0.1,16,4,legendary_or_better,0.015936000000000002,0.5,44,4.5
fox,小狐狸,long,0.1,16,4,legendary_or_better,0.015936000000000002,0.9,144,13.5
fox,小狐狸,long,0.1,16,4,supreme,0.001999,0.5,347,33.0
fox,小狐狸,long,0.1,16,4,supreme,0.001999,0.9,1151,108.0
fox,小狐狸,long,0.1,16,8,legendary_or_better,0.015936000000000002,0.5,44,5.0
fox,小狐狸,long,0.1,16,8,legendary_or_better,0.015936000000000002,0.9,144,15.0
fox,小狐狸,long,0.1,16,8,supreme,0.001999,0.5,347,36.666666666666664
fox,小狐狸,long,0.1,16,8,supreme,0.001999,0.9,1151,120.0
fox,小狐狸,long,0.1,16,12,legendary_or_better,0.015936000000000002,0.5,44,4.5
fox,小狐狸,long,0.1,16,12,legendary_or_better,0.015936000000000002,0.9,144,13.5
fox,小狐狸,long,0.1,16,12,supreme,0.001999,0.5,347,33.0
fox,小狐狸,long,0.1,16,12,supreme,0.001999,0.9,1151,108.0
fox,小狐狸,long,0.3,4,4,legendary_or_better,0.04742400000000001,0.5,15,6.0
fox,小狐狸,long,0.3,4,4,legendary_or_better,0.04742400000000001,0.9,48,18.0
fox,小狐狸,long,0.3,4,4,supreme,0.005991,0.5,116,43.5
fox,小狐狸,long,0.3,4,4,supreme,0.005991,0.9,384,144.0
fox,小狐狸,long,0.3,4,8,legendary_or_better,0.04742400000000001,0.5,15,6.666666666666667
fox,小狐狸,long,0.3,4,8,legendary_or_better,0.04742400000000001,0.9,48,20.0
fox,小狐狸,long,0.3,4,8,supreme,0.005991,0.5,116,48.333333333333336
fox,小狐狸,long,0.3,4,8,supreme,0.005991,0.9,384,160.0
fox,小狐狸,long,0.3,4,12,legendary_or_better,0.04742400000000001,0.5,15,6.0
fox,小狐狸,long,0.3,4,12,legendary_or_better,0.04742400000000001,0.9,48,18.0
fox,小狐狸,long,0.3,4,12,supreme,0.005991,0.5,116,43.5
fox,小狐狸,long,0.3,4,12,supreme,0.005991,0.9,384,144.0
fox,小狐狸,long,0.3,8,4,legendary_or_better,0.04742400000000001,0.5,15,3.0
fox,小狐狸,long,0.3,8,4,legendary_or_better,0.04742400000000001,0.9,48,9.0
fox,小狐狸,long,0.3,8,4,supreme,0.005991,0.5,116,22.5
fox,小狐狸,long,0.3,8,4,supreme,0.005991,0.9,384,72.0
fox,小狐狸,long,0.3,8,8,legendary_or_better,0.04742400000000001,0.5,15,3.3333333333333335
fox,小狐狸,long,0.3,8,8,legendary_or_better,0.04742400000000001,0.9,48,10.0
fox,小狐狸,long,0.3,8,8,supreme,0.005991,0.5,116,25.0
fox,小狐狸,long,0.3,8,8,supreme,0.005991,0.9,384,80.0
fox,小狐狸,long,0.3,8,12,legendary_or_better,0.04742400000000001,0.5,15,3.0
fox,小狐狸,long,0.3,8,12,legendary_or_better,0.04742400000000001,0.9,48,9.0
fox,小狐狸,long,0.3,8,12,supreme,0.005991,0.5,116,22.5
fox,小狐狸,long,0.3,8,12,supreme,0.005991,0.9,384,72.0
fox,小狐狸,long,0.3,16,4,legendary_or_better,0.04742400000000001,0.5,15,1.5
fox,小狐狸,long,0.3,16,4,legendary_or_better,0.04742400000000001,0.9,48,4.5
fox,小狐狸,long,0.3,16,4,supreme,0.005991,0.5,116,12.0
fox,小狐狸,long,0.3,16,4,supreme,0.005991,0.9,384,36.0
fox,小狐狸,long,0.3,16,8,legendary_or_better,0.04742400000000001,0.5,15,1.6666666666666667
fox,小狐狸,long,0.3,16,8,legendary_or_better,0.04742400000000001,0.9,48,5.0
fox,小狐狸,long,0.3,16,8,supreme,0.005991,0.5,116,13.333333333333334
fox,小狐狸,long,0.3,16,8,supreme,0.005991,0.9,384,40.0
fox,小狐狸,long,0.3,16,12,legendary_or_better,0.04742400000000001,0.5,15,1.5
fox,小狐狸,long,0.3,16,12,legendary_or_better,0.04742400000000001,0.9,48,4.5
fox,小狐狸,long,0.3,16,12,supreme,0.005991,0.5,116,12.0
fox,小狐狸,long,0.3,16,12,supreme,0.005991,0.9,384,36.0
alpaca,羊驼,long,0.1,4,4,legendary_or_better,0.015936000000000002,0.5,44,23.833333333333332
alpaca,羊驼,long,0.1,4,4,legendary_or_better,0.015936000000000002,0.9,144,78.0
alpaca,羊驼,long,0.1,4,4,supreme,0.001999,0.5,347,188.5
alpaca,羊驼,long,0.1,4,4,supreme,0.001999,0.9,1151,624.0
alpaca,羊驼,long,0.1,4,8,legendary_or_better,0.015936000000000002,0.5,44,25.666666666666668
alpaca,羊驼,long,0.1,4,8,legendary_or_better,0.015936000000000002,0.9,144,84.0
alpaca,羊驼,long,0.1,4,8,supreme,0.001999,0.5,347,203.0
alpaca,羊驼,long,0.1,4,8,supreme,0.001999,0.9,1151,672.0
alpaca,羊驼,long,0.1,4,12,legendary_or_better,0.015936000000000002,0.5,44,27.5
alpaca,羊驼,long,0.1,4,12,legendary_or_better,0.015936000000000002,0.9,144,90.0
alpaca,羊驼,long,0.1,4,12,supreme,0.001999,0.5,347,217.5
alpaca,羊驼,long,0.1,4,12,supreme,0.001999,0.9,1151,720.0
alpaca,羊驼,long,0.1,8,4,legendary_or_better,0.015936000000000002,0.5,44,13.0
alpaca,羊驼,long,0.1,8,4,legendary_or_better,0.015936000000000002,0.9,144,39.0
alpaca,羊驼,long,0.1,8,4,supreme,0.001999,0.5,347,95.33333333333333
alpaca,羊驼,long,0.1,8,4,supreme,0.001999,0.9,1151,312.0
alpaca,羊驼,long,0.1,8,8,legendary_or_better,0.015936000000000002,0.5,44,14.0
alpaca,羊驼,long,0.1,8,8,legendary_or_better,0.015936000000000002,0.9,144,42.0
alpaca,羊驼,long,0.1,8,8,supreme,0.001999,0.5,347,102.66666666666667
alpaca,羊驼,long,0.1,8,8,supreme,0.001999,0.9,1151,336.0
alpaca,羊驼,long,0.1,8,12,legendary_or_better,0.015936000000000002,0.5,44,15.0
alpaca,羊驼,long,0.1,8,12,legendary_or_better,0.015936000000000002,0.9,144,45.0
alpaca,羊驼,long,0.1,8,12,supreme,0.001999,0.5,347,110.0
alpaca,羊驼,long,0.1,8,12,supreme,0.001999,0.9,1151,360.0
alpaca,羊驼,long,0.1,16,4,legendary_or_better,0.015936000000000002,0.5,44,6.5
alpaca,羊驼,long,0.1,16,4,legendary_or_better,0.015936000000000002,0.9,144,19.5
alpaca,羊驼,long,0.1,16,4,supreme,0.001999,0.5,347,47.666666666666664
alpaca,羊驼,long,0.1,16,4,supreme,0.001999,0.9,1151,156.0
alpaca,羊驼,long,0.1,16,8,legendary_or_better,0.015936000000000002,0.5,44,7.0
alpaca,羊驼,long,0.1,16,8,legendary_or_better,0.015936000000000002,0.9,144,21.0
alpaca,羊驼,long,0.1,16,8,supreme,0.001999,0.5,347,51.333333333333336
alpaca,羊驼,long,0.1,16,8,supreme,0.001999,0.9,1151,168.0
alpaca,羊驼,long,0.1,16,12,legendary_or_better,0.015936000000000002,0.5,44,7.5
alpaca,羊驼,long,0.1,16,12,legendary_or_better,0.015936000000000002,0.9,144,22.5
alpaca,羊驼,long,0.1,16,12,supreme,0.001999,0.5,347,55.0
alpaca,羊驼,long,0.1,16,12,supreme,0.001999,0.9,1151,180.0
alpaca,羊驼,long,0.3,4,4,legendary_or_better,0.04742400000000001,0.5,15,8.666666666666666
alpaca,羊驼,long,0.3,4,4,legendary_or_better,0.04742400000000001,0.9,48,26.0
alpaca,羊驼,long,0.3,4,4,supreme,0.005991,0.5,116,62.833333333333336
alpaca,羊驼,long,0.3,4,4,supreme,0.005991,0.9,384,208.0
alpaca,羊驼,long,0.3,4,8,legendary_or_better,0.04742400000000001,0.5,15,9.333333333333334
alpaca,羊驼,long,0.3,4,8,legendary_or_better,0.04742400000000001,0.9,48,28.0
alpaca,羊驼,long,0.3,4,8,supreme,0.005991,0.5,116,67.66666666666667
alpaca,羊驼,long,0.3,4,8,supreme,0.005991,0.9,384,224.0
alpaca,羊驼,long,0.3,4,12,legendary_or_better,0.04742400000000001,0.5,15,10.0
alpaca,羊驼,long,0.3,4,12,legendary_or_better,0.04742400000000001,0.9,48,30.0
alpaca,羊驼,long,0.3,4,12,supreme,0.005991,0.5,116,72.5
alpaca,羊驼,long,0.3,4,12,supreme,0.005991,0.9,384,240.0
alpaca,羊驼,long,0.3,8,4,legendary_or_better,0.04742400000000001,0.5,15,4.333333333333333
alpaca,羊驼,long,0.3,8,4,legendary_or_better,0.04742400000000001,0.9,48,13.0
alpaca,羊驼,long,0.3,8,4,supreme,0.005991,0.5,116,32.5
alpaca,羊驼,long,0.3,8,4,supreme,0.005991,0.9,384,104.0
alpaca,羊驼,long,0.3,8,8,legendary_or_better,0.04742400000000001,0.5,15,4.666666666666667
alpaca,羊驼,long,0.3,8,8,legendary_or_better,0.04742400000000001,0.9,48,14.0
alpaca,羊驼,long,0.3,8,8,supreme,0.005991,0.5,116,35.0
alpaca,羊驼,long,0.3,8,8,supreme,0.005991,0.9,384,112.0
alpaca,羊驼,long,0.3,8,12,legendary_or_better,0.04742400000000001,0.5,15,5.0
alpaca,羊驼,long,0.3,8,12,legendary_or_better,0.04742400000000001,0.9,48,15.0
alpaca,羊驼,long,0.3,8,12,supreme,0.005991,0.5,116,37.5
alpaca,羊驼,long,0.3,8,12,supreme,0.005991,0.9,384,120.0
alpaca,羊驼,long,0.3,16,4,legendary_or_better,0.04742400000000001,0.5,15,2.1666666666666665
alpaca,羊驼,long,0.3,16,4,legendary_or_better,0.04742400000000001,0.9,48,6.5
alpaca,羊驼,long,0.3,16,4,supreme,0.005991,0.5,116,17.333333333333332
alpaca,羊驼,long,0.3,16,4,supreme,0.005991,0.9,384,52.0
alpaca,羊驼,long,0.3,16,8,legendary_or_better,0.04742400000000001,0.5,15,2.3333333333333335
alpaca,羊驼,long,0.3,16,8,legendary_or_better,0.04742400000000001,0.9,48,7.0
alpaca,羊驼,long,0.3,16,8,supreme,0.005991,0.5,116,18.666666666666668
alpaca,羊驼,long,0.3,16,8,supreme,0.005991,0.9,384,56.0
alpaca,羊驼,long,0.3,16,12,legendary_or_better,0.04742400000000001,0.5,15,2.5
alpaca,羊驼,long,0.3,16,12,legendary_or_better,0.04742400000000001,0.9,48,7.5
alpaca,羊驼,long,0.3,16,12,supreme,0.005991,0.5,116,20.0
alpaca,羊驼,long,0.3,16,12,supreme,0.005991,0.9,384,60.0
hedgehog,刺猬,long,0.1,4,4,legendary_or_better,0.015936000000000002,0.5,44,16.5
hedgehog,刺猬,long,0.1,4,4,legendary_or_better,0.015936000000000002,0.9,144,54.0
hedgehog,刺猬,long,0.1,4,4,supreme,0.001999,0.5,347,130.5
hedgehog,刺猬,long,0.1,4,4,supreme,0.001999,0.9,1151,432.0
hedgehog,刺猬,long,0.1,4,8,legendary_or_better,0.015936000000000002,0.5,44,18.333333333333332
hedgehog,刺猬,long,0.1,4,8,legendary_or_better,0.015936000000000002,0.9,144,60.0
hedgehog,刺猬,long,0.1,4,8,supreme,0.001999,0.5,347,145.0
hedgehog,刺猬,long,0.1,4,8,supreme,0.001999,0.9,1151,480.0
hedgehog,刺猬,long,0.1,4,12,legendary_or_better,0.015936000000000002,0.5,44,16.5
hedgehog,刺猬,long,0.1,4,12,legendary_or_better,0.015936000000000002,0.9,144,54.0
hedgehog,刺猬,long,0.1,4,12,supreme,0.001999,0.5,347,130.5
hedgehog,刺猬,long,0.1,4,12,supreme,0.001999,0.9,1151,432.0
hedgehog,刺猬,long,0.1,8,4,legendary_or_better,0.015936000000000002,0.5,44,9.0
hedgehog,刺猬,long,0.1,8,4,legendary_or_better,0.015936000000000002,0.9,144,27.0
hedgehog,刺猬,long,0.1,8,4,supreme,0.001999,0.5,347,66.0
hedgehog,刺猬,long,0.1,8,4,supreme,0.001999,0.9,1151,216.0
hedgehog,刺猬,long,0.1,8,8,legendary_or_better,0.015936000000000002,0.5,44,10.0
hedgehog,刺猬,long,0.1,8,8,legendary_or_better,0.015936000000000002,0.9,144,30.0
hedgehog,刺猬,long,0.1,8,8,supreme,0.001999,0.5,347,73.33333333333333
hedgehog,刺猬,long,0.1,8,8,supreme,0.001999,0.9,1151,240.0
hedgehog,刺猬,long,0.1,8,12,legendary_or_better,0.015936000000000002,0.5,44,9.0
hedgehog,刺猬,long,0.1,8,12,legendary_or_better,0.015936000000000002,0.9,144,27.0
hedgehog,刺猬,long,0.1,8,12,supreme,0.001999,0.5,347,66.0
hedgehog,刺猬,long,0.1,8,12,supreme,0.001999,0.9,1151,216.0
hedgehog,刺猬,long,0.1,16,4,legendary_or_better,0.015936000000000002,0.5,44,4.5
hedgehog,刺猬,long,0.1,16,4,legendary_or_better,0.015936000000000002,0.9,144,13.5
hedgehog,刺猬,long,0.1,16,4,supreme,0.001999,0.5,347,33.0
hedgehog,刺猬,long,0.1,16,4,supreme,0.001999,0.9,1151,108.0
hedgehog,刺猬,long,0.1,16,8,legendary_or_better,0.015936000000000002,0.5,44,5.0
hedgehog,刺猬,long,0.1,16,8,legendary_or_better,0.015936000000000002,0.9,144,15.0
hedgehog,刺猬,long,0.1,16,8,supreme,0.001999,0.5,347,36.666666666666664
hedgehog,刺猬,long,0.1,16,8,supreme,0.001999,0.9,1151,120.0
hedgehog,刺猬,long,0.1,16,12,legendary_or_better,0.015936000000000002,0.5,44,4.5
hedgehog,刺猬,long,0.1,16,12,legendary_or_better,0.015936000000000002,0.9,144,13.5
hedgehog,刺猬,long,0.1,16,12,supreme,0.001999,0.5,347,33.0
hedgehog,刺猬,long,0.1,16,12,supreme,0.001999,0.9,1151,108.0
hedgehog,刺猬,long,0.3,4,4,legendary_or_better,0.04742400000000001,0.5,15,6.0
hedgehog,刺猬,long,0.3,4,4,legendary_or_better,0.04742400000000001,0.9,48,18.0
hedgehog,刺猬,long,0.3,4,4,supreme,0.005991,0.5,116,43.5
hedgehog,刺猬,long,0.3,4,4,supreme,0.005991,0.9,384,144.0
hedgehog,刺猬,long,0.3,4,8,legendary_or_better,0.04742400000000001,0.5,15,6.666666666666667
hedgehog,刺猬,long,0.3,4,8,legendary_or_better,0.04742400000000001,0.9,48,20.0
hedgehog,刺猬,long,0.3,4,8,supreme,0.005991,0.5,116,48.333333333333336
hedgehog,刺猬,long,0.3,4,8,supreme,0.005991,0.9,384,160.0
hedgehog,刺猬,long,0.3,4,12,legendary_or_better,0.04742400000000001,0.5,15,6.0
hedgehog,刺猬,long,0.3,4,12,legendary_or_better,0.04742400000000001,0.9,48,18.0
hedgehog,刺猬,long,0.3,4,12,supreme,0.005991,0.5,116,43.5
hedgehog,刺猬,long,0.3,4,12,supreme,0.005991,0.9,384,144.0
hedgehog,刺猬,long,0.3,8,4,legendary_or_better,0.04742400000000001,0.5,15,3.0
hedgehog,刺猬,long,0.3,8,4,legendary_or_better,0.04742400000000001,0.9,48,9.0
hedgehog,刺猬,long,0.3,8,4,supreme,0.005991,0.5,116,22.5
hedgehog,刺猬,long,0.3,8,4,supreme,0.005991,0.9,384,72.0
hedgehog,刺猬,long,0.3,8,8,legendary_or_better,0.04742400000000001,0.5,15,3.3333333333333335
hedgehog,刺猬,long,0.3,8,8,legendary_or_better,0.04742400000000001,0.9,48,10.0
hedgehog,刺猬,long,0.3,8,8,supreme,0.005991,0.5,116,25.0
hedgehog,刺猬,long,0.3,8,8,supreme,0.005991,0.9,384,80.0
hedgehog,刺猬,long,0.3,8,12,legendary_or_better,0.04742400000000001,0.5,15,3.0
hedgehog,刺猬,long,0.3,8,12,legendary_or_better,0.04742400000000001,0.9,48,9.0
hedgehog,刺猬,long,0.3,8,12,supreme,0.005991,0.5,116,22.5
hedgehog,刺猬,long,0.3,8,12,supreme,0.005991,0.9,384,72.0
hedgehog,刺猬,long,0.3,16,4,legendary_or_better,0.04742400000000001,0.5,15,1.5
hedgehog,刺猬,long,0.3,16,4,legendary_or_better,0.04742400000000001,0.9,48,4.5
hedgehog,刺猬,long,0.3,16,4,supreme,0.005991,0.5,116,12.0
hedgehog,刺猬,long,0.3,16,4,supreme,0.005991,0.9,384,36.0
hedgehog,刺猬,long,0.3,16,8,legendary_or_better,0.04742400000000001,0.5,15,1.6666666666666667
hedgehog,刺猬,long,0.3,16,8,legendary_or_better,0.04742400000000001,0.9,48,5.0
hedgehog,刺猬,long,0.3,16,8,supreme,0.005991,0.5,116,13.333333333333334
hedgehog,刺猬,long,0.3,16,8,supreme,0.005991,0.9,384,40.0
hedgehog,刺猬,long,0.3,16,12,legendary_or_better,0.04742400000000001,0.5,15,1.5
hedgehog,刺猬,long,0.3,16,12,legendary_or_better,0.04742400000000001,0.9,48,4.5
hedgehog,刺猬,long,0.3,16,12,supreme,0.005991,0.5,116,12.0
hedgehog,刺猬,long,0.3,16,12,supreme,0.005991,0.9,384,36.0
deer,梅花鹿,long,0.1,4,4,legendary_or_better,0.015936000000000002,0.5,44,23.833333333333332
deer,梅花鹿,long,0.1,4,4,legendary_or_better,0.015936000000000002,0.9,144,78.0
deer,梅花鹿,long,0.1,4,4,supreme,0.001999,0.5,347,188.5
deer,梅花鹿,long,0.1,4,4,supreme,0.001999,0.9,1151,624.0
deer,梅花鹿,long,0.1,4,8,legendary_or_better,0.015936000000000002,0.5,44,25.666666666666668
deer,梅花鹿,long,0.1,4,8,legendary_or_better,0.015936000000000002,0.9,144,84.0
deer,梅花鹿,long,0.1,4,8,supreme,0.001999,0.5,347,203.0
deer,梅花鹿,long,0.1,4,8,supreme,0.001999,0.9,1151,672.0
deer,梅花鹿,long,0.1,4,12,legendary_or_better,0.015936000000000002,0.5,44,27.5
deer,梅花鹿,long,0.1,4,12,legendary_or_better,0.015936000000000002,0.9,144,90.0
deer,梅花鹿,long,0.1,4,12,supreme,0.001999,0.5,347,217.5
deer,梅花鹿,long,0.1,4,12,supreme,0.001999,0.9,1151,720.0
deer,梅花鹿,long,0.1,8,4,legendary_or_better,0.015936000000000002,0.5,44,13.0
deer,梅花鹿,long,0.1,8,4,legendary_or_better,0.015936000000000002,0.9,144,39.0
deer,梅花鹿,long,0.1,8,4,supreme,0.001999,0.5,347,95.33333333333333
deer,梅花鹿,long,0.1,8,4,supreme,0.001999,0.9,1151,312.0
deer,梅花鹿,long,0.1,8,8,legendary_or_better,0.015936000000000002,0.5,44,14.0
deer,梅花鹿,long,0.1,8,8,legendary_or_better,0.015936000000000002,0.9,144,42.0
deer,梅花鹿,long,0.1,8,8,supreme,0.001999,0.5,347,102.66666666666667
deer,梅花鹿,long,0.1,8,8,supreme,0.001999,0.9,1151,336.0
deer,梅花鹿,long,0.1,8,12,legendary_or_better,0.015936000000000002,0.5,44,15.0
deer,梅花鹿,long,0.1,8,12,legendary_or_better,0.015936000000000002,0.9,144,45.0
deer,梅花鹿,long,0.1,8,12,supreme,0.001999,0.5,347,110.0
deer,梅花鹿,long,0.1,8,12,supreme,0.001999,0.9,1151,360.0
deer,梅花鹿,long,0.1,16,4,legendary_or_better,0.015936000000000002,0.5,44,6.5
deer,梅花鹿,long,0.1,16,4,legendary_or_better,0.015936000000000002,0.9,144,19.5
deer,梅花鹿,long,0.1,16,4,supreme,0.001999,0.5,347,47.666666666666664
deer,梅花鹿,long,0.1,16,4,supreme,0.001999,0.9,1151,156.0
deer,梅花鹿,long,0.1,16,8,legendary_or_better,0.015936000000000002,0.5,44,7.0
deer,梅花鹿,long,0.1,16,8,legendary_or_better,0.015936000000000002,0.9,144,21.0
deer,梅花鹿,long,0.1,16,8,supreme,0.001999,0.5,347,51.333333333333336
deer,梅花鹿,long,0.1,16,8,supreme,0.001999,0.9,1151,168.0
deer,梅花鹿,long,0.1,16,12,legendary_or_better,0.015936000000000002,0.5,44,7.5
deer,梅花鹿,long,0.1,16,12,legendary_or_better,0.015936000000000002,0.9,144,22.5
deer,梅花鹿,long,0.1,16,12,supreme,0.001999,0.5,347,55.0
deer,梅花鹿,long,0.1,16,12,supreme,0.001999,0.9,1151,180.0
deer,梅花鹿,long,0.3,4,4,legendary_or_better,0.04742400000000001,0.5,15,8.666666666666666
deer,梅花鹿,long,0.3,4,4,legendary_or_better,0.04742400000000001,0.9,48,26.0
deer,梅花鹿,long,0.3,4,4,supreme,0.005991,0.5,116,62.833333333333336
deer,梅花鹿,long,0.3,4,4,supreme,0.005991,0.9,384,208.0
deer,梅花鹿,long,0.3,4,8,legendary_or_better,0.04742400000000001,0.5,15,9.333333333333334
deer,梅花鹿,long,0.3,4,8,legendary_or_better,0.04742400000000001,0.9,48,28.0
deer,梅花鹿,long,0.3,4,8,supreme,0.005991,0.5,116,67.66666666666667
deer,梅花鹿,long,0.3,4,8,supreme,0.005991,0.9,384,224.0
deer,梅花鹿,long,0.3,4,12,legendary_or_better,0.04742400000000001,0.5,15,10.0
deer,梅花鹿,long,0.3,4,12,legendary_or_better,0.04742400000000001,0.9,48,30.0
deer,梅花鹿,long,0.3,4,12,supreme,0.005991,0.5,116,72.5
deer,梅花鹿,long,0.3,4,12,supreme,0.005991,0.9,384,240.0
deer,梅花鹿,long,0.3,8,4,legendary_or_better,0.04742400000000001,0.5,15,4.333333333333333
deer,梅花鹿,long,0.3,8,4,legendary_or_better,0.04742400000000001,0.9,48,13.0
deer,梅花鹿,long,0.3,8,4,supreme,0.005991,0.5,116,32.5
deer,梅花鹿,long,0.3,8,4,supreme,0.005991,0.9,384,104.0
deer,梅花鹿,long,0.3,8,8,legendary_or_better,0.04742400000000001,0.5,15,4.666666666666667
deer,梅花鹿,long,0.3,8,8,legendary_or_better,0.04742400000000001,0.9,48,14.0
deer,梅花鹿,long,0.3,8,8,supreme,0.005991,0.5,116,35.0
deer,梅花鹿,long,0.3,8,8,supreme,0.005991,0.9,384,112.0
deer,梅花鹿,long,0.3,8,12,legendary_or_better,0.04742400000000001,0.5,15,5.0
deer,梅花鹿,long,0.3,8,12,legendary_or_better,0.04742400000000001,0.9,48,15.0
deer,梅花鹿,long,0.3,8,12,supreme,0.005991,0.5,116,37.5
deer,梅花鹿,long,0.3,8,12,supreme,0.005991,0.9,384,120.0
deer,梅花鹿,long,0.3,16,4,legendary_or_better,0.04742400000000001,0.5,15,2.1666666666666665
deer,梅花鹿,long,0.3,16,4,legendary_or_better,0.04742400000000001,0.9,48,6.5
deer,梅花鹿,long,0.3,16,4,supreme,0.005991,0.5,116,17.333333333333332
deer,梅花鹿,long,0.3,16,4,supreme,0.005991,0.9,384,52.0
deer,梅花鹿,long,0.3,16,8,legendary_or_better,0.04742400000000001,0.5,15,2.3333333333333335
deer,梅花鹿,long,0.3,16,8,legendary_or_better,0.04742400000000001,0.9,48,7.0
deer,梅花鹿,long,0.3,16,8,supreme,0.005991,0.5,116,18.666666666666668
deer,梅花鹿,long,0.3,16,8,supreme,0.005991,0.9,384,56.0
deer,梅花鹿,long,0.3,16,12,legendary_or_better,0.04742400000000001,0.5,15,2.5
deer,梅花鹿,long,0.3,16,12,legendary_or_better,0.04742400000000001,0.9,48,7.5
deer,梅花鹿,long,0.3,16,12,supreme,0.005991,0.5,116,20.0
deer,梅花鹿,long,0.3,16,12,supreme,0.005991,0.9,384,60.0
owl,猫头鹰,long,0.1,4,4,legendary_or_better,0.015936000000000002,0.5,44,23.833333333333332
owl,猫头鹰,long,0.1,4,4,legendary_or_better,0.015936000000000002,0.9,144,78.0
owl,猫头鹰,long,0.1,4,4,supreme,0.001999,0.5,347,188.5
owl,猫头鹰,long,0.1,4,4,supreme,0.001999,0.9,1151,624.0
owl,猫头鹰,long,0.1,4,8,legendary_or_better,0.015936000000000002,0.5,44,25.666666666666668
owl,猫头鹰,long,0.1,4,8,legendary_or_better,0.015936000000000002,0.9,144,84.0
owl,猫头鹰,long,0.1,4,8,supreme,0.001999,0.5,347,203.0
owl,猫头鹰,long,0.1,4,8,supreme,0.001999,0.9,1151,672.0
owl,猫头鹰,long,0.1,4,12,legendary_or_better,0.015936000000000002,0.5,44,27.5
owl,猫头鹰,long,0.1,4,12,legendary_or_better,0.015936000000000002,0.9,144,90.0
owl,猫头鹰,long,0.1,4,12,supreme,0.001999,0.5,347,217.5
owl,猫头鹰,long,0.1,4,12,supreme,0.001999,0.9,1151,720.0
owl,猫头鹰,long,0.1,8,4,legendary_or_better,0.015936000000000002,0.5,44,13.0
owl,猫头鹰,long,0.1,8,4,legendary_or_better,0.015936000000000002,0.9,144,39.0
owl,猫头鹰,long,0.1,8,4,supreme,0.001999,0.5,347,95.33333333333333
owl,猫头鹰,long,0.1,8,4,supreme,0.001999,0.9,1151,312.0
owl,猫头鹰,long,0.1,8,8,legendary_or_better,0.015936000000000002,0.5,44,14.0
owl,猫头鹰,long,0.1,8,8,legendary_or_better,0.015936000000000002,0.9,144,42.0
owl,猫头鹰,long,0.1,8,8,supreme,0.001999,0.5,347,102.66666666666667
owl,猫头鹰,long,0.1,8,8,supreme,0.001999,0.9,1151,336.0
owl,猫头鹰,long,0.1,8,12,legendary_or_better,0.015936000000000002,0.5,44,15.0
owl,猫头鹰,long,0.1,8,12,legendary_or_better,0.015936000000000002,0.9,144,45.0
owl,猫头鹰,long,0.1,8,12,supreme,0.001999,0.5,347,110.0
owl,猫头鹰,long,0.1,8,12,supreme,0.001999,0.9,1151,360.0
owl,猫头鹰,long,0.1,16,4,legendary_or_better,0.015936000000000002,0.5,44,6.5
owl,猫头鹰,long,0.1,16,4,legendary_or_better,0.015936000000000002,0.9,144,19.5
owl,猫头鹰,long,0.1,16,4,supreme,0.001999,0.5,347,47.666666666666664
owl,猫头鹰,long,0.1,16,4,supreme,0.001999,0.9,1151,156.0
owl,猫头鹰,long,0.1,16,8,legendary_or_better,0.015936000000000002,0.5,44,7.0
owl,猫头鹰,long,0.1,16,8,legendary_or_better,0.015936000000000002,0.9,144,21.0
owl,猫头鹰,long,0.1,16,8,supreme,0.001999,0.5,347,51.333333333333336
owl,猫头鹰,long,0.1,16,8,supreme,0.001999,0.9,1151,168.0
owl,猫头鹰,long,0.1,16,12,legendary_or_better,0.015936000000000002,0.5,44,7.5
owl,猫头鹰,long,0.1,16,12,legendary_or_better,0.015936000000000002,0.9,144,22.5
owl,猫头鹰,long,0.1,16,12,supreme,0.001999,0.5,347,55.0
owl,猫头鹰,long,0.1,16,12,supreme,0.001999,0.9,1151,180.0
owl,猫头鹰,long,0.3,4,4,legendary_or_better,0.04742400000000001,0.5,15,8.666666666666666
owl,猫头鹰,long,0.3,4,4,legendary_or_better,0.04742400000000001,0.9,48,26.0
owl,猫头鹰,long,0.3,4,4,supreme,0.005991,0.5,116,62.833333333333336
owl,猫头鹰,long,0.3,4,4,supreme,0.005991,0.9,384,208.0
owl,猫头鹰,long,0.3,4,8,legendary_or_better,0.04742400000000001,0.5,15,9.333333333333334
owl,猫头鹰,long,0.3,4,8,legendary_or_better,0.04742400000000001,0.9,48,28.0
owl,猫头鹰,long,0.3,4,8,supreme,0.005991,0.5,116,67.66666666666667
owl,猫头鹰,long,0.3,4,8,supreme,0.005991,0.9,384,224.0
owl,猫头鹰,long,0.3,4,12,legendary_or_better,0.04742400000000001,0.5,15,10.0
owl,猫头鹰,long,0.3,4,12,legendary_or_better,0.04742400000000001,0.9,48,30.0
owl,猫头鹰,long,0.3,4,12,supreme,0.005991,0.5,116,72.5
owl,猫头鹰,long,0.3,4,12,supreme,0.005991,0.9,384,240.0
owl,猫头鹰,long,0.3,8,4,legendary_or_better,0.04742400000000001,0.5,15,4.333333333333333
owl,猫头鹰,long,0.3,8,4,legendary_or_better,0.04742400000000001,0.9,48,13.0
owl,猫头鹰,long,0.3,8,4,supreme,0.005991,0.5,116,32.5
owl,猫头鹰,long,0.3,8,4,supreme,0.005991,0.9,384,104.0
owl,猫头鹰,long,0.3,8,8,legendary_or_better,0.04742400000000001,0.5,15,4.666666666666667
owl,猫头鹰,long,0.3,8,8,legendary_or_better,0.04742400000000001,0.9,48,14.0
owl,猫头鹰,long,0.3,8,8,supreme,0.005991,0.5,116,35.0
owl,猫头鹰,long,0.3,8,8,supreme,0.005991,0.9,384,112.0
owl,猫头鹰,long,0.3,8,12,legendary_or_better,0.04742400000000001,0.5,15,5.0
owl,猫头鹰,long,0.3,8,12,legendary_or_better,0.04742400000000001,0.9,48,15.0
owl,猫头鹰,long,0.3,8,12,supreme,0.005991,0.5,116,37.5
owl,猫头鹰,long,0.3,8,12,supreme,0.005991,0.9,384,120.0
owl,猫头鹰,long,0.3,16,4,legendary_or_better,0.04742400000000001,0.5,15,2.1666666666666665
owl,猫头鹰,long,0.3,16,4,legendary_or_better,0.04742400000000001,0.9,48,6.5
owl,猫头鹰,long,0.3,16,4,supreme,0.005991,0.5,116,17.333333333333332
owl,猫头鹰,long,0.3,16,4,supreme,0.005991,0.9,384,52.0
owl,猫头鹰,long,0.3,16,8,legendary_or_better,0.04742400000000001,0.5,15,2.3333333333333335
owl,猫头鹰,long,0.3,16,8,legendary_or_better,0.04742400000000001,0.9,48,7.0
owl,猫头鹰,long,0.3,16,8,supreme,0.005991,0.5,116,18.666666666666668
owl,猫头鹰,long,0.3,16,8,supreme,0.005991,0.9,384,56.0
owl,猫头鹰,long,0.3,16,12,legendary_or_better,0.04742400000000001,0.5,15,2.5
owl,猫头鹰,long,0.3,16,12,legendary_or_better,0.04742400000000001,0.9,48,7.5
owl,猫头鹰,long,0.3,16,12,supreme,0.005991,0.5,116,20.0
owl,猫头鹰,long,0.3,16,12,supreme,0.005991,0.9,384,60.0
penguin,企鹅,long,0.1,4,4,legendary_or_better,0.015936000000000002,0.5,44,33.0
penguin,企鹅,long,0.1,4,4,legendary_or_better,0.015936000000000002,0.9,144,108.0
penguin,企鹅,long,0.1,4,4,supreme,0.001999,0.5,347,261.0
penguin,企鹅,long,0.1,4,4,supreme,0.001999,0.9,1151,864.0
penguin,企鹅,long,0.1,4,8,legendary_or_better,0.015936000000000002,0.5,44,33.0
penguin,企鹅,long,0.1,4,8,legendary_or_better,0.015936000000000002,0.9,144,108.0
penguin,企鹅,long,0.1,4,8,supreme,0.001999,0.5,347,261.0
penguin,企鹅,long,0.1,4,8,supreme,0.001999,0.9,1151,864.0
penguin,企鹅,long,0.1,4,12,legendary_or_better,0.015936000000000002,0.5,44,33.0
penguin,企鹅,long,0.1,4,12,legendary_or_better,0.015936000000000002,0.9,144,108.0
penguin,企鹅,long,0.1,4,12,supreme,0.001999,0.5,347,261.0
penguin,企鹅,long,0.1,4,12,supreme,0.001999,0.9,1151,864.0
penguin,企鹅,long,0.1,8,4,legendary_or_better,0.015936000000000002,0.5,44,18.0
penguin,企鹅,long,0.1,8,4,legendary_or_better,0.015936000000000002,0.9,144,54.0
penguin,企鹅,long,0.1,8,4,supreme,0.001999,0.5,347,132.0
penguin,企鹅,long,0.1,8,4,supreme,0.001999,0.9,1151,432.0
penguin,企鹅,long,0.1,8,8,legendary_or_better,0.015936000000000002,0.5,44,18.0
penguin,企鹅,long,0.1,8,8,legendary_or_better,0.015936000000000002,0.9,144,54.0
penguin,企鹅,long,0.1,8,8,supreme,0.001999,0.5,347,132.0
penguin,企鹅,long,0.1,8,8,supreme,0.001999,0.9,1151,432.0
penguin,企鹅,long,0.1,8,12,legendary_or_better,0.015936000000000002,0.5,44,18.0
penguin,企鹅,long,0.1,8,12,legendary_or_better,0.015936000000000002,0.9,144,54.0
penguin,企鹅,long,0.1,8,12,supreme,0.001999,0.5,347,132.0
penguin,企鹅,long,0.1,8,12,supreme,0.001999,0.9,1151,432.0
penguin,企鹅,long,0.1,16,4,legendary_or_better,0.015936000000000002,0.5,44,9.0
penguin,企鹅,long,0.1,16,4,legendary_or_better,0.015936000000000002,0.9,144,27.0
penguin,企鹅,long,0.1,16,4,supreme,0.001999,0.5,347,66.0
penguin,企鹅,long,0.1,16,4,supreme,0.001999,0.9,1151,216.0
penguin,企鹅,long,0.1,16,8,legendary_or_better,0.015936000000000002,0.5,44,9.0
penguin,企鹅,long,0.1,16,8,legendary_or_better,0.015936000000000002,0.9,144,27.0
penguin,企鹅,long,0.1,16,8,supreme,0.001999,0.5,347,66.0
penguin,企鹅,long,0.1,16,8,supreme,0.001999,0.9,1151,216.0
penguin,企鹅,long,0.1,16,12,legendary_or_better,0.015936000000000002,0.5,44,9.0
penguin,企鹅,long,0.1,16,12,legendary_or_better,0.015936000000000002,0.9,144,27.0
penguin,企鹅,long,0.1,16,12,supreme,0.001999,0.5,347,66.0
penguin,企鹅,long,0.1,16,12,supreme,0.001999,0.9,1151,216.0
penguin,企鹅,long,0.3,4,4,legendary_or_better,0.04742400000000001,0.5,15,12.0
penguin,企鹅,long,0.3,4,4,legendary_or_better,0.04742400000000001,0.9,48,36.0
penguin,企鹅,long,0.3,4,4,supreme,0.005991,0.5,116,87.0
penguin,企鹅,long,0.3,4,4,supreme,0.005991,0.9,384,288.0
penguin,企鹅,long,0.3,4,8,legendary_or_better,0.04742400000000001,0.5,15,12.0
penguin,企鹅,long,0.3,4,8,legendary_or_better,0.04742400000000001,0.9,48,36.0
penguin,企鹅,long,0.3,4,8,supreme,0.005991,0.5,116,87.0
penguin,企鹅,long,0.3,4,8,supreme,0.005991,0.9,384,288.0
penguin,企鹅,long,0.3,4,12,legendary_or_better,0.04742400000000001,0.5,15,12.0
penguin,企鹅,long,0.3,4,12,legendary_or_better,0.04742400000000001,0.9,48,36.0
penguin,企鹅,long,0.3,4,12,supreme,0.005991,0.5,116,87.0
penguin,企鹅,long,0.3,4,12,supreme,0.005991,0.9,384,288.0
penguin,企鹅,long,0.3,8,4,legendary_or_better,0.04742400000000001,0.5,15,6.0
penguin,企鹅,long,0.3,8,4,legendary_or_better,0.04742400000000001,0.9,48,18.0
penguin,企鹅,long,0.3,8,4,supreme,0.005991,0.5,116,45.0
penguin,企鹅,long,0.3,8,4,supreme,0.005991,0.9,384,144.0
penguin,企鹅,long,0.3,8,8,legendary_or_better,0.04742400000000001,0.5,15,6.0
penguin,企鹅,long,0.3,8,8,legendary_or_better,0.04742400000000001,0.9,48,18.0
penguin,企鹅,long,0.3,8,8,supreme,0.005991,0.5,116,45.0
penguin,企鹅,long,0.3,8,8,supreme,0.005991,0.9,384,144.0
penguin,企鹅,long,0.3,8,12,legendary_or_better,0.04742400000000001,0.5,15,6.0
penguin,企鹅,long,0.3,8,12,legendary_or_better,0.04742400000000001,0.9,48,18.0
penguin,企鹅,long,0.3,8,12,supreme,0.005991,0.5,116,45.0
penguin,企鹅,long,0.3,8,12,supreme,0.005991,0.9,384,144.0
penguin,企鹅,long,0.3,16,4,legendary_or_better,0.04742400000000001,0.5,15,3.0
penguin,企鹅,long,0.3,16,4,legendary_or_better,0.04742400000000001,0.9,48,9.0
penguin,企鹅,long,0.3,16,4,supreme,0.005991,0.5,116,24.0
penguin,企鹅,long,0.3,16,4,supreme,0.005991,0.9,384,72.0
penguin,企鹅,long,0.3,16,8,legendary_or_better,0.04742400000000001,0.5,15,3.0
penguin,企鹅,long,0.3,16,8,legendary_or_better,0.04742400000000001,0.9,48,9.0
penguin,企鹅,long,0.3,16,8,supreme,0.005991,0.5,116,24.0
penguin,企鹅,long,0.3,16,8,supreme,0.005991,0.9,384,72.0
penguin,企鹅,long,0.3,16,12,legendary_or_better,0.04742400000000001,0.5,15,3.0
penguin,企鹅,long,0.3,16,12,legendary_or_better,0.04742400000000001,0.9,48,9.0
penguin,企鹅,long,0.3,16,12,supreme,0.005991,0.5,116,24.0
penguin,企鹅,long,0.3,16,12,supreme,0.005991,0.9,384,72.0
snake,小蛇,long,0.1,4,4,legendary_or_better,0.015936000000000002,0.5,44,25.666666666666668
snake,小蛇,long,0.1,4,4,legendary_or_better,0.015936000000000002,0.9,144,84.0
snake,小蛇,long,0.1,4,4,supreme,0.001999,0.5,347,203.0
snake,小蛇,long,0.1,4,4,supreme,0.001999,0.9,1151,672.0
snake,小蛇,long,0.1,4,8,legendary_or_better,0.015936000000000002,0.5,44,25.666666666666668
snake,小蛇,long,0.1,4,8,legendary_or_better,0.015936000000000002,0.9,144,84.0
snake,小蛇,long,0.1,4,8,supreme,0.001999,0.5,347,203.0
snake,小蛇,long,0.1,4,8,supreme,0.001999,0.9,1151,672.0
snake,小蛇,long,0.1,4,12,legendary_or_better,0.015936000000000002,0.5,44,27.5
snake,小蛇,long,0.1,4,12,legendary_or_better,0.015936000000000002,0.9,144,90.0
snake,小蛇,long,0.1,4,12,supreme,0.001999,0.5,347,217.5
snake,小蛇,long,0.1,4,12,supreme,0.001999,0.9,1151,720.0
snake,小蛇,long,0.1,8,4,legendary_or_better,0.015936000000000002,0.5,44,14.0
snake,小蛇,long,0.1,8,4,legendary_or_better,0.015936000000000002,0.9,144,42.0
snake,小蛇,long,0.1,8,4,supreme,0.001999,0.5,347,102.66666666666667
snake,小蛇,long,0.1,8,4,supreme,0.001999,0.9,1151,336.0
snake,小蛇,long,0.1,8,8,legendary_or_better,0.015936000000000002,0.5,44,14.0
snake,小蛇,long,0.1,8,8,legendary_or_better,0.015936000000000002,0.9,144,42.0
snake,小蛇,long,0.1,8,8,supreme,0.001999,0.5,347,102.66666666666667
snake,小蛇,long,0.1,8,8,supreme,0.001999,0.9,1151,336.0
snake,小蛇,long,0.1,8,12,legendary_or_better,0.015936000000000002,0.5,44,15.0
snake,小蛇,long,0.1,8,12,legendary_or_better,0.015936000000000002,0.9,144,45.0
snake,小蛇,long,0.1,8,12,supreme,0.001999,0.5,347,110.0
snake,小蛇,long,0.1,8,12,supreme,0.001999,0.9,1151,360.0
snake,小蛇,long,0.1,16,4,legendary_or_better,0.015936000000000002,0.5,44,7.0
snake,小蛇,long,0.1,16,4,legendary_or_better,0.015936000000000002,0.9,144,21.0
snake,小蛇,long,0.1,16,4,supreme,0.001999,0.5,347,51.333333333333336
snake,小蛇,long,0.1,16,4,supreme,0.001999,0.9,1151,168.0
snake,小蛇,long,0.1,16,8,legendary_or_better,0.015936000000000002,0.5,44,7.0
snake,小蛇,long,0.1,16,8,legendary_or_better,0.015936000000000002,0.9,144,21.0
snake,小蛇,long,0.1,16,8,supreme,0.001999,0.5,347,51.333333333333336
snake,小蛇,long,0.1,16,8,supreme,0.001999,0.9,1151,168.0
snake,小蛇,long,0.1,16,12,legendary_or_better,0.015936000000000002,0.5,44,7.5
snake,小蛇,long,0.1,16,12,legendary_or_better,0.015936000000000002,0.9,144,22.5
snake,小蛇,long,0.1,16,12,supreme,0.001999,0.5,347,55.0
snake,小蛇,long,0.1,16,12,supreme,0.001999,0.9,1151,180.0
snake,小蛇,long,0.3,4,4,legendary_or_better,0.04742400000000001,0.5,15,9.333333333333334
snake,小蛇,long,0.3,4,4,legendary_or_better,0.04742400000000001,0.9,48,28.0
snake,小蛇,long,0.3,4,4,supreme,0.005991,0.5,116,67.66666666666667
snake,小蛇,long,0.3,4,4,supreme,0.005991,0.9,384,224.0
snake,小蛇,long,0.3,4,8,legendary_or_better,0.04742400000000001,0.5,15,9.333333333333334
snake,小蛇,long,0.3,4,8,legendary_or_better,0.04742400000000001,0.9,48,28.0
snake,小蛇,long,0.3,4,8,supreme,0.005991,0.5,116,67.66666666666667
snake,小蛇,long,0.3,4,8,supreme,0.005991,0.9,384,224.0
snake,小蛇,long,0.3,4,12,legendary_or_better,0.04742400000000001,0.5,15,10.0
snake,小蛇,long,0.3,4,12,legendary_or_better,0.04742400000000001,0.9,48,30.0
snake,小蛇,long,0.3,4,12,supreme,0.005991,0.5,116,72.5
snake,小蛇,long,0.3,4,12,supreme,0.005991,0.9,384,240.0
snake,小蛇,long,0.3,8,4,legendary_or_better,0.04742400000000001,0.5,15,4.666666666666667
snake,小蛇,long,0.3,8,4,legendary_or_better,0.04742400000000001,0.9,48,14.0
snake,小蛇,long,0.3,8,4,supreme,0.005991,0.5,116,35.0
snake,小蛇,long,0.3,8,4,supreme,0.005991,0.9,384,112.0
snake,小蛇,long,0.3,8,8,legendary_or_better,0.04742400000000001,0.5,15,4.666666666666667
snake,小蛇,long,0.3,8,8,legendary_or_better,0.04742400000000001,0.9,48,14.0
snake,小蛇,long,0.3,8,8,supreme,0.005991,0.5,116,35.0
snake,小蛇,long,0.3,8,8,supreme,0.005991,0.9,384,112.0
snake,小蛇,long,0.3,8,12,legendary_or_better,0.04742400000000001,0.5,15,5.0
snake,小蛇,long,0.3,8,12,legendary_or_better,0.04742400000000001,0.9,48,15.0
snake,小蛇,long,0.3,8,12,supreme,0.005991,0.5,116,37.5
snake,小蛇,long,0.3,8,12,supreme,0.005991,0.9,384,120.0
snake,小蛇,long,0.3,16,4,legendary_or_better,0.04742400000000001,0.5,15,2.3333333333333335
snake,小蛇,long,0.3,16,4,legendary_or_better,0.04742400000000001,0.9,48,7.0
snake,小蛇,long,0.3,16,4,supreme,0.005991,0.5,116,18.666666666666668
snake,小蛇,long,0.3,16,4,supreme,0.005991,0.9,384,56.0
snake,小蛇,long,0.3,16,8,legendary_or_better,0.04742400000000001,0.5,15,2.3333333333333335
snake,小蛇,long,0.3,16,8,legendary_or_better,0.04742400000000001,0.9,48,7.0
snake,小蛇,long,0.3,16,8,supreme,0.005991,0.5,116,18.666666666666668
snake,小蛇,long,0.3,16,8,supreme,0.005991,0.9,384,56.0
snake,小蛇,long,0.3,16,12,legendary_or_better,0.04742400000000001,0.5,15,2.5
snake,小蛇,long,0.3,16,12,legendary_or_better,0.04742400000000001,0.9,48,7.5
snake,小蛇,long,0.3,16,12,supreme,0.005991,0.5,116,20.0
snake,小蛇,long,0.3,16,12,supreme,0.005991,0.9,384,60.0
buffalo,水牛,slow,0.1,4,4,legendary_or_better,0.023856000000000002,0.5,29,26.666666666666668
buffalo,水牛,slow,0.1,4,4,legendary_or_better,0.023856000000000002,0.9,96,80.0
buffalo,水牛,slow,0.1,4,4,supreme,0.007984,0.5,87,73.33333333333333
buffalo,水牛,slow,0.1,4,4,supreme,0.007984,0.9,288,240.0
buffalo,水牛,slow,0.1,4,8,legendary_or_better,0.023856000000000002,0.5,29,26.666666666666668
buffalo,水牛,slow,0.1,4,8,legendary_or_better,0.023856000000000002,0.9,96,80.0
buffalo,水牛,slow,0.1,4,8,supreme,0.007984,0.5,87,73.33333333333333
buffalo,水牛,slow,0.1,4,8,supreme,0.007984,0.9,288,240.0
buffalo,水牛,slow,0.1,4,12,legendary_or_better,0.023856000000000002,0.5,29,28.0
buffalo,水牛,slow,0.1,4,12,legendary_or_better,0.023856000000000002,0.9,96,84.0
buffalo,水牛,slow,0.1,4,12,supreme,0.007984,0.5,87,77.0
buffalo,水牛,slow,0.1,4,12,supreme,0.007984,0.9,288,252.0
buffalo,水牛,slow,0.1,8,4,legendary_or_better,0.023856000000000002,0.5,29,13.333333333333334
buffalo,水牛,slow,0.1,8,4,legendary_or_better,0.023856000000000002,0.9,96,40.0
buffalo,水牛,slow,0.1,8,4,supreme,0.007984,0.5,87,36.666666666666664
buffalo,水牛,slow,0.1,8,4,supreme,0.007984,0.9,288,120.0
buffalo,水牛,slow,0.1,8,8,legendary_or_better,0.023856000000000002,0.5,29,13.333333333333334
buffalo,水牛,slow,0.1,8,8,legendary_or_better,0.023856000000000002,0.9,96,40.0
buffalo,水牛,slow,0.1,8,8,supreme,0.007984,0.5,87,36.666666666666664
buffalo,水牛,slow,0.1,8,8,supreme,0.007984,0.9,288,120.0
buffalo,水牛,slow,0.1,8,12,legendary_or_better,0.023856000000000002,0.5,29,14.0
buffalo,水牛,slow,0.1,8,12,legendary_or_better,0.023856000000000002,0.9,96,42.0
buffalo,水牛,slow,0.1,8,12,supreme,0.007984,0.5,87,38.5
buffalo,水牛,slow,0.1,8,12,supreme,0.007984,0.9,288,126.0
buffalo,水牛,slow,0.1,16,4,legendary_or_better,0.023856000000000002,0.5,29,6.666666666666667
buffalo,水牛,slow,0.1,16,4,legendary_or_better,0.023856000000000002,0.9,96,20.0
buffalo,水牛,slow,0.1,16,4,supreme,0.007984,0.5,87,20.0
buffalo,水牛,slow,0.1,16,4,supreme,0.007984,0.9,288,60.0
buffalo,水牛,slow,0.1,16,8,legendary_or_better,0.023856000000000002,0.5,29,6.666666666666667
buffalo,水牛,slow,0.1,16,8,legendary_or_better,0.023856000000000002,0.9,96,20.0
buffalo,水牛,slow,0.1,16,8,supreme,0.007984,0.5,87,20.0
buffalo,水牛,slow,0.1,16,8,supreme,0.007984,0.9,288,60.0
buffalo,水牛,slow,0.1,16,12,legendary_or_better,0.023856000000000002,0.5,29,7.0
buffalo,水牛,slow,0.1,16,12,legendary_or_better,0.023856000000000002,0.9,96,21.0
buffalo,水牛,slow,0.1,16,12,supreme,0.007984,0.5,87,21.0
buffalo,水牛,slow,0.1,16,12,supreme,0.007984,0.9,288,63.0
buffalo,水牛,slow,0.3,4,4,legendary_or_better,0.070704,0.5,10,10.0
buffalo,水牛,slow,0.3,4,4,legendary_or_better,0.070704,0.9,32,26.666666666666668
buffalo,水牛,slow,0.3,4,4,supreme,0.023856,0.5,29,26.666666666666668
buffalo,水牛,slow,0.3,4,4,supreme,0.023856,0.9,96,80.0
buffalo,水牛,slow,0.3,4,8,legendary_or_better,0.070704,0.5,10,10.0
buffalo,水牛,slow,0.3,4,8,legendary_or_better,0.070704,0.9,32,26.666666666666668
buffalo,水牛,slow,0.3,4,8,supreme,0.023856,0.5,29,26.666666666666668
buffalo,水牛,slow,0.3,4,8,supreme,0.023856,0.9,96,80.0
buffalo,水牛,slow,0.3,4,12,legendary_or_better,0.070704,0.5,10,10.5
buffalo,水牛,slow,0.3,4,12,legendary_or_better,0.070704,0.9,32,28.0
buffalo,水牛,slow,0.3,4,12,supreme,0.023856,0.5,29,28.0
buffalo,水牛,slow,0.3,4,12,supreme,0.023856,0.9,96,84.0
buffalo,水牛,slow,0.3,8,4,legendary_or_better,0.070704,0.5,10,6.666666666666667
buffalo,水牛,slow,0.3,8,4,legendary_or_better,0.070704,0.9,32,13.333333333333334
buffalo,水牛,slow,0.3,8,4,supreme,0.023856,0.5,29,13.333333333333334
buffalo,水牛,slow,0.3,8,4,supreme,0.023856,0.9,96,40.0
buffalo,水牛,slow,0.3,8,8,legendary_or_better,0.070704,0.5,10,6.666666666666667
buffalo,水牛,slow,0.3,8,8,legendary_or_better,0.070704,0.9,32,13.333333333333334
buffalo,水牛,slow,0.3,8,8,supreme,0.023856,0.5,29,13.333333333333334
buffalo,水牛,slow,0.3,8,8,supreme,0.023856,0.9,96,40.0
buffalo,水牛,slow,0.3,8,12,legendary_or_better,0.070704,0.5,10,7.0
buffalo,水牛,slow,0.3,8,12,legendary_or_better,0.070704,0.9,32,14.0
buffalo,水牛,slow,0.3,8,12,supreme,0.023856,0.5,29,14.0
buffalo,水牛,slow,0.3,8,12,supreme,0.023856,0.9,96,42.0
buffalo,水牛,slow,0.3,16,4,legendary_or_better,0.070704,0.5,10,3.3333333333333335
buffalo,水牛,slow,0.3,16,4,legendary_or_better,0.070704,0.9,32,6.666666666666667
buffalo,水牛,slow,0.3,16,4,supreme,0.023856,0.5,29,6.666666666666667
buffalo,水牛,slow,0.3,16,4,supreme,0.023856,0.9,96,20.0
buffalo,水牛,slow,0.3,16,8,legendary_or_better,0.070704,0.5,10,3.3333333333333335
buffalo,水牛,slow,0.3,16,8,legendary_or_better,0.070704,0.9,32,6.666666666666667
buffalo,水牛,slow,0.3,16,8,supreme,0.023856,0.5,29,6.666666666666667
buffalo,水牛,slow,0.3,16,8,supreme,0.023856,0.9,96,20.0
buffalo,水牛,slow,0.3,16,12,legendary_or_better,0.070704,0.5,10,3.5
buffalo,水牛,slow,0.3,16,12,legendary_or_better,0.070704,0.9,32,7.0
buffalo,水牛,slow,0.3,16,12,supreme,0.023856,0.5,29,7.0
buffalo,水牛,slow,0.3,16,12,supreme,0.023856,0.9,96,21.0
moose,驼鹿,slow,0.1,4,4,legendary_or_better,0.023856000000000002,0.5,29,26.666666666666668
moose,驼鹿,slow,0.1,4,4,legendary_or_better,0.023856000000000002,0.9,96,80.0
moose,驼鹿,slow,0.1,4,4,supreme,0.007984,0.5,87,73.33333333333333
moose,驼鹿,slow,0.1,4,4,supreme,0.007984,0.9,288,240.0
moose,驼鹿,slow,0.1,4,8,legendary_or_better,0.023856000000000002,0.5,29,26.666666666666668
moose,驼鹿,slow,0.1,4,8,legendary_or_better,0.023856000000000002,0.9,96,80.0
moose,驼鹿,slow,0.1,4,8,supreme,0.007984,0.5,87,73.33333333333333
moose,驼鹿,slow,0.1,4,8,supreme,0.007984,0.9,288,240.0
moose,驼鹿,slow,0.1,4,12,legendary_or_better,0.023856000000000002,0.5,29,28.0
moose,驼鹿,slow,0.1,4,12,legendary_or_better,0.023856000000000002,0.9,96,84.0
moose,驼鹿,slow,0.1,4,12,supreme,0.007984,0.5,87,77.0
moose,驼鹿,slow,0.1,4,12,supreme,0.007984,0.9,288,252.0
moose,驼鹿,slow,0.1,8,4,legendary_or_better,0.023856000000000002,0.5,29,13.333333333333334
moose,驼鹿,slow,0.1,8,4,legendary_or_better,0.023856000000000002,0.9,96,40.0
moose,驼鹿,slow,0.1,8,4,supreme,0.007984,0.5,87,36.666666666666664
moose,驼鹿,slow,0.1,8,4,supreme,0.007984,0.9,288,120.0
moose,驼鹿,slow,0.1,8,8,legendary_or_better,0.023856000000000002,0.5,29,13.333333333333334
moose,驼鹿,slow,0.1,8,8,legendary_or_better,0.023856000000000002,0.9,96,40.0
moose,驼鹿,slow,0.1,8,8,supreme,0.007984,0.5,87,36.666666666666664
moose,驼鹿,slow,0.1,8,8,supreme,0.007984,0.9,288,120.0
moose,驼鹿,slow,0.1,8,12,legendary_or_better,0.023856000000000002,0.5,29,14.0
moose,驼鹿,slow,0.1,8,12,legendary_or_better,0.023856000000000002,0.9,96,42.0
moose,驼鹿,slow,0.1,8,12,supreme,0.007984,0.5,87,38.5
moose,驼鹿,slow,0.1,8,12,supreme,0.007984,0.9,288,126.0
moose,驼鹿,slow,0.1,16,4,legendary_or_better,0.023856000000000002,0.5,29,6.666666666666667
moose,驼鹿,slow,0.1,16,4,legendary_or_better,0.023856000000000002,0.9,96,20.0
moose,驼鹿,slow,0.1,16,4,supreme,0.007984,0.5,87,20.0
moose,驼鹿,slow,0.1,16,4,supreme,0.007984,0.9,288,60.0
moose,驼鹿,slow,0.1,16,8,legendary_or_better,0.023856000000000002,0.5,29,6.666666666666667
moose,驼鹿,slow,0.1,16,8,legendary_or_better,0.023856000000000002,0.9,96,20.0
moose,驼鹿,slow,0.1,16,8,supreme,0.007984,0.5,87,20.0
moose,驼鹿,slow,0.1,16,8,supreme,0.007984,0.9,288,60.0
moose,驼鹿,slow,0.1,16,12,legendary_or_better,0.023856000000000002,0.5,29,7.0
moose,驼鹿,slow,0.1,16,12,legendary_or_better,0.023856000000000002,0.9,96,21.0
moose,驼鹿,slow,0.1,16,12,supreme,0.007984,0.5,87,21.0
moose,驼鹿,slow,0.1,16,12,supreme,0.007984,0.9,288,63.0
moose,驼鹿,slow,0.3,4,4,legendary_or_better,0.070704,0.5,10,10.0
moose,驼鹿,slow,0.3,4,4,legendary_or_better,0.070704,0.9,32,26.666666666666668
moose,驼鹿,slow,0.3,4,4,supreme,0.023856,0.5,29,26.666666666666668
moose,驼鹿,slow,0.3,4,4,supreme,0.023856,0.9,96,80.0
moose,驼鹿,slow,0.3,4,8,legendary_or_better,0.070704,0.5,10,10.0
moose,驼鹿,slow,0.3,4,8,legendary_or_better,0.070704,0.9,32,26.666666666666668
moose,驼鹿,slow,0.3,4,8,supreme,0.023856,0.5,29,26.666666666666668
moose,驼鹿,slow,0.3,4,8,supreme,0.023856,0.9,96,80.0
moose,驼鹿,slow,0.3,4,12,legendary_or_better,0.070704,0.5,10,10.5
moose,驼鹿,slow,0.3,4,12,legendary_or_better,0.070704,0.9,32,28.0
moose,驼鹿,slow,0.3,4,12,supreme,0.023856,0.5,29,28.0
moose,驼鹿,slow,0.3,4,12,supreme,0.023856,0.9,96,84.0
moose,驼鹿,slow,0.3,8,4,legendary_or_better,0.070704,0.5,10,6.666666666666667
moose,驼鹿,slow,0.3,8,4,legendary_or_better,0.070704,0.9,32,13.333333333333334
moose,驼鹿,slow,0.3,8,4,supreme,0.023856,0.5,29,13.333333333333334
moose,驼鹿,slow,0.3,8,4,supreme,0.023856,0.9,96,40.0
moose,驼鹿,slow,0.3,8,8,legendary_or_better,0.070704,0.5,10,6.666666666666667
moose,驼鹿,slow,0.3,8,8,legendary_or_better,0.070704,0.9,32,13.333333333333334
moose,驼鹿,slow,0.3,8,8,supreme,0.023856,0.5,29,13.333333333333334
moose,驼鹿,slow,0.3,8,8,supreme,0.023856,0.9,96,40.0
moose,驼鹿,slow,0.3,8,12,legendary_or_better,0.070704,0.5,10,7.0
moose,驼鹿,slow,0.3,8,12,legendary_or_better,0.070704,0.9,32,14.0
moose,驼鹿,slow,0.3,8,12,supreme,0.023856,0.5,29,14.0
moose,驼鹿,slow,0.3,8,12,supreme,0.023856,0.9,96,42.0
moose,驼鹿,slow,0.3,16,4,legendary_or_better,0.070704,0.5,10,3.3333333333333335
moose,驼鹿,slow,0.3,16,4,legendary_or_better,0.070704,0.9,32,6.666666666666667
moose,驼鹿,slow,0.3,16,4,supreme,0.023856,0.5,29,6.666666666666667
moose,驼鹿,slow,0.3,16,4,supreme,0.023856,0.9,96,20.0
moose,驼鹿,slow,0.3,16,8,legendary_or_better,0.070704,0.5,10,3.3333333333333335
moose,驼鹿,slow,0.3,16,8,legendary_or_better,0.070704,0.9,32,6.666666666666667
moose,驼鹿,slow,0.3,16,8,supreme,0.023856,0.5,29,6.666666666666667
moose,驼鹿,slow,0.3,16,8,supreme,0.023856,0.9,96,20.0
moose,驼鹿,slow,0.3,16,12,legendary_or_better,0.070704,0.5,10,3.5
moose,驼鹿,slow,0.3,16,12,legendary_or_better,0.070704,0.9,32,7.0
moose,驼鹿,slow,0.3,16,12,supreme,0.023856,0.5,29,7.0
moose,驼鹿,slow,0.3,16,12,supreme,0.023856,0.9,96,21.0
zebra,斑马,slow,0.1,4,4,legendary_or_better,0.023856000000000002,0.5,29,28.0
zebra,斑马,slow,0.1,4,4,legendary_or_better,0.023856000000000002,0.9,96,84.0
zebra,斑马,slow,0.1,4,4,supreme,0.007984,0.5,87,77.0
zebra,斑马,slow,0.1,4,4,supreme,0.007984,0.9,288,252.0
zebra,斑马,slow,0.1,4,8,legendary_or_better,0.023856000000000002,0.5,29,29.333333333333332
zebra,斑马,slow,0.1,4,8,legendary_or_better,0.023856000000000002,0.9,96,88.0
zebra,斑马,slow,0.1,4,8,supreme,0.007984,0.5,87,80.66666666666667
zebra,斑马,slow,0.1,4,8,supreme,0.007984,0.9,288,264.0
zebra,斑马,slow,0.1,4,12,legendary_or_better,0.023856000000000002,0.5,29,28.0
zebra,斑马,slow,0.1,4,12,legendary_or_better,0.023856000000000002,0.9,96,84.0
zebra,斑马,slow,0.1,4,12,supreme,0.007984,0.5,87,77.0
zebra,斑马,slow,0.1,4,12,supreme,0.007984,0.9,288,252.0
zebra,斑马,slow,0.1,8,4,legendary_or_better,0.023856000000000002,0.5,29,14.0
zebra,斑马,slow,0.1,8,4,legendary_or_better,0.023856000000000002,0.9,96,42.0
zebra,斑马,slow,0.1,8,4,supreme,0.007984,0.5,87,38.5
zebra,斑马,slow,0.1,8,4,supreme,0.007984,0.9,288,126.0
zebra,斑马,slow,0.1,8,8,legendary_or_better,0.023856000000000002,0.5,29,14.666666666666666
zebra,斑马,slow,0.1,8,8,legendary_or_better,0.023856000000000002,0.9,96,44.0
zebra,斑马,slow,0.1,8,8,supreme,0.007984,0.5,87,40.333333333333336
zebra,斑马,slow,0.1,8,8,supreme,0.007984,0.9,288,132.0
zebra,斑马,slow,0.1,8,12,legendary_or_better,0.023856000000000002,0.5,29,14.0
zebra,斑马,slow,0.1,8,12,legendary_or_better,0.023856000000000002,0.9,96,42.0
zebra,斑马,slow,0.1,8,12,supreme,0.007984,0.5,87,38.5
zebra,斑马,slow,0.1,8,12,supreme,0.007984,0.9,288,126.0
zebra,斑马,slow,0.1,16,4,legendary_or_better,0.023856000000000002,0.5,29,7.0
zebra,斑马,slow,0.1,16,4,legendary_or_better,0.023856000000000002,0.9,96,21.0
zebra,斑马,slow,0.1,16,4,supreme,0.007984,0.5,87,21.0
zebra,斑马,slow,0.1,16,4,supreme,0.007984,0.9,288,63.0
zebra,斑马,slow,0.1,16,8,legendary_or_better,0.023856000000000002,0.5,29,7.333333333333333
zebra,斑马,slow,0.1,16,8,legendary_or_better,0.023856000000000002,0.9,96,22.0
zebra,斑马,slow,0.1,16,8,supreme,0.007984,0.5,87,22.0
zebra,斑马,slow,0.1,16,8,supreme,0.007984,0.9,288,66.0
zebra,斑马,slow,0.1,16,12,legendary_or_better,0.023856000000000002,0.5,29,7.0
zebra,斑马,slow,0.1,16,12,legendary_or_better,0.023856000000000002,0.9,96,21.0
zebra,斑马,slow,0.1,16,12,supreme,0.007984,0.5,87,21.0
zebra,斑马,slow,0.1,16,12,supreme,0.007984,0.9,288,63.0
zebra,斑马,slow,0.3,4,4,legendary_or_better,0.070704,0.5,10,10.5
zebra,斑马,slow,0.3,4,4,legendary_or_better,0.070704,0.9,32,28.0
zebra,斑马,slow,0.3,4,4,supreme,0.023856,0.5,29,28.0
zebra,斑马,slow,0.3,4,4,supreme,0.023856,0.9,96,84.0
zebra,斑马,slow,0.3,4,8,legendary_or_better,0.070704,0.5,10,11.0
zebra,斑马,slow,0.3,4,8,legendary_or_better,0.070704,0.9,32,29.333333333333332
zebra,斑马,slow,0.3,4,8,supreme,0.023856,0.5,29,29.333333333333332
zebra,斑马,slow,0.3,4,8,supreme,0.023856,0.9,96,88.0
zebra,斑马,slow,0.3,4,12,legendary_or_better,0.070704,0.5,10,10.5
zebra,斑马,slow,0.3,4,12,legendary_or_better,0.070704,0.9,32,28.0
zebra,斑马,slow,0.3,4,12,supreme,0.023856,0.5,29,28.0
zebra,斑马,slow,0.3,4,12,supreme,0.023856,0.9,96,84.0
zebra,斑马,slow,0.3,8,4,legendary_or_better,0.070704,0.5,10,7.0
zebra,斑马,slow,0.3,8,4,legendary_or_better,0.070704,0.9,32,14.0
zebra,斑马,slow,0.3,8,4,supreme,0.023856,0.5,29,14.0
zebra,斑马,slow,0.3,8,4,supreme,0.023856,0.9,96,42.0
zebra,斑马,slow,0.3,8,8,legendary_or_better,0.070704,0.5,10,7.333333333333333
zebra,斑马,slow,0.3,8,8,legendary_or_better,0.070704,0.9,32,14.666666666666666
zebra,斑马,slow,0.3,8,8,supreme,0.023856,0.5,29,14.666666666666666
zebra,斑马,slow,0.3,8,8,supreme,0.023856,0.9,96,44.0
zebra,斑马,slow,0.3,8,12,legendary_or_better,0.070704,0.5,10,7.0
zebra,斑马,slow,0.3,8,12,legendary_or_better,0.070704,0.9,32,14.0
zebra,斑马,slow,0.3,8,12,supreme,0.023856,0.5,29,14.0
zebra,斑马,slow,0.3,8,12,supreme,0.023856,0.9,96,42.0
zebra,斑马,slow,0.3,16,4,legendary_or_better,0.070704,0.5,10,3.5
zebra,斑马,slow,0.3,16,4,legendary_or_better,0.070704,0.9,32,7.0
zebra,斑马,slow,0.3,16,4,supreme,0.023856,0.5,29,7.0
zebra,斑马,slow,0.3,16,4,supreme,0.023856,0.9,96,21.0
zebra,斑马,slow,0.3,16,8,legendary_or_better,0.070704,0.5,10,3.6666666666666665
zebra,斑马,slow,0.3,16,8,legendary_or_better,0.070704,0.9,32,7.333333333333333
zebra,斑马,slow,0.3,16,8,supreme,0.023856,0.5,29,7.333333333333333
zebra,斑马,slow,0.3,16,8,supreme,0.023856,0.9,96,22.0
zebra,斑马,slow,0.3,16,12,legendary_or_better,0.070704,0.5,10,3.5
zebra,斑马,slow,0.3,16,12,legendary_or_better,0.070704,0.9,32,7.0
zebra,斑马,slow,0.3,16,12,supreme,0.023856,0.5,29,7.0
zebra,斑马,slow,0.3,16,12,supreme,0.023856,0.9,96,21.0
bear,小熊,slow,0.1,4,4,legendary_or_better,0.023856000000000002,0.5,29,36.0
bear,小熊,slow,0.1,4,4,legendary_or_better,0.023856000000000002,0.9,96,108.0
bear,小熊,slow,0.1,4,4,supreme,0.007984,0.5,87,99.0
bear,小熊,slow,0.1,4,4,supreme,0.007984,0.9,288,324.0
bear,小熊,slow,0.1,4,8,legendary_or_better,0.023856000000000002,0.5,29,37.333333333333336
bear,小熊,slow,0.1,4,8,legendary_or_better,0.023856000000000002,0.9,96,112.0
bear,小熊,slow,0.1,4,8,supreme,0.007984,0.5,87,102.66666666666667
bear,小熊,slow,0.1,4,8,supreme,0.007984,0.9,288,336.0
bear,小熊,slow,0.1,4,12,legendary_or_better,0.023856000000000002,0.5,29,36.0
bear,小熊,slow,0.1,4,12,legendary_or_better,0.023856000000000002,0.9,96,108.0
bear,小熊,slow,0.1,4,12,supreme,0.007984,0.5,87,99.0
bear,小熊,slow,0.1,4,12,supreme,0.007984,0.9,288,324.0
bear,小熊,slow,0.1,8,4,legendary_or_better,0.023856000000000002,0.5,29,18.0
bear,小熊,slow,0.1,8,4,legendary_or_better,0.023856000000000002,0.9,96,54.0
bear,小熊,slow,0.1,8,4,supreme,0.007984,0.5,87,49.5
bear,小熊,slow,0.1,8,4,supreme,0.007984,0.9,288,162.0
bear,小熊,slow,0.1,8,8,legendary_or_better,0.023856000000000002,0.5,29,18.666666666666668
bear,小熊,slow,0.1,8,8,legendary_or_better,0.023856000000000002,0.9,96,56.0
bear,小熊,slow,0.1,8,8,supreme,0.007984,0.5,87,51.333333333333336
bear,小熊,slow,0.1,8,8,supreme,0.007984,0.9,288,168.0
bear,小熊,slow,0.1,8,12,legendary_or_better,0.023856000000000002,0.5,29,18.0
bear,小熊,slow,0.1,8,12,legendary_or_better,0.023856000000000002,0.9,96,54.0
bear,小熊,slow,0.1,8,12,supreme,0.007984,0.5,87,49.5
bear,小熊,slow,0.1,8,12,supreme,0.007984,0.9,288,162.0
bear,小熊,slow,0.1,16,4,legendary_or_better,0.023856000000000002,0.5,29,9.0
bear,小熊,slow,0.1,16,4,legendary_or_better,0.023856000000000002,0.9,96,27.0
bear,小熊,slow,0.1,16,4,supreme,0.007984,0.5,87,27.0
bear,小熊,slow,0.1,16,4,supreme,0.007984,0.9,288,81.0
bear,小熊,slow,0.1,16,8,legendary_or_better,0.023856000000000002,0.5,29,9.333333333333334
bear,小熊,slow,0.1,16,8,legendary_or_better,0.023856000000000002,0.9,96,28.0
bear,小熊,slow,0.1,16,8,supreme,0.007984,0.5,87,28.0
bear,小熊,slow,0.1,16,8,supreme,0.007984,0.9,288,84.0
bear,小熊,slow,0.1,16,12,legendary_or_better,0.023856000000000002,0.5,29,9.0
bear,小熊,slow,0.1,16,12,legendary_or_better,0.023856000000000002,0.9,96,27.0
bear,小熊,slow,0.1,16,12,supreme,0.007984,0.5,87,27.0
bear,小熊,slow,0.1,16,12,supreme,0.007984,0.9,288,81.0
bear,小熊,slow,0.3,4,4,legendary_or_better,0.070704,0.5,10,13.5
bear,小熊,slow,0.3,4,4,legendary_or_better,0.070704,0.9,32,36.0
bear,小熊,slow,0.3,4,4,supreme,0.023856,0.5,29,36.0
bear,小熊,slow,0.3,4,4,supreme,0.023856,0.9,96,108.0
bear,小熊,slow,0.3,4,8,legendary_or_better,0.070704,0.5,10,14.0
bear,小熊,slow,0.3,4,8,legendary_or_better,0.070704,0.9,32,37.333333333333336
bear,小熊,slow,0.3,4,8,supreme,0.023856,0.5,29,37.333333333333336
bear,小熊,slow,0.3,4,8,supreme,0.023856,0.9,96,112.0
bear,小熊,slow,0.3,4,12,legendary_or_better,0.070704,0.5,10,13.5
bear,小熊,slow,0.3,4,12,legendary_or_better,0.070704,0.9,32,36.0
bear,小熊,slow,0.3,4,12,supreme,0.023856,0.5,29,36.0
bear,小熊,slow,0.3,4,12,supreme,0.023856,0.9,96,108.0
bear,小熊,slow,0.3,8,4,legendary_or_better,0.070704,0.5,10,9.0
bear,小熊,slow,0.3,8,4,legendary_or_better,0.070704,0.9,32,18.0
bear,小熊,slow,0.3,8,4,supreme,0.023856,0.5,29,18.0
bear,小熊,slow,0.3,8,4,supreme,0.023856,0.9,96,54.0
bear,小熊,slow,0.3,8,8,legendary_or_better,0.070704,0.5,10,9.333333333333334
bear,小熊,slow,0.3,8,8,legendary_or_better,0.070704,0.9,32,18.666666666666668
bear,小熊,slow,0.3,8,8,supreme,0.023856,0.5,29,18.666666666666668
bear,小熊,slow,0.3,8,8,supreme,0.023856,0.9,96,56.0
bear,小熊,slow,0.3,8,12,legendary_or_better,0.070704,0.5,10,9.0
bear,小熊,slow,0.3,8,12,legendary_or_better,0.070704,0.9,32,18.0
bear,小熊,slow,0.3,8,12,supreme,0.023856,0.5,29,18.0
bear,小熊,slow,0.3,8,12,supreme,0.023856,0.9,96,54.0
bear,小熊,slow,0.3,16,4,legendary_or_better,0.070704,0.5,10,4.5
bear,小熊,slow,0.3,16,4,legendary_or_better,0.070704,0.9,32,9.0
bear,小熊,slow,0.3,16,4,supreme,0.023856,0.5,29,9.0
bear,小熊,slow,0.3,16,4,supreme,0.023856,0.9,96,27.0
bear,小熊,slow,0.3,16,8,legendary_or_better,0.070704,0.5,10,4.666666666666667
bear,小熊,slow,0.3,16,8,legendary_or_better,0.070704,0.9,32,9.333333333333334
bear,小熊,slow,0.3,16,8,supreme,0.023856,0.5,29,9.333333333333334
bear,小熊,slow,0.3,16,8,supreme,0.023856,0.9,96,28.0
bear,小熊,slow,0.3,16,12,legendary_or_better,0.070704,0.5,10,4.5
bear,小熊,slow,0.3,16,12,legendary_or_better,0.070704,0.9,32,9.0
bear,小熊,slow,0.3,16,12,supreme,0.023856,0.5,29,9.0
bear,小熊,slow,0.3,16,12,supreme,0.023856,0.9,96,27.0
monkey,猴子,long,0.1,4,4,legendary_or_better,0.015936000000000002,0.5,44,31.166666666666668
monkey,猴子,long,0.1,4,4,legendary_or_better,0.015936000000000002,0.9,144,102.0
monkey,猴子,long,0.1,4,4,supreme,0.001999,0.5,347,246.5
monkey,猴子,long,0.1,4,4,supreme,0.001999,0.9,1151,816.0
monkey,猴子,long,0.1,4,8,legendary_or_better,0.015936000000000002,0.5,44,33.0
monkey,猴子,long,0.1,4,8,legendary_or_better,0.015936000000000002,0.9,144,108.0
monkey,猴子,long,0.1,4,8,supreme,0.001999,0.5,347,261.0
monkey,猴子,long,0.1,4,8,supreme,0.001999,0.9,1151,864.0
monkey,猴子,long,0.1,4,12,legendary_or_better,0.015936000000000002,0.5,44,33.0
monkey,猴子,long,0.1,4,12,legendary_or_better,0.015936000000000002,0.9,144,108.0
monkey,猴子,long,0.1,4,12,supreme,0.001999,0.5,347,261.0
monkey,猴子,long,0.1,4,12,supreme,0.001999,0.9,1151,864.0
monkey,猴子,long,0.1,8,4,legendary_or_better,0.015936000000000002,0.5,44,17.0
monkey,猴子,long,0.1,8,4,legendary_or_better,0.015936000000000002,0.9,144,51.0
monkey,猴子,long,0.1,8,4,supreme,0.001999,0.5,347,124.66666666666667
monkey,猴子,long,0.1,8,4,supreme,0.001999,0.9,1151,408.0
monkey,猴子,long,0.1,8,8,legendary_or_better,0.015936000000000002,0.5,44,18.0
monkey,猴子,long,0.1,8,8,legendary_or_better,0.015936000000000002,0.9,144,54.0
monkey,猴子,long,0.1,8,8,supreme,0.001999,0.5,347,132.0
monkey,猴子,long,0.1,8,8,supreme,0.001999,0.9,1151,432.0
monkey,猴子,long,0.1,8,12,legendary_or_better,0.015936000000000002,0.5,44,18.0
monkey,猴子,long,0.1,8,12,legendary_or_better,0.015936000000000002,0.9,144,54.0
monkey,猴子,long,0.1,8,12,supreme,0.001999,0.5,347,132.0
monkey,猴子,long,0.1,8,12,supreme,0.001999,0.9,1151,432.0
monkey,猴子,long,0.1,16,4,legendary_or_better,0.015936000000000002,0.5,44,8.5
monkey,猴子,long,0.1,16,4,legendary_or_better,0.015936000000000002,0.9,144,25.5
monkey,猴子,long,0.1,16,4,supreme,0.001999,0.5,347,62.333333333333336
monkey,猴子,long,0.1,16,4,supreme,0.001999,0.9,1151,204.0
monkey,猴子,long,0.1,16,8,legendary_or_better,0.015936000000000002,0.5,44,9.0
monkey,猴子,long,0.1,16,8,legendary_or_better,0.015936000000000002,0.9,144,27.0
monkey,猴子,long,0.1,16,8,supreme,0.001999,0.5,347,66.0
monkey,猴子,long,0.1,16,8,supreme,0.001999,0.9,1151,216.0
monkey,猴子,long,0.1,16,12,legendary_or_better,0.015936000000000002,0.5,44,9.0
monkey,猴子,long,0.1,16,12,legendary_or_better,0.015936000000000002,0.9,144,27.0
monkey,猴子,long,0.1,16,12,supreme,0.001999,0.5,347,66.0
monkey,猴子,long,0.1,16,12,supreme,0.001999,0.9,1151,216.0
monkey,猴子,long,0.3,4,4,legendary_or_better,0.04742400000000001,0.5,15,11.333333333333334
monkey,猴子,long,0.3,4,4,legendary_or_better,0.04742400000000001,0.9,48,34.0
monkey,猴子,long,0.3,4,4,supreme,0.005991,0.5,116,82.16666666666667
monkey,猴子,long,0.3,4,4,supreme,0.005991,0.9,384,272.0
monkey,猴子,long,0.3,4,8,legendary_or_better,0.04742400000000001,0.5,15,12.0
monkey,猴子,long,0.3,4,8,legendary_or_better,0.04742400000000001,0.9,48,36.0
monkey,猴子,long,0.3,4,8,supreme,0.005991,0.5,116,87.0
monkey,猴子,long,0.3,4,8,supreme,0.005991,0.9,384,288.0
monkey,猴子,long,0.3,4,12,legendary_or_better,0.04742400000000001,0.5,15,12.0
monkey,猴子,long,0.3,4,12,legendary_or_better,0.04742400000000001,0.9,48,36.0
monkey,猴子,long,0.3,4,12,supreme,0.005991,0.5,116,87.0
monkey,猴子,long,0.3,4,12,supreme,0.005991,0.9,384,288.0
monkey,猴子,long,0.3,8,4,legendary_or_better,0.04742400000000001,0.5,15,5.666666666666667
monkey,猴子,long,0.3,8,4,legendary_or_better,0.04742400000000001,0.9,48,17.0
monkey,猴子,long,0.3,8,4,supreme,0.005991,0.5,116,42.5
monkey,猴子,long,0.3,8,4,supreme,0.005991,0.9,384,136.0
monkey,猴子,long,0.3,8,8,legendary_or_better,0.04742400000000001,0.5,15,6.0
monkey,猴子,long,0.3,8,8,legendary_or_better,0.04742400000000001,0.9,48,18.0
monkey,猴子,long,0.3,8,8,supreme,0.005991,0.5,116,45.0
monkey,猴子,long,0.3,8,8,supreme,0.005991,0.9,384,144.0
monkey,猴子,long,0.3,8,12,legendary_or_better,0.04742400000000001,0.5,15,6.0
monkey,猴子,long,0.3,8,12,legendary_or_better,0.04742400000000001,0.9,48,18.0
monkey,猴子,long,0.3,8,12,supreme,0.005991,0.5,116,45.0
monkey,猴子,long,0.3,8,12,supreme,0.005991,0.9,384,144.0
monkey,猴子,long,0.3,16,4,legendary_or_better,0.04742400000000001,0.5,15,2.8333333333333335
monkey,猴子,long,0.3,16,4,legendary_or_better,0.04742400000000001,0.9,48,8.5
monkey,猴子,long,0.3,16,4,supreme,0.005991,0.5,116,22.666666666666668
monkey,猴子,long,0.3,16,4,supreme,0.005991,0.9,384,68.0
monkey,猴子,long,0.3,16,8,legendary_or_better,0.04742400000000001,0.5,15,3.0
monkey,猴子,long,0.3,16,8,legendary_or_better,0.04742400000000001,0.9,48,9.0
monkey,猴子,long,0.3,16,8,supreme,0.005991,0.5,116,24.0
monkey,猴子,long,0.3,16,8,supreme,0.005991,0.9,384,72.0
monkey,猴子,long,0.3,16,12,legendary_or_better,0.04742400000000001,0.5,15,3.0
monkey,猴子,long,0.3,16,12,legendary_or_better,0.04742400000000001,0.9,48,9.0
monkey,猴子,long,0.3,16,12,supreme,0.005991,0.5,116,24.0
monkey,猴子,long,0.3,16,12,supreme,0.005991,0.9,384,72.0
gorilla,大猩猩,slow,0.1,4,4,legendary_or_better,0.023856000000000002,0.5,29,28.0
gorilla,大猩猩,slow,0.1,4,4,legendary_or_better,0.023856000000000002,0.9,96,84.0
gorilla,大猩猩,slow,0.1,4,4,supreme,0.007984,0.5,87,77.0
gorilla,大猩猩,slow,0.1,4,4,supreme,0.007984,0.9,288,252.0
gorilla,大猩猩,slow,0.1,4,8,legendary_or_better,0.023856000000000002,0.5,29,29.333333333333332
gorilla,大猩猩,slow,0.1,4,8,legendary_or_better,0.023856000000000002,0.9,96,88.0
gorilla,大猩猩,slow,0.1,4,8,supreme,0.007984,0.5,87,80.66666666666667
gorilla,大猩猩,slow,0.1,4,8,supreme,0.007984,0.9,288,264.0
gorilla,大猩猩,slow,0.1,4,12,legendary_or_better,0.023856000000000002,0.5,29,28.0
gorilla,大猩猩,slow,0.1,4,12,legendary_or_better,0.023856000000000002,0.9,96,84.0
gorilla,大猩猩,slow,0.1,4,12,supreme,0.007984,0.5,87,77.0
gorilla,大猩猩,slow,0.1,4,12,supreme,0.007984,0.9,288,252.0
gorilla,大猩猩,slow,0.1,8,4,legendary_or_better,0.023856000000000002,0.5,29,14.0
gorilla,大猩猩,slow,0.1,8,4,legendary_or_better,0.023856000000000002,0.9,96,42.0
gorilla,大猩猩,slow,0.1,8,4,supreme,0.007984,0.5,87,38.5
gorilla,大猩猩,slow,0.1,8,4,supreme,0.007984,0.9,288,126.0
gorilla,大猩猩,slow,0.1,8,8,legendary_or_better,0.023856000000000002,0.5,29,14.666666666666666
gorilla,大猩猩,slow,0.1,8,8,legendary_or_better,0.023856000000000002,0.9,96,44.0
gorilla,大猩猩,slow,0.1,8,8,supreme,0.007984,0.5,87,40.333333333333336
gorilla,大猩猩,slow,0.1,8,8,supreme,0.007984,0.9,288,132.0
gorilla,大猩猩,slow,0.1,8,12,legendary_or_better,0.023856000000000002,0.5,29,14.0
gorilla,大猩猩,slow,0.1,8,12,legendary_or_better,0.023856000000000002,0.9,96,42.0
gorilla,大猩猩,slow,0.1,8,12,supreme,0.007984,0.5,87,38.5
gorilla,大猩猩,slow,0.1,8,12,supreme,0.007984,0.9,288,126.0
gorilla,大猩猩,slow,0.1,16,4,legendary_or_better,0.023856000000000002,0.5,29,7.0
gorilla,大猩猩,slow,0.1,16,4,legendary_or_better,0.023856000000000002,0.9,96,21.0
gorilla,大猩猩,slow,0.1,16,4,supreme,0.007984,0.5,87,21.0
gorilla,大猩猩,slow,0.1,16,4,supreme,0.007984,0.9,288,63.0
gorilla,大猩猩,slow,0.1,16,8,legendary_or_better,0.023856000000000002,0.5,29,7.333333333333333
gorilla,大猩猩,slow,0.1,16,8,legendary_or_better,0.023856000000000002,0.9,96,22.0
gorilla,大猩猩,slow,0.1,16,8,supreme,0.007984,0.5,87,22.0
gorilla,大猩猩,slow,0.1,16,8,supreme,0.007984,0.9,288,66.0
gorilla,大猩猩,slow,0.1,16,12,legendary_or_better,0.023856000000000002,0.5,29,7.0
gorilla,大猩猩,slow,0.1,16,12,legendary_or_better,0.023856000000000002,0.9,96,21.0
gorilla,大猩猩,slow,0.1,16,12,supreme,0.007984,0.5,87,21.0
gorilla,大猩猩,slow,0.1,16,12,supreme,0.007984,0.9,288,63.0
gorilla,大猩猩,slow,0.3,4,4,legendary_or_better,0.070704,0.5,10,10.5
gorilla,大猩猩,slow,0.3,4,4,legendary_or_better,0.070704,0.9,32,28.0
gorilla,大猩猩,slow,0.3,4,4,supreme,0.023856,0.5,29,28.0
gorilla,大猩猩,slow,0.3,4,4,supreme,0.023856,0.9,96,84.0
gorilla,大猩猩,slow,0.3,4,8,legendary_or_better,0.070704,0.5,10,11.0
gorilla,大猩猩,slow,0.3,4,8,legendary_or_better,0.070704,0.9,32,29.333333333333332
gorilla,大猩猩,slow,0.3,4,8,supreme,0.023856,0.5,29,29.333333333333332
gorilla,大猩猩,slow,0.3,4,8,supreme,0.023856,0.9,96,88.0
gorilla,大猩猩,slow,0.3,4,12,legendary_or_better,0.070704,0.5,10,10.5
gorilla,大猩猩,slow,0.3,4,12,legendary_or_better,0.070704,0.9,32,28.0
gorilla,大猩猩,slow,0.3,4,12,supreme,0.023856,0.5,29,28.0
gorilla,大猩猩,slow,0.3,4,12,supreme,0.023856,0.9,96,84.0
gorilla,大猩猩,slow,0.3,8,4,legendary_or_better,0.070704,0.5,10,7.0
gorilla,大猩猩,slow,0.3,8,4,legendary_or_better,0.070704,0.9,32,14.0
gorilla,大猩猩,slow,0.3,8,4,supreme,0.023856,0.5,29,14.0
gorilla,大猩猩,slow,0.3,8,4,supreme,0.023856,0.9,96,42.0
gorilla,大猩猩,slow,0.3,8,8,legendary_or_better,0.070704,0.5,10,7.333333333333333
gorilla,大猩猩,slow,0.3,8,8,legendary_or_better,0.070704,0.9,32,14.666666666666666
gorilla,大猩猩,slow,0.3,8,8,supreme,0.023856,0.5,29,14.666666666666666
gorilla,大猩猩,slow,0.3,8,8,supreme,0.023856,0.9,96,44.0
gorilla,大猩猩,slow,0.3,8,12,legendary_or_better,0.070704,0.5,10,7.0
gorilla,大猩猩,slow,0.3,8,12,legendary_or_better,0.070704,0.9,32,14.0
gorilla,大猩猩,slow,0.3,8,12,supreme,0.023856,0.5,29,14.0
gorilla,大猩猩,slow,0.3,8,12,supreme,0.023856,0.9,96,42.0
gorilla,大猩猩,slow,0.3,16,4,legendary_or_better,0.070704,0.5,10,3.5
gorilla,大猩猩,slow,0.3,16,4,legendary_or_better,0.070704,0.9,32,7.0
gorilla,大猩猩,slow,0.3,16,4,supreme,0.023856,0.5,29,7.0
gorilla,大猩猩,slow,0.3,16,4,supreme,0.023856,0.9,96,21.0
gorilla,大猩猩,slow,0.3,16,8,legendary_or_better,0.070704,0.5,10,3.6666666666666665
gorilla,大猩猩,slow,0.3,16,8,legendary_or_better,0.070704,0.9,32,7.333333333333333
gorilla,大猩猩,slow,0.3,16,8,supreme,0.023856,0.5,29,7.333333333333333
gorilla,大猩猩,slow,0.3,16,8,supreme,0.023856,0.9,96,22.0
gorilla,大猩猩,slow,0.3,16,12,legendary_or_better,0.070704,0.5,10,3.5
gorilla,大猩猩,slow,0.3,16,12,legendary_or_better,0.070704,0.9,32,7.0
gorilla,大猩猩,slow,0.3,16,12,supreme,0.023856,0.5,29,7.0
gorilla,大猩猩,slow,0.3,16,12,supreme,0.023856,0.9,96,21.0
giraffe,长颈鹿,slow,0.1,4,4,legendary_or_better,0.023856000000000002,0.5,29,36.0
giraffe,长颈鹿,slow,0.1,4,4,legendary_or_better,0.023856000000000002,0.9,96,108.0
giraffe,长颈鹿,slow,0.1,4,4,supreme,0.007984,0.5,87,99.0
giraffe,长颈鹿,slow,0.1,4,4,supreme,0.007984,0.9,288,324.0
giraffe,长颈鹿,slow,0.1,4,8,legendary_or_better,0.023856000000000002,0.5,29,37.333333333333336
giraffe,长颈鹿,slow,0.1,4,8,legendary_or_better,0.023856000000000002,0.9,96,112.0
giraffe,长颈鹿,slow,0.1,4,8,supreme,0.007984,0.5,87,102.66666666666667
giraffe,长颈鹿,slow,0.1,4,8,supreme,0.007984,0.9,288,336.0
giraffe,长颈鹿,slow,0.1,4,12,legendary_or_better,0.023856000000000002,0.5,29,36.0
giraffe,长颈鹿,slow,0.1,4,12,legendary_or_better,0.023856000000000002,0.9,96,108.0
giraffe,长颈鹿,slow,0.1,4,12,supreme,0.007984,0.5,87,99.0
giraffe,长颈鹿,slow,0.1,4,12,supreme,0.007984,0.9,288,324.0
giraffe,长颈鹿,slow,0.1,8,4,legendary_or_better,0.023856000000000002,0.5,29,18.0
giraffe,长颈鹿,slow,0.1,8,4,legendary_or_better,0.023856000000000002,0.9,96,54.0
giraffe,长颈鹿,slow,0.1,8,4,supreme,0.007984,0.5,87,49.5
giraffe,长颈鹿,slow,0.1,8,4,supreme,0.007984,0.9,288,162.0
giraffe,长颈鹿,slow,0.1,8,8,legendary_or_better,0.023856000000000002,0.5,29,18.666666666666668
giraffe,长颈鹿,slow,0.1,8,8,legendary_or_better,0.023856000000000002,0.9,96,56.0
giraffe,长颈鹿,slow,0.1,8,8,supreme,0.007984,0.5,87,51.333333333333336
giraffe,长颈鹿,slow,0.1,8,8,supreme,0.007984,0.9,288,168.0
giraffe,长颈鹿,slow,0.1,8,12,legendary_or_better,0.023856000000000002,0.5,29,18.0
giraffe,长颈鹿,slow,0.1,8,12,legendary_or_better,0.023856000000000002,0.9,96,54.0
giraffe,长颈鹿,slow,0.1,8,12,supreme,0.007984,0.5,87,49.5
giraffe,长颈鹿,slow,0.1,8,12,supreme,0.007984,0.9,288,162.0
giraffe,长颈鹿,slow,0.1,16,4,legendary_or_better,0.023856000000000002,0.5,29,9.0
giraffe,长颈鹿,slow,0.1,16,4,legendary_or_better,0.023856000000000002,0.9,96,27.0
giraffe,长颈鹿,slow,0.1,16,4,supreme,0.007984,0.5,87,27.0
giraffe,长颈鹿,slow,0.1,16,4,supreme,0.007984,0.9,288,81.0
giraffe,长颈鹿,slow,0.1,16,8,legendary_or_better,0.023856000000000002,0.5,29,9.333333333333334
giraffe,长颈鹿,slow,0.1,16,8,legendary_or_better,0.023856000000000002,0.9,96,28.0
giraffe,长颈鹿,slow,0.1,16,8,supreme,0.007984,0.5,87,28.0
giraffe,长颈鹿,slow,0.1,16,8,supreme,0.007984,0.9,288,84.0
giraffe,长颈鹿,slow,0.1,16,12,legendary_or_better,0.023856000000000002,0.5,29,9.0
giraffe,长颈鹿,slow,0.1,16,12,legendary_or_better,0.023856000000000002,0.9,96,27.0
giraffe,长颈鹿,slow,0.1,16,12,supreme,0.007984,0.5,87,27.0
giraffe,长颈鹿,slow,0.1,16,12,supreme,0.007984,0.9,288,81.0
giraffe,长颈鹿,slow,0.3,4,4,legendary_or_better,0.070704,0.5,10,13.5
giraffe,长颈鹿,slow,0.3,4,4,legendary_or_better,0.070704,0.9,32,36.0
giraffe,长颈鹿,slow,0.3,4,4,supreme,0.023856,0.5,29,36.0
giraffe,长颈鹿,slow,0.3,4,4,supreme,0.023856,0.9,96,108.0
giraffe,长颈鹿,slow,0.3,4,8,legendary_or_better,0.070704,0.5,10,14.0
giraffe,长颈鹿,slow,0.3,4,8,legendary_or_better,0.070704,0.9,32,37.333333333333336
giraffe,长颈鹿,slow,0.3,4,8,supreme,0.023856,0.5,29,37.333333333333336
giraffe,长颈鹿,slow,0.3,4,8,supreme,0.023856,0.9,96,112.0
giraffe,长颈鹿,slow,0.3,4,12,legendary_or_better,0.070704,0.5,10,13.5
giraffe,长颈鹿,slow,0.3,4,12,legendary_or_better,0.070704,0.9,32,36.0
giraffe,长颈鹿,slow,0.3,4,12,supreme,0.023856,0.5,29,36.0
giraffe,长颈鹿,slow,0.3,4,12,supreme,0.023856,0.9,96,108.0
giraffe,长颈鹿,slow,0.3,8,4,legendary_or_better,0.070704,0.5,10,9.0
giraffe,长颈鹿,slow,0.3,8,4,legendary_or_better,0.070704,0.9,32,18.0
giraffe,长颈鹿,slow,0.3,8,4,supreme,0.023856,0.5,29,18.0
giraffe,长颈鹿,slow,0.3,8,4,supreme,0.023856,0.9,96,54.0
giraffe,长颈鹿,slow,0.3,8,8,legendary_or_better,0.070704,0.5,10,9.333333333333334
giraffe,长颈鹿,slow,0.3,8,8,legendary_or_better,0.070704,0.9,32,18.666666666666668
giraffe,长颈鹿,slow,0.3,8,8,supreme,0.023856,0.5,29,18.666666666666668
giraffe,长颈鹿,slow,0.3,8,8,supreme,0.023856,0.9,96,56.0
giraffe,长颈鹿,slow,0.3,8,12,legendary_or_better,0.070704,0.5,10,9.0
giraffe,长颈鹿,slow,0.3,8,12,legendary_or_better,0.070704,0.9,32,18.0
giraffe,长颈鹿,slow,0.3,8,12,supreme,0.023856,0.5,29,18.0
giraffe,长颈鹿,slow,0.3,8,12,supreme,0.023856,0.9,96,54.0
giraffe,长颈鹿,slow,0.3,16,4,legendary_or_better,0.070704,0.5,10,4.5
giraffe,长颈鹿,slow,0.3,16,4,legendary_or_better,0.070704,0.9,32,9.0
giraffe,长颈鹿,slow,0.3,16,4,supreme,0.023856,0.5,29,9.0
giraffe,长颈鹿,slow,0.3,16,4,supreme,0.023856,0.9,96,27.0
giraffe,长颈鹿,slow,0.3,16,8,legendary_or_better,0.070704,0.5,10,4.666666666666667
giraffe,长颈鹿,slow,0.3,16,8,legendary_or_better,0.070704,0.9,32,9.333333333333334
giraffe,长颈鹿,slow,0.3,16,8,supreme,0.023856,0.5,29,9.333333333333334
giraffe,长颈鹿,slow,0.3,16,8,supreme,0.023856,0.9,96,28.0
giraffe,长颈鹿,slow,0.3,16,12,legendary_or_better,0.070704,0.5,10,4.5
giraffe,长颈鹿,slow,0.3,16,12,legendary_or_better,0.070704,0.9,32,9.0
giraffe,长颈鹿,slow,0.3,16,12,supreme,0.023856,0.5,29,9.0
giraffe,长颈鹿,slow,0.3,16,12,supreme,0.023856,0.9,96,27.0
rhino,犀牛,slow,0.1,4,4,legendary_or_better,0.023856000000000002,0.5,29,52.0
rhino,犀牛,slow,0.1,4,4,legendary_or_better,0.023856000000000002,0.9,96,156.0
rhino,犀牛,slow,0.1,4,4,supreme,0.007984,0.5,87,143.0
rhino,犀牛,slow,0.1,4,4,supreme,0.007984,0.9,288,468.0
rhino,犀牛,slow,0.1,4,8,legendary_or_better,0.023856000000000002,0.5,29,53.333333333333336
rhino,犀牛,slow,0.1,4,8,legendary_or_better,0.023856000000000002,0.9,96,160.0
rhino,犀牛,slow,0.1,4,8,supreme,0.007984,0.5,87,146.66666666666666
rhino,犀牛,slow,0.1,4,8,supreme,0.007984,0.9,288,480.0
rhino,犀牛,slow,0.1,4,12,legendary_or_better,0.023856000000000002,0.5,29,52.0
rhino,犀牛,slow,0.1,4,12,legendary_or_better,0.023856000000000002,0.9,96,156.0
rhino,犀牛,slow,0.1,4,12,supreme,0.007984,0.5,87,143.0
rhino,犀牛,slow,0.1,4,12,supreme,0.007984,0.9,288,468.0
rhino,犀牛,slow,0.1,8,4,legendary_or_better,0.023856000000000002,0.5,29,26.0
rhino,犀牛,slow,0.1,8,4,legendary_or_better,0.023856000000000002,0.9,96,78.0
rhino,犀牛,slow,0.1,8,4,supreme,0.007984,0.5,87,71.5
rhino,犀牛,slow,0.1,8,4,supreme,0.007984,0.9,288,234.0
rhino,犀牛,slow,0.1,8,8,legendary_or_better,0.023856000000000002,0.5,29,26.666666666666668
rhino,犀牛,slow,0.1,8,8,legendary_or_better,0.023856000000000002,0.9,96,80.0
rhino,犀牛,slow,0.1,8,8,supreme,0.007984,0.5,87,73.33333333333333
rhino,犀牛,slow,0.1,8,8,supreme,0.007984,0.9,288,240.0
rhino,犀牛,slow,0.1,8,12,legendary_or_better,0.023856000000000002,0.5,29,26.0
rhino,犀牛,slow,0.1,8,12,legendary_or_better,0.023856000000000002,0.9,96,78.0
rhino,犀牛,slow,0.1,8,12,supreme,0.007984,0.5,87,71.5
rhino,犀牛,slow,0.1,8,12,supreme,0.007984,0.9,288,234.0
rhino,犀牛,slow,0.1,16,4,legendary_or_better,0.023856000000000002,0.5,29,13.0
rhino,犀牛,slow,0.1,16,4,legendary_or_better,0.023856000000000002,0.9,96,39.0
rhino,犀牛,slow,0.1,16,4,supreme,0.007984,0.5,87,39.0
rhino,犀牛,slow,0.1,16,4,supreme,0.007984,0.9,288,117.0
rhino,犀牛,slow,0.1,16,8,legendary_or_better,0.023856000000000002,0.5,29,13.333333333333334
rhino,犀牛,slow,0.1,16,8,legendary_or_better,0.023856000000000002,0.9,96,40.0
rhino,犀牛,slow,0.1,16,8,supreme,0.007984,0.5,87,40.0
rhino,犀牛,slow,0.1,16,8,supreme,0.007984,0.9,288,120.0
rhino,犀牛,slow,0.1,16,12,legendary_or_better,0.023856000000000002,0.5,29,13.0
rhino,犀牛,slow,0.1,16,12,legendary_or_better,0.023856000000000002,0.9,96,39.0
rhino,犀牛,slow,0.1,16,12,supreme,0.007984,0.5,87,39.0
rhino,犀牛,slow,0.1,16,12,supreme,0.007984,0.9,288,117.0
rhino,犀牛,slow,0.3,4,4,legendary_or_better,0.070704,0.5,10,19.5
rhino,犀牛,slow,0.3,4,4,legendary_or_better,0.070704,0.9,32,52.0
rhino,犀牛,slow,0.3,4,4,supreme,0.023856,0.5,29,52.0
rhino,犀牛,slow,0.3,4,4,supreme,0.023856,0.9,96,156.0
rhino,犀牛,slow,0.3,4,8,legendary_or_better,0.070704,0.5,10,20.0
rhino,犀牛,slow,0.3,4,8,legendary_or_better,0.070704,0.9,32,53.333333333333336
rhino,犀牛,slow,0.3,4,8,supreme,0.023856,0.5,29,53.333333333333336
rhino,犀牛,slow,0.3,4,8,supreme,0.023856,0.9,96,160.0
rhino,犀牛,slow,0.3,4,12,legendary_or_better,0.070704,0.5,10,19.5
rhino,犀牛,slow,0.3,4,12,legendary_or_better,0.070704,0.9,32,52.0
rhino,犀牛,slow,0.3,4,12,supreme,0.023856,0.5,29,52.0
rhino,犀牛,slow,0.3,4,12,supreme,0.023856,0.9,96,156.0
rhino,犀牛,slow,0.3,8,4,legendary_or_better,0.070704,0.5,10,13.0
rhino,犀牛,slow,0.3,8,4,legendary_or_better,0.070704,0.9,32,26.0
rhino,犀牛,slow,0.3,8,4,supreme,0.023856,0.5,29,26.0
rhino,犀牛,slow,0.3,8,4,supreme,0.023856,0.9,96,78.0
rhino,犀牛,slow,0.3,8,8,legendary_or_better,0.070704,0.5,10,13.333333333333334
rhino,犀牛,slow,0.3,8,8,legendary_or_better,0.070704,0.9,32,26.666666666666668
rhino,犀牛,slow,0.3,8,8,supreme,0.023856,0.5,29,26.666666666666668
rhino,犀牛,slow,0.3,8,8,supreme,0.023856,0.9,96,80.0
rhino,犀牛,slow,0.3,8,12,legendary_or_better,0.070704,0.5,10,13.0
rhino,犀牛,slow,0.3,8,12,legendary_or_better,0.070704,0.9,32,26.0
rhino,犀牛,slow,0.3,8,12,supreme,0.023856,0.5,29,26.0
rhino,犀牛,slow,0.3,8,12,supreme,0.023856,0.9,96,78.0
rhino,犀牛,slow,0.3,16,4,legendary_or_better,0.070704,0.5,10,6.5
rhino,犀牛,slow,0.3,16,4,legendary_or_better,0.070704,0.9,32,13.0
rhino,犀牛,slow,0.3,16,4,supreme,0.023856,0.5,29,13.0
rhino,犀牛,slow,0.3,16,4,supreme,0.023856,0.9,96,39.0
rhino,犀牛,slow,0.3,16,8,legendary_or_better,0.070704,0.5,10,6.666666666666667
rhino,犀牛,slow,0.3,16,8,legendary_or_better,0.070704,0.9,32,13.333333333333334
rhino,犀牛,slow,0.3,16,8,supreme,0.023856,0.5,29,13.333333333333334
rhino,犀牛,slow,0.3,16,8,supreme,0.023856,0.9,96,40.0
rhino,犀牛,slow,0.3,16,12,legendary_or_better,0.070704,0.5,10,6.5
rhino,犀牛,slow,0.3,16,12,legendary_or_better,0.070704,0.9,32,13.0
rhino,犀牛,slow,0.3,16,12,supreme,0.023856,0.5,29,13.0
rhino,犀牛,slow,0.3,16,12,supreme,0.023856,0.9,96,39.0
hippo,河马,slow,0.1,4,4,legendary_or_better,0.023856000000000002,0.5,29,36.0
hippo,河马,slow,0.1,4,4,legendary_or_better,0.023856000000000002,0.9,96,108.0
hippo,河马,slow,0.1,4,4,supreme,0.007984,0.5,87,99.0
hippo,河马,slow,0.1,4,4,supreme,0.007984,0.9,288,324.0
hippo,河马,slow,0.1,4,8,legendary_or_better,0.023856000000000002,0.5,29,37.333333333333336
hippo,河马,slow,0.1,4,8,legendary_or_better,0.023856000000000002,0.9,96,112.0
hippo,河马,slow,0.1,4,8,supreme,0.007984,0.5,87,102.66666666666667
hippo,河马,slow,0.1,4,8,supreme,0.007984,0.9,288,336.0
hippo,河马,slow,0.1,4,12,legendary_or_better,0.023856000000000002,0.5,29,36.0
hippo,河马,slow,0.1,4,12,legendary_or_better,0.023856000000000002,0.9,96,108.0
hippo,河马,slow,0.1,4,12,supreme,0.007984,0.5,87,99.0
hippo,河马,slow,0.1,4,12,supreme,0.007984,0.9,288,324.0
hippo,河马,slow,0.1,8,4,legendary_or_better,0.023856000000000002,0.5,29,18.0
hippo,河马,slow,0.1,8,4,legendary_or_better,0.023856000000000002,0.9,96,54.0
hippo,河马,slow,0.1,8,4,supreme,0.007984,0.5,87,49.5
hippo,河马,slow,0.1,8,4,supreme,0.007984,0.9,288,162.0
hippo,河马,slow,0.1,8,8,legendary_or_better,0.023856000000000002,0.5,29,18.666666666666668
hippo,河马,slow,0.1,8,8,legendary_or_better,0.023856000000000002,0.9,96,56.0
hippo,河马,slow,0.1,8,8,supreme,0.007984,0.5,87,51.333333333333336
hippo,河马,slow,0.1,8,8,supreme,0.007984,0.9,288,168.0
hippo,河马,slow,0.1,8,12,legendary_or_better,0.023856000000000002,0.5,29,18.0
hippo,河马,slow,0.1,8,12,legendary_or_better,0.023856000000000002,0.9,96,54.0
hippo,河马,slow,0.1,8,12,supreme,0.007984,0.5,87,49.5
hippo,河马,slow,0.1,8,12,supreme,0.007984,0.9,288,162.0
hippo,河马,slow,0.1,16,4,legendary_or_better,0.023856000000000002,0.5,29,9.0
hippo,河马,slow,0.1,16,4,legendary_or_better,0.023856000000000002,0.9,96,27.0
hippo,河马,slow,0.1,16,4,supreme,0.007984,0.5,87,27.0
hippo,河马,slow,0.1,16,4,supreme,0.007984,0.9,288,81.0
hippo,河马,slow,0.1,16,8,legendary_or_better,0.023856000000000002,0.5,29,9.333333333333334
hippo,河马,slow,0.1,16,8,legendary_or_better,0.023856000000000002,0.9,96,28.0
hippo,河马,slow,0.1,16,8,supreme,0.007984,0.5,87,28.0
hippo,河马,slow,0.1,16,8,supreme,0.007984,0.9,288,84.0
hippo,河马,slow,0.1,16,12,legendary_or_better,0.023856000000000002,0.5,29,9.0
hippo,河马,slow,0.1,16,12,legendary_or_better,0.023856000000000002,0.9,96,27.0
hippo,河马,slow,0.1,16,12,supreme,0.007984,0.5,87,27.0
hippo,河马,slow,0.1,16,12,supreme,0.007984,0.9,288,81.0
hippo,河马,slow,0.3,4,4,legendary_or_better,0.070704,0.5,10,13.5
hippo,河马,slow,0.3,4,4,legendary_or_better,0.070704,0.9,32,36.0
hippo,河马,slow,0.3,4,4,supreme,0.023856,0.5,29,36.0
hippo,河马,slow,0.3,4,4,supreme,0.023856,0.9,96,108.0
hippo,河马,slow,0.3,4,8,legendary_or_better,0.070704,0.5,10,14.0
hippo,河马,slow,0.3,4,8,legendary_or_better,0.070704,0.9,32,37.333333333333336
hippo,河马,slow,0.3,4,8,supreme,0.023856,0.5,29,37.333333333333336
hippo,河马,slow,0.3,4,8,supreme,0.023856,0.9,96,112.0
hippo,河马,slow,0.3,4,12,legendary_or_better,0.070704,0.5,10,13.5
hippo,河马,slow,0.3,4,12,legendary_or_better,0.070704,0.9,32,36.0
hippo,河马,slow,0.3,4,12,supreme,0.023856,0.5,29,36.0
hippo,河马,slow,0.3,4,12,supreme,0.023856,0.9,96,108.0
hippo,河马,slow,0.3,8,4,legendary_or_better,0.070704,0.5,10,9.0
hippo,河马,slow,0.3,8,4,legendary_or_better,0.070704,0.9,32,18.0
hippo,河马,slow,0.3,8,4,supreme,0.023856,0.5,29,18.0
hippo,河马,slow,0.3,8,4,supreme,0.023856,0.9,96,54.0
hippo,河马,slow,0.3,8,8,legendary_or_better,0.070704,0.5,10,9.333333333333334
hippo,河马,slow,0.3,8,8,legendary_or_better,0.070704,0.9,32,18.666666666666668
hippo,河马,slow,0.3,8,8,supreme,0.023856,0.5,29,18.666666666666668
hippo,河马,slow,0.3,8,8,supreme,0.023856,0.9,96,56.0
hippo,河马,slow,0.3,8,12,legendary_or_better,0.070704,0.5,10,9.0
hippo,河马,slow,0.3,8,12,legendary_or_better,0.070704,0.9,32,18.0
hippo,河马,slow,0.3,8,12,supreme,0.023856,0.5,29,18.0
hippo,河马,slow,0.3,8,12,supreme,0.023856,0.9,96,54.0
hippo,河马,slow,0.3,16,4,legendary_or_better,0.070704,0.5,10,4.5
hippo,河马,slow,0.3,16,4,legendary_or_better,0.070704,0.9,32,9.0
hippo,河马,slow,0.3,16,4,supreme,0.023856,0.5,29,9.0
hippo,河马,slow,0.3,16,4,supreme,0.023856,0.9,96,27.0
hippo,河马,slow,0.3,16,8,legendary_or_better,0.070704,0.5,10,4.666666666666667
hippo,河马,slow,0.3,16,8,legendary_or_better,0.070704,0.9,32,9.333333333333334
hippo,河马,slow,0.3,16,8,supreme,0.023856,0.5,29,9.333333333333334
hippo,河马,slow,0.3,16,8,supreme,0.023856,0.9,96,28.0
hippo,河马,slow,0.3,16,12,legendary_or_better,0.070704,0.5,10,4.5
hippo,河马,slow,0.3,16,12,legendary_or_better,0.070704,0.9,32,9.0
hippo,河马,slow,0.3,16,12,supreme,0.023856,0.5,29,9.0
hippo,河马,slow,0.3,16,12,supreme,0.023856,0.9,96,27.0
crocodile,鳄鱼,slow,0.1,4,4,legendary_or_better,0.023856000000000002,0.5,29,52.0
crocodile,鳄鱼,slow,0.1,4,4,legendary_or_better,0.023856000000000002,0.9,96,156.0
crocodile,鳄鱼,slow,0.1,4,4,supreme,0.007984,0.5,87,143.0
crocodile,鳄鱼,slow,0.1,4,4,supreme,0.007984,0.9,288,468.0
crocodile,鳄鱼,slow,0.1,4,8,legendary_or_better,0.023856000000000002,0.5,29,53.333333333333336
crocodile,鳄鱼,slow,0.1,4,8,legendary_or_better,0.023856000000000002,0.9,96,160.0
crocodile,鳄鱼,slow,0.1,4,8,supreme,0.007984,0.5,87,146.66666666666666
crocodile,鳄鱼,slow,0.1,4,8,supreme,0.007984,0.9,288,480.0
crocodile,鳄鱼,slow,0.1,4,12,legendary_or_better,0.023856000000000002,0.5,29,52.0
crocodile,鳄鱼,slow,0.1,4,12,legendary_or_better,0.023856000000000002,0.9,96,156.0
crocodile,鳄鱼,slow,0.1,4,12,supreme,0.007984,0.5,87,143.0
crocodile,鳄鱼,slow,0.1,4,12,supreme,0.007984,0.9,288,468.0
crocodile,鳄鱼,slow,0.1,8,4,legendary_or_better,0.023856000000000002,0.5,29,26.0
crocodile,鳄鱼,slow,0.1,8,4,legendary_or_better,0.023856000000000002,0.9,96,78.0
crocodile,鳄鱼,slow,0.1,8,4,supreme,0.007984,0.5,87,71.5
crocodile,鳄鱼,slow,0.1,8,4,supreme,0.007984,0.9,288,234.0
crocodile,鳄鱼,slow,0.1,8,8,legendary_or_better,0.023856000000000002,0.5,29,26.666666666666668
crocodile,鳄鱼,slow,0.1,8,8,legendary_or_better,0.023856000000000002,0.9,96,80.0
crocodile,鳄鱼,slow,0.1,8,8,supreme,0.007984,0.5,87,73.33333333333333
crocodile,鳄鱼,slow,0.1,8,8,supreme,0.007984,0.9,288,240.0
crocodile,鳄鱼,slow,0.1,8,12,legendary_or_better,0.023856000000000002,0.5,29,26.0
crocodile,鳄鱼,slow,0.1,8,12,legendary_or_better,0.023856000000000002,0.9,96,78.0
crocodile,鳄鱼,slow,0.1,8,12,supreme,0.007984,0.5,87,71.5
crocodile,鳄鱼,slow,0.1,8,12,supreme,0.007984,0.9,288,234.0
crocodile,鳄鱼,slow,0.1,16,4,legendary_or_better,0.023856000000000002,0.5,29,13.0
crocodile,鳄鱼,slow,0.1,16,4,legendary_or_better,0.023856000000000002,0.9,96,39.0
crocodile,鳄鱼,slow,0.1,16,4,supreme,0.007984,0.5,87,39.0
crocodile,鳄鱼,slow,0.1,16,4,supreme,0.007984,0.9,288,117.0
crocodile,鳄鱼,slow,0.1,16,8,legendary_or_better,0.023856000000000002,0.5,29,13.333333333333334
crocodile,鳄鱼,slow,0.1,16,8,legendary_or_better,0.023856000000000002,0.9,96,40.0
crocodile,鳄鱼,slow,0.1,16,8,supreme,0.007984,0.5,87,40.0
crocodile,鳄鱼,slow,0.1,16,8,supreme,0.007984,0.9,288,120.0
crocodile,鳄鱼,slow,0.1,16,12,legendary_or_better,0.023856000000000002,0.5,29,13.0
crocodile,鳄鱼,slow,0.1,16,12,legendary_or_better,0.023856000000000002,0.9,96,39.0
crocodile,鳄鱼,slow,0.1,16,12,supreme,0.007984,0.5,87,39.0
crocodile,鳄鱼,slow,0.1,16,12,supreme,0.007984,0.9,288,117.0
crocodile,鳄鱼,slow,0.3,4,4,legendary_or_better,0.070704,0.5,10,19.5
crocodile,鳄鱼,slow,0.3,4,4,legendary_or_better,0.070704,0.9,32,52.0
crocodile,鳄鱼,slow,0.3,4,4,supreme,0.023856,0.5,29,52.0
crocodile,鳄鱼,slow,0.3,4,4,supreme,0.023856,0.9,96,156.0
crocodile,鳄鱼,slow,0.3,4,8,legendary_or_better,0.070704,0.5,10,20.0
crocodile,鳄鱼,slow,0.3,4,8,legendary_or_better,0.070704,0.9,32,53.333333333333336
crocodile,鳄鱼,slow,0.3,4,8,supreme,0.023856,0.5,29,53.333333333333336
crocodile,鳄鱼,slow,0.3,4,8,supreme,0.023856,0.9,96,160.0
crocodile,鳄鱼,slow,0.3,4,12,legendary_or_better,0.070704,0.5,10,19.5
crocodile,鳄鱼,slow,0.3,4,12,legendary_or_better,0.070704,0.9,32,52.0
crocodile,鳄鱼,slow,0.3,4,12,supreme,0.023856,0.5,29,52.0
crocodile,鳄鱼,slow,0.3,4,12,supreme,0.023856,0.9,96,156.0
crocodile,鳄鱼,slow,0.3,8,4,legendary_or_better,0.070704,0.5,10,13.0
crocodile,鳄鱼,slow,0.3,8,4,legendary_or_better,0.070704,0.9,32,26.0
crocodile,鳄鱼,slow,0.3,8,4,supreme,0.023856,0.5,29,26.0
crocodile,鳄鱼,slow,0.3,8,4,supreme,0.023856,0.9,96,78.0
crocodile,鳄鱼,slow,0.3,8,8,legendary_or_better,0.070704,0.5,10,13.333333333333334
crocodile,鳄鱼,slow,0.3,8,8,legendary_or_better,0.070704,0.9,32,26.666666666666668
crocodile,鳄鱼,slow,0.3,8,8,supreme,0.023856,0.5,29,26.666666666666668
crocodile,鳄鱼,slow,0.3,8,8,supreme,0.023856,0.9,96,80.0
crocodile,鳄鱼,slow,0.3,8,12,legendary_or_better,0.070704,0.5,10,13.0
crocodile,鳄鱼,slow,0.3,8,12,legendary_or_better,0.070704,0.9,32,26.0
crocodile,鳄鱼,slow,0.3,8,12,supreme,0.023856,0.5,29,26.0
crocodile,鳄鱼,slow,0.3,8,12,supreme,0.023856,0.9,96,78.0
crocodile,鳄鱼,slow,0.3,16,4,legendary_or_better,0.070704,0.5,10,6.5
crocodile,鳄鱼,slow,0.3,16,4,legendary_or_better,0.070704,0.9,32,13.0
crocodile,鳄鱼,slow,0.3,16,4,supreme,0.023856,0.5,29,13.0
crocodile,鳄鱼,slow,0.3,16,4,supreme,0.023856,0.9,96,39.0
crocodile,鳄鱼,slow,0.3,16,8,legendary_or_better,0.070704,0.5,10,6.666666666666667
crocodile,鳄鱼,slow,0.3,16,8,legendary_or_better,0.070704,0.9,32,13.333333333333334
crocodile,鳄鱼,slow,0.3,16,8,supreme,0.023856,0.5,29,13.333333333333334
crocodile,鳄鱼,slow,0.3,16,8,supreme,0.023856,0.9,96,40.0
crocodile,鳄鱼,slow,0.3,16,12,legendary_or_better,0.070704,0.5,10,6.5
crocodile,鳄鱼,slow,0.3,16,12,legendary_or_better,0.070704,0.9,32,13.0
crocodile,鳄鱼,slow,0.3,16,12,supreme,0.023856,0.5,29,13.0
crocodile,鳄鱼,slow,0.3,16,12,supreme,0.023856,0.9,96,39.0
lion,狮子,slow,0.1,4,4,legendary_or_better,0.023856000000000002,0.5,29,56.0
lion,狮子,slow,0.1,4,4,legendary_or_better,0.023856000000000002,0.9,96,168.0
lion,狮子,slow,0.1,4,4,supreme,0.007984,0.5,87,154.0
lion,狮子,slow,0.1,4,4,supreme,0.007984,0.9,288,504.0
lion,狮子,slow,0.1,4,8,legendary_or_better,0.023856000000000002,0.5,29,56.0
lion,狮子,slow,0.1,4,8,legendary_or_better,0.023856000000000002,0.9,96,168.0
lion,狮子,slow,0.1,4,8,supreme,0.007984,0.5,87,154.0
lion,狮子,slow,0.1,4,8,supreme,0.007984,0.9,288,504.0
lion,狮子,slow,0.1,4,12,legendary_or_better,0.023856000000000002,0.5,29,56.0
lion,狮子,slow,0.1,4,12,legendary_or_better,0.023856000000000002,0.9,96,168.0
lion,狮子,slow,0.1,4,12,supreme,0.007984,0.5,87,154.0
lion,狮子,slow,0.1,4,12,supreme,0.007984,0.9,288,504.0
lion,狮子,slow,0.1,8,4,legendary_or_better,0.023856000000000002,0.5,29,28.0
lion,狮子,slow,0.1,8,4,legendary_or_better,0.023856000000000002,0.9,96,84.0
lion,狮子,slow,0.1,8,4,supreme,0.007984,0.5,87,77.0
lion,狮子,slow,0.1,8,4,supreme,0.007984,0.9,288,252.0
lion,狮子,slow,0.1,8,8,legendary_or_better,0.023856000000000002,0.5,29,28.0
lion,狮子,slow,0.1,8,8,legendary_or_better,0.023856000000000002,0.9,96,84.0
lion,狮子,slow,0.1,8,8,supreme,0.007984,0.5,87,77.0
lion,狮子,slow,0.1,8,8,supreme,0.007984,0.9,288,252.0
lion,狮子,slow,0.1,8,12,legendary_or_better,0.023856000000000002,0.5,29,28.0
lion,狮子,slow,0.1,8,12,legendary_or_better,0.023856000000000002,0.9,96,84.0
lion,狮子,slow,0.1,8,12,supreme,0.007984,0.5,87,77.0
lion,狮子,slow,0.1,8,12,supreme,0.007984,0.9,288,252.0
lion,狮子,slow,0.1,16,4,legendary_or_better,0.023856000000000002,0.5,29,14.0
lion,狮子,slow,0.1,16,4,legendary_or_better,0.023856000000000002,0.9,96,42.0
lion,狮子,slow,0.1,16,4,supreme,0.007984,0.5,87,42.0
lion,狮子,slow,0.1,16,4,supreme,0.007984,0.9,288,126.0
lion,狮子,slow,0.1,16,8,legendary_or_better,0.023856000000000002,0.5,29,14.0
lion,狮子,slow,0.1,16,8,legendary_or_better,0.023856000000000002,0.9,96,42.0
lion,狮子,slow,0.1,16,8,supreme,0.007984,0.5,87,42.0
lion,狮子,slow,0.1,16,8,supreme,0.007984,0.9,288,126.0
lion,狮子,slow,0.1,16,12,legendary_or_better,0.023856000000000002,0.5,29,14.0
lion,狮子,slow,0.1,16,12,legendary_or_better,0.023856000000000002,0.9,96,42.0
lion,狮子,slow,0.1,16,12,supreme,0.007984,0.5,87,42.0
lion,狮子,slow,0.1,16,12,supreme,0.007984,0.9,288,126.0
lion,狮子,slow,0.3,4,4,legendary_or_better,0.070704,0.5,10,21.0
lion,狮子,slow,0.3,4,4,legendary_or_better,0.070704,0.9,32,56.0
lion,狮子,slow,0.3,4,4,supreme,0.023856,0.5,29,56.0
lion,狮子,slow,0.3,4,4,supreme,0.023856,0.9,96,168.0
lion,狮子,slow,0.3,4,8,legendary_or_better,0.070704,0.5,10,21.0
lion,狮子,slow,0.3,4,8,legendary_or_better,0.070704,0.9,32,56.0
lion,狮子,slow,0.3,4,8,supreme,0.023856,0.5,29,56.0
lion,狮子,slow,0.3,4,8,supreme,0.023856,0.9,96,168.0
lion,狮子,slow,0.3,4,12,legendary_or_better,0.070704,0.5,10,21.0
lion,狮子,slow,0.3,4,12,legendary_or_better,0.070704,0.9,32,56.0
lion,狮子,slow,0.3,4,12,supreme,0.023856,0.5,29,56.0
lion,狮子,slow,0.3,4,12,supreme,0.023856,0.9,96,168.0
lion,狮子,slow,0.3,8,4,legendary_or_better,0.070704,0.5,10,14.0
lion,狮子,slow,0.3,8,4,legendary_or_better,0.070704,0.9,32,28.0
lion,狮子,slow,0.3,8,4,supreme,0.023856,0.5,29,28.0
lion,狮子,slow,0.3,8,4,supreme,0.023856,0.9,96,84.0
lion,狮子,slow,0.3,8,8,legendary_or_better,0.070704,0.5,10,14.0
lion,狮子,slow,0.3,8,8,legendary_or_better,0.070704,0.9,32,28.0
lion,狮子,slow,0.3,8,8,supreme,0.023856,0.5,29,28.0
lion,狮子,slow,0.3,8,8,supreme,0.023856,0.9,96,84.0
lion,狮子,slow,0.3,8,12,legendary_or_better,0.070704,0.5,10,14.0
lion,狮子,slow,0.3,8,12,legendary_or_better,0.070704,0.9,32,28.0
lion,狮子,slow,0.3,8,12,supreme,0.023856,0.5,29,28.0
lion,狮子,slow,0.3,8,12,supreme,0.023856,0.9,96,84.0
lion,狮子,slow,0.3,16,4,legendary_or_better,0.070704,0.5,10,7.0
lion,狮子,slow,0.3,16,4,legendary_or_better,0.070704,0.9,32,14.0
lion,狮子,slow,0.3,16,4,supreme,0.023856,0.5,29,14.0
lion,狮子,slow,0.3,16,4,supreme,0.023856,0.9,96,42.0
lion,狮子,slow,0.3,16,8,legendary_or_better,0.070704,0.5,10,7.0
lion,狮子,slow,0.3,16,8,legendary_or_better,0.070704,0.9,32,14.0
lion,狮子,slow,0.3,16,8,supreme,0.023856,0.5,29,14.0
lion,狮子,slow,0.3,16,8,supreme,0.023856,0.9,96,42.0
lion,狮子,slow,0.3,16,12,legendary_or_better,0.070704,0.5,10,7.0
lion,狮子,slow,0.3,16,12,legendary_or_better,0.070704,0.9,32,14.0
lion,狮子,slow,0.3,16,12,supreme,0.023856,0.5,29,14.0
lion,狮子,slow,0.3,16,12,supreme,0.023856,0.9,96,42.0
elephant,大象,slow,0.1,4,4,legendary_or_better,0.023856000000000002,0.5,29,72.0
elephant,大象,slow,0.1,4,4,legendary_or_better,0.023856000000000002,0.9,96,216.0
elephant,大象,slow,0.1,4,4,supreme,0.007984,0.5,87,198.0
elephant,大象,slow,0.1,4,4,supreme,0.007984,0.9,288,648.0
elephant,大象,slow,0.1,4,8,legendary_or_better,0.023856000000000002,0.5,29,72.0
elephant,大象,slow,0.1,4,8,legendary_or_better,0.023856000000000002,0.9,96,216.0
elephant,大象,slow,0.1,4,8,supreme,0.007984,0.5,87,198.0
elephant,大象,slow,0.1,4,8,supreme,0.007984,0.9,288,648.0
elephant,大象,slow,0.1,4,12,legendary_or_better,0.023856000000000002,0.5,29,72.0
elephant,大象,slow,0.1,4,12,legendary_or_better,0.023856000000000002,0.9,96,216.0
elephant,大象,slow,0.1,4,12,supreme,0.007984,0.5,87,198.0
elephant,大象,slow,0.1,4,12,supreme,0.007984,0.9,288,648.0
elephant,大象,slow,0.1,8,4,legendary_or_better,0.023856000000000002,0.5,29,36.0
elephant,大象,slow,0.1,8,4,legendary_or_better,0.023856000000000002,0.9,96,108.0
elephant,大象,slow,0.1,8,4,supreme,0.007984,0.5,87,99.0
elephant,大象,slow,0.1,8,4,supreme,0.007984,0.9,288,324.0
elephant,大象,slow,0.1,8,8,legendary_or_better,0.023856000000000002,0.5,29,36.0
elephant,大象,slow,0.1,8,8,legendary_or_better,0.023856000000000002,0.9,96,108.0
elephant,大象,slow,0.1,8,8,supreme,0.007984,0.5,87,99.0
elephant,大象,slow,0.1,8,8,supreme,0.007984,0.9,288,324.0
elephant,大象,slow,0.1,8,12,legendary_or_better,0.023856000000000002,0.5,29,36.0
elephant,大象,slow,0.1,8,12,legendary_or_better,0.023856000000000002,0.9,96,108.0
elephant,大象,slow,0.1,8,12,supreme,0.007984,0.5,87,99.0
elephant,大象,slow,0.1,8,12,supreme,0.007984,0.9,288,324.0
elephant,大象,slow,0.1,16,4,legendary_or_better,0.023856000000000002,0.5,29,18.0
elephant,大象,slow,0.1,16,4,legendary_or_better,0.023856000000000002,0.9,96,54.0
elephant,大象,slow,0.1,16,4,supreme,0.007984,0.5,87,54.0
elephant,大象,slow,0.1,16,4,supreme,0.007984,0.9,288,162.0
elephant,大象,slow,0.1,16,8,legendary_or_better,0.023856000000000002,0.5,29,18.0
elephant,大象,slow,0.1,16,8,legendary_or_better,0.023856000000000002,0.9,96,54.0
elephant,大象,slow,0.1,16,8,supreme,0.007984,0.5,87,54.0
elephant,大象,slow,0.1,16,8,supreme,0.007984,0.9,288,162.0
elephant,大象,slow,0.1,16,12,legendary_or_better,0.023856000000000002,0.5,29,18.0
elephant,大象,slow,0.1,16,12,legendary_or_better,0.023856000000000002,0.9,96,54.0
elephant,大象,slow,0.1,16,12,supreme,0.007984,0.5,87,54.0
elephant,大象,slow,0.1,16,12,supreme,0.007984,0.9,288,162.0
elephant,大象,slow,0.3,4,4,legendary_or_better,0.070704,0.5,10,27.0
elephant,大象,slow,0.3,4,4,legendary_or_better,0.070704,0.9,32,72.0
elephant,大象,slow,0.3,4,4,supreme,0.023856,0.5,29,72.0
elephant,大象,slow,0.3,4,4,supreme,0.023856,0.9,96,216.0
elephant,大象,slow,0.3,4,8,legendary_or_better,0.070704,0.5,10,27.0
elephant,大象,slow,0.3,4,8,legendary_or_better,0.070704,0.9,32,72.0
elephant,大象,slow,0.3,4,8,supreme,0.023856,0.5,29,72.0
elephant,大象,slow,0.3,4,8,supreme,0.023856,0.9,96,216.0
elephant,大象,slow,0.3,4,12,legendary_or_better,0.070704,0.5,10,27.0
elephant,大象,slow,0.3,4,12,legendary_or_better,0.070704,0.9,32,72.0
elephant,大象,slow,0.3,4,12,supreme,0.023856,0.5,29,72.0
elephant,大象,slow,0.3,4,12,supreme,0.023856,0.9,96,216.0
elephant,大象,slow,0.3,8,4,legendary_or_better,0.070704,0.5,10,18.0
elephant,大象,slow,0.3,8,4,legendary_or_better,0.070704,0.9,32,36.0
elephant,大象,slow,0.3,8,4,supreme,0.023856,0.5,29,36.0
elephant,大象,slow,0.3,8,4,supreme,0.023856,0.9,96,108.0
elephant,大象,slow,0.3,8,8,legendary_or_better,0.070704,0.5,10,18.0
elephant,大象,slow,0.3,8,8,legendary_or_better,0.070704,0.9,32,36.0
elephant,大象,slow,0.3,8,8,supreme,0.023856,0.5,29,36.0
elephant,大象,slow,0.3,8,8,supreme,0.023856,0.9,96,108.0
elephant,大象,slow,0.3,8,12,legendary_or_better,0.070704,0.5,10,18.0
elephant,大象,slow,0.3,8,12,legendary_or_better,0.070704,0.9,32,36.0
elephant,大象,slow,0.3,8,12,supreme,0.023856,0.5,29,36.0
elephant,大象,slow,0.3,8,12,supreme,0.023856,0.9,96,108.0
elephant,大象,slow,0.3,16,4,legendary_or_better,0.070704,0.5,10,9.0
elephant,大象,slow,0.3,16,4,legendary_or_better,0.070704,0.9,32,18.0
elephant,大象,slow,0.3,16,4,supreme,0.023856,0.5,29,18.0
elephant,大象,slow,0.3,16,4,supreme,0.023856,0.9,96,54.0
elephant,大象,slow,0.3,16,8,legendary_or_better,0.070704,0.5,10,9.0
elephant,大象,slow,0.3,16,8,legendary_or_better,0.070704,0.9,32,18.0
elephant,大象,slow,0.3,16,8,supreme,0.023856,0.5,29,18.0
elephant,大象,slow,0.3,16,8,supreme,0.023856,0.9,96,54.0
elephant,大象,slow,0.3,16,12,legendary_or_better,0.070704,0.5,10,9.0
elephant,大象,slow,0.3,16,12,legendary_or_better,0.070704,0.9,32,18.0
elephant,大象,slow,0.3,16,12,supreme,0.023856,0.5,29,18.0
elephant,大象,slow,0.3,16,12,supreme,0.023856,0.9,96,54.0
panda,大熊猫,slow,0.1,4,4,legendary_or_better,0.023856000000000002,0.5,29,40.0
panda,大熊猫,slow,0.1,4,4,legendary_or_better,0.023856000000000002,0.9,96,120.0
panda,大熊猫,slow,0.1,4,4,supreme,0.007984,0.5,87,110.0
panda,大熊猫,slow,0.1,4,4,supreme,0.007984,0.9,288,360.0
panda,大熊猫,slow,0.1,4,8,legendary_or_better,0.023856000000000002,0.5,29,40.0
panda,大熊猫,slow,0.1,4,8,legendary_or_better,0.023856000000000002,0.9,96,120.0
panda,大熊猫,slow,0.1,4,8,supreme,0.007984,0.5,87,110.0
panda,大熊猫,slow,0.1,4,8,supreme,0.007984,0.9,288,360.0
panda,大熊猫,slow,0.1,4,12,legendary_or_better,0.023856000000000002,0.5,29,40.0
panda,大熊猫,slow,0.1,4,12,legendary_or_better,0.023856000000000002,0.9,96,120.0
panda,大熊猫,slow,0.1,4,12,supreme,0.007984,0.5,87,110.0
panda,大熊猫,slow,0.1,4,12,supreme,0.007984,0.9,288,360.0
panda,大熊猫,slow,0.1,8,4,legendary_or_better,0.023856000000000002,0.5,29,20.0
panda,大熊猫,slow,0.1,8,4,legendary_or_better,0.023856000000000002,0.9,96,60.0
panda,大熊猫,slow,0.1,8,4,supreme,0.007984,0.5,87,55.0
panda,大熊猫,slow,0.1,8,4,supreme,0.007984,0.9,288,180.0
panda,大熊猫,slow,0.1,8,8,legendary_or_better,0.023856000000000002,0.5,29,20.0
panda,大熊猫,slow,0.1,8,8,legendary_or_better,0.023856000000000002,0.9,96,60.0
panda,大熊猫,slow,0.1,8,8,supreme,0.007984,0.5,87,55.0
panda,大熊猫,slow,0.1,8,8,supreme,0.007984,0.9,288,180.0
panda,大熊猫,slow,0.1,8,12,legendary_or_better,0.023856000000000002,0.5,29,20.0
panda,大熊猫,slow,0.1,8,12,legendary_or_better,0.023856000000000002,0.9,96,60.0
panda,大熊猫,slow,0.1,8,12,supreme,0.007984,0.5,87,55.0
panda,大熊猫,slow,0.1,8,12,supreme,0.007984,0.9,288,180.0
panda,大熊猫,slow,0.1,16,4,legendary_or_better,0.023856000000000002,0.5,29,10.0
panda,大熊猫,slow,0.1,16,4,legendary_or_better,0.023856000000000002,0.9,96,30.0
panda,大熊猫,slow,0.1,16,4,supreme,0.007984,0.5,87,30.0
panda,大熊猫,slow,0.1,16,4,supreme,0.007984,0.9,288,90.0
panda,大熊猫,slow,0.1,16,8,legendary_or_better,0.023856000000000002,0.5,29,10.0
panda,大熊猫,slow,0.1,16,8,legendary_or_better,0.023856000000000002,0.9,96,30.0
panda,大熊猫,slow,0.1,16,8,supreme,0.007984,0.5,87,30.0
panda,大熊猫,slow,0.1,16,8,supreme,0.007984,0.9,288,90.0
panda,大熊猫,slow,0.1,16,12,legendary_or_better,0.023856000000000002,0.5,29,10.0
panda,大熊猫,slow,0.1,16,12,legendary_or_better,0.023856000000000002,0.9,96,30.0
panda,大熊猫,slow,0.1,16,12,supreme,0.007984,0.5,87,30.0
panda,大熊猫,slow,0.1,16,12,supreme,0.007984,0.9,288,90.0
panda,大熊猫,slow,0.3,4,4,legendary_or_better,0.070704,0.5,10,15.0
panda,大熊猫,slow,0.3,4,4,legendary_or_better,0.070704,0.9,32,40.0
panda,大熊猫,slow,0.3,4,4,supreme,0.023856,0.5,29,40.0
panda,大熊猫,slow,0.3,4,4,supreme,0.023856,0.9,96,120.0
panda,大熊猫,slow,0.3,4,8,legendary_or_better,0.070704,0.5,10,15.0
panda,大熊猫,slow,0.3,4,8,legendary_or_better,0.070704,0.9,32,40.0
panda,大熊猫,slow,0.3,4,8,supreme,0.023856,0.5,29,40.0
panda,大熊猫,slow,0.3,4,8,supreme,0.023856,0.9,96,120.0
panda,大熊猫,slow,0.3,4,12,legendary_or_better,0.070704,0.5,10,15.0
panda,大熊猫,slow,0.3,4,12,legendary_or_better,0.070704,0.9,32,40.0
panda,大熊猫,slow,0.3,4,12,supreme,0.023856,0.5,29,40.0
panda,大熊猫,slow,0.3,4,12,supreme,0.023856,0.9,96,120.0
panda,大熊猫,slow,0.3,8,4,legendary_or_better,0.070704,0.5,10,10.0
panda,大熊猫,slow,0.3,8,4,legendary_or_better,0.070704,0.9,32,20.0
panda,大熊猫,slow,0.3,8,4,supreme,0.023856,0.5,29,20.0
panda,大熊猫,slow,0.3,8,4,supreme,0.023856,0.9,96,60.0
panda,大熊猫,slow,0.3,8,8,legendary_or_better,0.070704,0.5,10,10.0
panda,大熊猫,slow,0.3,8,8,legendary_or_better,0.070704,0.9,32,20.0
panda,大熊猫,slow,0.3,8,8,supreme,0.023856,0.5,29,20.0
panda,大熊猫,slow,0.3,8,8,supreme,0.023856,0.9,96,60.0
panda,大熊猫,slow,0.3,8,12,legendary_or_better,0.070704,0.5,10,10.0
panda,大熊猫,slow,0.3,8,12,legendary_or_better,0.070704,0.9,32,20.0
panda,大熊猫,slow,0.3,8,12,supreme,0.023856,0.5,29,20.0
panda,大熊猫,slow,0.3,8,12,supreme,0.023856,0.9,96,60.0
panda,大熊猫,slow,0.3,16,4,legendary_or_better,0.070704,0.5,10,5.0
panda,大熊猫,slow,0.3,16,4,legendary_or_better,0.070704,0.9,32,10.0
panda,大熊猫,slow,0.3,16,4,supreme,0.023856,0.5,29,10.0
panda,大熊猫,slow,0.3,16,4,supreme,0.023856,0.9,96,30.0
panda,大熊猫,slow,0.3,16,8,legendary_or_better,0.070704,0.5,10,5.0
panda,大熊猫,slow,0.3,16,8,legendary_or_better,0.070704,0.9,32,10.0
panda,大熊猫,slow,0.3,16,8,supreme,0.023856,0.5,29,10.0
panda,大熊猫,slow,0.3,16,8,supreme,0.023856,0.9,96,30.0
panda,大熊猫,slow,0.3,16,12,legendary_or_better,0.070704,0.5,10,5.0
panda,大熊猫,slow,0.3,16,12,legendary_or_better,0.070704,0.9,32,10.0
panda,大熊猫,slow,0.3,16,12,supreme,0.023856,0.5,29,10.0
panda,大熊猫,slow,0.3,16,12,supreme,0.023856,0.9,96,30.0
sloth,树懒,slow,0.1,4,4,legendary_or_better,0.023856000000000002,0.5,29,72.0
sloth,树懒,slow,0.1,4,4,legendary_or_better,0.023856000000000002,0.9,96,216.0
sloth,树懒,slow,0.1,4,4,supreme,0.007984,0.5,87,198.0
sloth,树懒,slow,0.1,4,4,supreme,0.007984,0.9,288,648.0
sloth,树懒,slow,0.1,4,8,legendary_or_better,0.023856000000000002,0.5,29,72.0
sloth,树懒,slow,0.1,4,8,legendary_or_better,0.023856000000000002,0.9,96,216.0
sloth,树懒,slow,0.1,4,8,supreme,0.007984,0.5,87,198.0
sloth,树懒,slow,0.1,4,8,supreme,0.007984,0.9,288,648.0
sloth,树懒,slow,0.1,4,12,legendary_or_better,0.023856000000000002,0.5,29,72.0
sloth,树懒,slow,0.1,4,12,legendary_or_better,0.023856000000000002,0.9,96,216.0
sloth,树懒,slow,0.1,4,12,supreme,0.007984,0.5,87,198.0
sloth,树懒,slow,0.1,4,12,supreme,0.007984,0.9,288,648.0
sloth,树懒,slow,0.1,8,4,legendary_or_better,0.023856000000000002,0.5,29,36.0
sloth,树懒,slow,0.1,8,4,legendary_or_better,0.023856000000000002,0.9,96,108.0
sloth,树懒,slow,0.1,8,4,supreme,0.007984,0.5,87,99.0
sloth,树懒,slow,0.1,8,4,supreme,0.007984,0.9,288,324.0
sloth,树懒,slow,0.1,8,8,legendary_or_better,0.023856000000000002,0.5,29,36.0
sloth,树懒,slow,0.1,8,8,legendary_or_better,0.023856000000000002,0.9,96,108.0
sloth,树懒,slow,0.1,8,8,supreme,0.007984,0.5,87,99.0
sloth,树懒,slow,0.1,8,8,supreme,0.007984,0.9,288,324.0
sloth,树懒,slow,0.1,8,12,legendary_or_better,0.023856000000000002,0.5,29,36.0
sloth,树懒,slow,0.1,8,12,legendary_or_better,0.023856000000000002,0.9,96,108.0
sloth,树懒,slow,0.1,8,12,supreme,0.007984,0.5,87,99.0
sloth,树懒,slow,0.1,8,12,supreme,0.007984,0.9,288,324.0
sloth,树懒,slow,0.1,16,4,legendary_or_better,0.023856000000000002,0.5,29,18.0
sloth,树懒,slow,0.1,16,4,legendary_or_better,0.023856000000000002,0.9,96,54.0
sloth,树懒,slow,0.1,16,4,supreme,0.007984,0.5,87,54.0
sloth,树懒,slow,0.1,16,4,supreme,0.007984,0.9,288,162.0
sloth,树懒,slow,0.1,16,8,legendary_or_better,0.023856000000000002,0.5,29,18.0
sloth,树懒,slow,0.1,16,8,legendary_or_better,0.023856000000000002,0.9,96,54.0
sloth,树懒,slow,0.1,16,8,supreme,0.007984,0.5,87,54.0
sloth,树懒,slow,0.1,16,8,supreme,0.007984,0.9,288,162.0
sloth,树懒,slow,0.1,16,12,legendary_or_better,0.023856000000000002,0.5,29,18.0
sloth,树懒,slow,0.1,16,12,legendary_or_better,0.023856000000000002,0.9,96,54.0
sloth,树懒,slow,0.1,16,12,supreme,0.007984,0.5,87,54.0
sloth,树懒,slow,0.1,16,12,supreme,0.007984,0.9,288,162.0
sloth,树懒,slow,0.3,4,4,legendary_or_better,0.070704,0.5,10,27.0
sloth,树懒,slow,0.3,4,4,legendary_or_better,0.070704,0.9,32,72.0
sloth,树懒,slow,0.3,4,4,supreme,0.023856,0.5,29,72.0
sloth,树懒,slow,0.3,4,4,supreme,0.023856,0.9,96,216.0
sloth,树懒,slow,0.3,4,8,legendary_or_better,0.070704,0.5,10,27.0
sloth,树懒,slow,0.3,4,8,legendary_or_better,0.070704,0.9,32,72.0
sloth,树懒,slow,0.3,4,8,supreme,0.023856,0.5,29,72.0
sloth,树懒,slow,0.3,4,8,supreme,0.023856,0.9,96,216.0
sloth,树懒,slow,0.3,4,12,legendary_or_better,0.070704,0.5,10,27.0
sloth,树懒,slow,0.3,4,12,legendary_or_better,0.070704,0.9,32,72.0
sloth,树懒,slow,0.3,4,12,supreme,0.023856,0.5,29,72.0
sloth,树懒,slow,0.3,4,12,supreme,0.023856,0.9,96,216.0
sloth,树懒,slow,0.3,8,4,legendary_or_better,0.070704,0.5,10,18.0
sloth,树懒,slow,0.3,8,4,legendary_or_better,0.070704,0.9,32,36.0
sloth,树懒,slow,0.3,8,4,supreme,0.023856,0.5,29,36.0
sloth,树懒,slow,0.3,8,4,supreme,0.023856,0.9,96,108.0
sloth,树懒,slow,0.3,8,8,legendary_or_better,0.070704,0.5,10,18.0
sloth,树懒,slow,0.3,8,8,legendary_or_better,0.070704,0.9,32,36.0
sloth,树懒,slow,0.3,8,8,supreme,0.023856,0.5,29,36.0
sloth,树懒,slow,0.3,8,8,supreme,0.023856,0.9,96,108.0
sloth,树懒,slow,0.3,8,12,legendary_or_better,0.070704,0.5,10,18.0
sloth,树懒,slow,0.3,8,12,legendary_or_better,0.070704,0.9,32,36.0
sloth,树懒,slow,0.3,8,12,supreme,0.023856,0.5,29,36.0
sloth,树懒,slow,0.3,8,12,supreme,0.023856,0.9,96,108.0
sloth,树懒,slow,0.3,16,4,legendary_or_better,0.070704,0.5,10,9.0
sloth,树懒,slow,0.3,16,4,legendary_or_better,0.070704,0.9,32,18.0
sloth,树懒,slow,0.3,16,4,supreme,0.023856,0.5,29,18.0
sloth,树懒,slow,0.3,16,4,supreme,0.023856,0.9,96,54.0
sloth,树懒,slow,0.3,16,8,legendary_or_better,0.070704,0.5,10,9.0
sloth,树懒,slow,0.3,16,8,legendary_or_better,0.070704,0.9,32,18.0
sloth,树懒,slow,0.3,16,8,supreme,0.023856,0.5,29,18.0
sloth,树懒,slow,0.3,16,8,supreme,0.023856,0.9,96,54.0
sloth,树懒,slow,0.3,16,12,legendary_or_better,0.070704,0.5,10,9.0
sloth,树懒,slow,0.3,16,12,legendary_or_better,0.070704,0.9,32,18.0
sloth,树懒,slow,0.3,16,12,supreme,0.023856,0.5,29,18.0
sloth,树懒,slow,0.3,16,12,supreme,0.023856,0.9,96,54.0
