id,policy,daily_tokens,slots,visit_hours,raw_days,token_days,minimum_resource_days,merges,tokens,coins
chicken,fast,1,4,4,0.6666666666666666,54.0,54.0,"[0, 8, 4, 2, 1]",54,59
chicken,fast,1,4,8,1.3333333333333333,54.0,54.0,"[0, 8, 4, 2, 1]",54,59
chicken,fast,1,4,12,2.0,54.0,54.0,"[0, 8, 4, 2, 1]",54,59
chicken,fast,1,8,4,0.3333333333333333,54.0,54.0,"[0, 8, 4, 2, 1]",54,59
chicken,fast,1,8,8,0.6666666666666666,54.0,54.0,"[0, 8, 4, 2, 1]",54,59
chicken,fast,1,8,12,1.0,54.0,54.0,"[0, 8, 4, 2, 1]",54,59
chicken,fast,1,16,4,0.16666666666666666,54.0,54.0,"[0, 8, 4, 2, 1]",54,59
chicken,fast,1,16,8,0.3333333333333333,54.0,54.0,"[0, 8, 4, 2, 1]",54,59
chicken,fast,1,16,12,0.5,54.0,54.0,"[0, 8, 4, 2, 1]",54,59
chicken,fast,2,4,4,0.6666666666666666,27.0,27.0,"[0, 8, 4, 2, 1]",54,59
chicken,fast,2,4,8,1.3333333333333333,27.0,27.0,"[0, 8, 4, 2, 1]",54,59
chicken,fast,2,4,12,2.0,27.0,27.0,"[0, 8, 4, 2, 1]",54,59
chicken,fast,2,8,4,0.3333333333333333,27.0,27.0,"[0, 8, 4, 2, 1]",54,59
chicken,fast,2,8,8,0.6666666666666666,27.0,27.0,"[0, 8, 4, 2, 1]",54,59
chicken,fast,2,8,12,1.0,27.0,27.0,"[0, 8, 4, 2, 1]",54,59
chicken,fast,2,16,4,0.16666666666666666,27.0,27.0,"[0, 8, 4, 2, 1]",54,59
chicken,fast,2,16,8,0.3333333333333333,27.0,27.0,"[0, 8, 4, 2, 1]",54,59
chicken,fast,2,16,12,0.5,27.0,27.0,"[0, 8, 4, 2, 1]",54,59
chicken,fast,3,4,4,0.6666666666666666,18.0,18.0,"[0, 8, 4, 2, 1]",54,59
chicken,fast,3,4,8,1.3333333333333333,18.0,18.0,"[0, 8, 4, 2, 1]",54,59
chicken,fast,3,4,12,2.0,18.0,18.0,"[0, 8, 4, 2, 1]",54,59
chicken,fast,3,8,4,0.3333333333333333,18.0,18.0,"[0, 8, 4, 2, 1]",54,59
chicken,fast,3,8,8,0.6666666666666666,18.0,18.0,"[0, 8, 4, 2, 1]",54,59
chicken,fast,3,8,12,1.0,18.0,18.0,"[0, 8, 4, 2, 1]",54,59
chicken,fast,3,16,4,0.16666666666666666,18.0,18.0,"[0, 8, 4, 2, 1]",54,59
chicken,fast,3,16,8,0.3333333333333333,18.0,18.0,"[0, 8, 4, 2, 1]",54,59
chicken,fast,3,16,12,0.5,18.0,18.0,"[0, 8, 4, 2, 1]",54,59
chicken,fast,6,4,4,0.6666666666666666,9.0,9.0,"[0, 8, 4, 2, 1]",54,59
chicken,fast,6,4,8,1.3333333333333333,9.0,9.0,"[0, 8, 4, 2, 1]",54,59
chicken,fast,6,4,12,2.0,9.0,9.0,"[0, 8, 4, 2, 1]",54,59
chicken,fast,6,8,4,0.3333333333333333,9.0,9.0,"[0, 8, 4, 2, 1]",54,59
chicken,fast,6,8,8,0.6666666666666666,9.0,9.0,"[0, 8, 4, 2, 1]",54,59
chicken,fast,6,8,12,1.0,9.0,9.0,"[0, 8, 4, 2, 1]",54,59
chicken,fast,6,16,4,0.16666666666666666,9.0,9.0,"[0, 8, 4, 2, 1]",54,59
chicken,fast,6,16,8,0.3333333333333333,9.0,9.0,"[0, 8, 4, 2, 1]",54,59
chicken,fast,6,16,12,0.5,9.0,9.0,"[0, 8, 4, 2, 1]",54,59
chicken,balanced,1,4,4,0.6666666666666666,84.0,84.0,"[0, 8, 4, 2, 1]",84,59
chicken,balanced,1,4,8,1.3333333333333333,84.0,84.0,"[0, 8, 4, 2, 1]",84,59
chicken,balanced,1,4,12,2.0,84.0,84.0,"[0, 8, 4, 2, 1]",84,59
chicken,balanced,1,8,4,0.3333333333333333,84.0,84.0,"[0, 8, 4, 2, 1]",84,59
chicken,balanced,1,8,8,0.6666666666666666,84.0,84.0,"[0, 8, 4, 2, 1]",84,59
chicken,balanced,1,8,12,1.0,84.0,84.0,"[0, 8, 4, 2, 1]",84,59
chicken,balanced,1,16,4,0.16666666666666666,84.0,84.0,"[0, 8, 4, 2, 1]",84,59
chicken,balanced,1,16,8,0.3333333333333333,84.0,84.0,"[0, 8, 4, 2, 1]",84,59
chicken,balanced,1,16,12,0.5,84.0,84.0,"[0, 8, 4, 2, 1]",84,59
chicken,balanced,2,4,4,0.6666666666666666,42.0,42.0,"[0, 8, 4, 2, 1]",84,59
chicken,balanced,2,4,8,1.3333333333333333,42.0,42.0,"[0, 8, 4, 2, 1]",84,59
chicken,balanced,2,4,12,2.0,42.0,42.0,"[0, 8, 4, 2, 1]",84,59
chicken,balanced,2,8,4,0.3333333333333333,42.0,42.0,"[0, 8, 4, 2, 1]",84,59
chicken,balanced,2,8,8,0.6666666666666666,42.0,42.0,"[0, 8, 4, 2, 1]",84,59
chicken,balanced,2,8,12,1.0,42.0,42.0,"[0, 8, 4, 2, 1]",84,59
chicken,balanced,2,16,4,0.16666666666666666,42.0,42.0,"[0, 8, 4, 2, 1]",84,59
chicken,balanced,2,16,8,0.3333333333333333,42.0,42.0,"[0, 8, 4, 2, 1]",84,59
chicken,balanced,2,16,12,0.5,42.0,42.0,"[0, 8, 4, 2, 1]",84,59
chicken,balanced,3,4,4,0.6666666666666666,28.0,28.0,"[0, 8, 4, 2, 1]",84,59
chicken,balanced,3,4,8,1.3333333333333333,28.0,28.0,"[0, 8, 4, 2, 1]",84,59
chicken,balanced,3,4,12,2.0,28.0,28.0,"[0, 8, 4, 2, 1]",84,59
chicken,balanced,3,8,4,0.3333333333333333,28.0,28.0,"[0, 8, 4, 2, 1]",84,59
chicken,balanced,3,8,8,0.6666666666666666,28.0,28.0,"[0, 8, 4, 2, 1]",84,59
chicken,balanced,3,8,12,1.0,28.0,28.0,"[0, 8, 4, 2, 1]",84,59
chicken,balanced,3,16,4,0.16666666666666666,28.0,28.0,"[0, 8, 4, 2, 1]",84,59
chicken,balanced,3,16,8,0.3333333333333333,28.0,28.0,"[0, 8, 4, 2, 1]",84,59
chicken,balanced,3,16,12,0.5,28.0,28.0,"[0, 8, 4, 2, 1]",84,59
chicken,balanced,6,4,4,0.6666666666666666,14.0,14.0,"[0, 8, 4, 2, 1]",84,59
chicken,balanced,6,4,8,1.3333333333333333,14.0,14.0,"[0, 8, 4, 2, 1]",84,59
chicken,balanced,6,4,12,2.0,14.0,14.0,"[0, 8, 4, 2, 1]",84,59
chicken,balanced,6,8,4,0.3333333333333333,14.0,14.0,"[0, 8, 4, 2, 1]",84,59
chicken,balanced,6,8,8,0.6666666666666666,14.0,14.0,"[0, 8, 4, 2, 1]",84,59
chicken,balanced,6,8,12,1.0,14.0,14.0,"[0, 8, 4, 2, 1]",84,59
chicken,balanced,6,16,4,0.16666666666666666,14.0,14.0,"[0, 8, 4, 2, 1]",84,59
chicken,balanced,6,16,8,0.3333333333333333,14.0,14.0,"[0, 8, 4, 2, 1]",84,59
chicken,balanced,6,16,12,0.5,14.0,14.0,"[0, 8, 4, 2, 1]",84,59
chicken,slow,1,4,4,0.6666666666666666,140.0,140.0,"[0, 8, 4, 2, 1]",140,59
chicken,slow,1,4,8,1.3333333333333333,140.0,140.0,"[0, 8, 4, 2, 1]",140,59
chicken,slow,1,4,12,2.0,140.0,140.0,"[0, 8, 4, 2, 1]",140,59
chicken,slow,1,8,4,0.3333333333333333,140.0,140.0,"[0, 8, 4, 2, 1]",140,59
chicken,slow,1,8,8,0.6666666666666666,140.0,140.0,"[0, 8, 4, 2, 1]",140,59
chicken,slow,1,8,12,1.0,140.0,140.0,"[0, 8, 4, 2, 1]",140,59
chicken,slow,1,16,4,0.16666666666666666,140.0,140.0,"[0, 8, 4, 2, 1]",140,59
chicken,slow,1,16,8,0.3333333333333333,140.0,140.0,"[0, 8, 4, 2, 1]",140,59
chicken,slow,1,16,12,0.5,140.0,140.0,"[0, 8, 4, 2, 1]",140,59
chicken,slow,2,4,4,0.6666666666666666,70.0,70.0,"[0, 8, 4, 2, 1]",140,59
chicken,slow,2,4,8,1.3333333333333333,70.0,70.0,"[0, 8, 4, 2, 1]",140,59
chicken,slow,2,4,12,2.0,70.0,70.0,"[0, 8, 4, 2, 1]",140,59
chicken,slow,2,8,4,0.3333333333333333,70.0,70.0,"[0, 8, 4, 2, 1]",140,59
chicken,slow,2,8,8,0.6666666666666666,70.0,70.0,"[0, 8, 4, 2, 1]",140,59
chicken,slow,2,8,12,1.0,70.0,70.0,"[0, 8, 4, 2, 1]",140,59
chicken,slow,2,16,4,0.16666666666666666,70.0,70.0,"[0, 8, 4, 2, 1]",140,59
chicken,slow,2,16,8,0.3333333333333333,70.0,70.0,"[0, 8, 4, 2, 1]",140,59
chicken,slow,2,16,12,0.5,70.0,70.0,"[0, 8, 4, 2, 1]",140,59
chicken,slow,3,4,4,0.6666666666666666,46.666666666666664,46.666666666666664,"[0, 8, 4, 2, 1]",140,59
chicken,slow,3,4,8,1.3333333333333333,46.666666666666664,46.666666666666664,"[0, 8, 4, 2, 1]",140,59
chicken,slow,3,4,12,2.0,46.666666666666664,46.666666666666664,"[0, 8, 4, 2, 1]",140,59
chicken,slow,3,8,4,0.3333333333333333,46.666666666666664,46.666666666666664,"[0, 8, 4, 2, 1]",140,59
chicken,slow,3,8,8,0.6666666666666666,46.666666666666664,46.666666666666664,"[0, 8, 4, 2, 1]",140,59
chicken,slow,3,8,12,1.0,46.666666666666664,46.666666666666664,"[0, 8, 4, 2, 1]",140,59
chicken,slow,3,16,4,0.16666666666666666,46.666666666666664,46.666666666666664,"[0, 8, 4, 2, 1]",140,59
chicken,slow,3,16,8,0.3333333333333333,46.666666666666664,46.666666666666664,"[0, 8, 4, 2, 1]",140,59
chicken,slow,3,16,12,0.5,46.666666666666664,46.666666666666664,"[0, 8, 4, 2, 1]",140,59
chicken,slow,6,4,4,0.6666666666666666,23.333333333333332,23.333333333333332,"[0, 8, 4, 2, 1]",140,59
chicken,slow,6,4,8,1.3333333333333333,23.333333333333332,23.333333333333332,"[0, 8, 4, 2, 1]",140,59
chicken,slow,6,4,12,2.0,23.333333333333332,23.333333333333332,"[0, 8, 4, 2, 1]",140,59
chicken,slow,6,8,4,0.3333333333333333,23.333333333333332,23.333333333333332,"[0, 8, 4, 2, 1]",140,59
chicken,slow,6,8,8,0.6666666666666666,23.333333333333332,23.333333333333332,"[0, 8, 4, 2, 1]",140,59
chicken,slow,6,8,12,1.0,23.333333333333332,23.333333333333332,"[0, 8, 4, 2, 1]",140,59
chicken,slow,6,16,4,0.16666666666666666,23.333333333333332,23.333333333333332,"[0, 8, 4, 2, 1]",140,59
chicken,slow,6,16,8,0.3333333333333333,23.333333333333332,23.333333333333332,"[0, 8, 4, 2, 1]",140,59
chicken,slow,6,16,12,0.5,23.333333333333332,23.333333333333332,"[0, 8, 4, 2, 1]",140,59
rabbit,fast,1,4,4,0.6666666666666666,54.0,54.0,"[0, 8, 4, 2, 1]",54,147
rabbit,fast,1,4,8,1.3333333333333333,54.0,54.0,"[0, 8, 4, 2, 1]",54,147
rabbit,fast,1,4,12,2.0,54.0,54.0,"[0, 8, 4, 2, 1]",54,147
rabbit,fast,1,8,4,0.3333333333333333,54.0,54.0,"[0, 8, 4, 2, 1]",54,147
rabbit,fast,1,8,8,0.6666666666666666,54.0,54.0,"[0, 8, 4, 2, 1]",54,147
rabbit,fast,1,8,12,1.0,54.0,54.0,"[0, 8, 4, 2, 1]",54,147
rabbit,fast,1,16,4,0.16666666666666666,54.0,54.0,"[0, 8, 4, 2, 1]",54,147
rabbit,fast,1,16,8,0.3333333333333333,54.0,54.0,"[0, 8, 4, 2, 1]",54,147
rabbit,fast,1,16,12,0.5,54.0,54.0,"[0, 8, 4, 2, 1]",54,147
rabbit,fast,2,4,4,0.6666666666666666,27.0,27.0,"[0, 8, 4, 2, 1]",54,147
rabbit,fast,2,4,8,1.3333333333333333,27.0,27.0,"[0, 8, 4, 2, 1]",54,147
rabbit,fast,2,4,12,2.0,27.0,27.0,"[0, 8, 4, 2, 1]",54,147
rabbit,fast,2,8,4,0.3333333333333333,27.0,27.0,"[0, 8, 4, 2, 1]",54,147
rabbit,fast,2,8,8,0.6666666666666666,27.0,27.0,"[0, 8, 4, 2, 1]",54,147
rabbit,fast,2,8,12,1.0,27.0,27.0,"[0, 8, 4, 2, 1]",54,147
rabbit,fast,2,16,4,0.16666666666666666,27.0,27.0,"[0, 8, 4, 2, 1]",54,147
rabbit,fast,2,16,8,0.3333333333333333,27.0,27.0,"[0, 8, 4, 2, 1]",54,147
rabbit,fast,2,16,12,0.5,27.0,27.0,"[0, 8, 4, 2, 1]",54,147
rabbit,fast,3,4,4,0.6666666666666666,18.0,18.0,"[0, 8, 4, 2, 1]",54,147
rabbit,fast,3,4,8,1.3333333333333333,18.0,18.0,"[0, 8, 4, 2, 1]",54,147
rabbit,fast,3,4,12,2.0,18.0,18.0,"[0, 8, 4, 2, 1]",54,147
rabbit,fast,3,8,4,0.3333333333333333,18.0,18.0,"[0, 8, 4, 2, 1]",54,147
rabbit,fast,3,8,8,0.6666666666666666,18.0,18.0,"[0, 8, 4, 2, 1]",54,147
rabbit,fast,3,8,12,1.0,18.0,18.0,"[0, 8, 4, 2, 1]",54,147
rabbit,fast,3,16,4,0.16666666666666666,18.0,18.0,"[0, 8, 4, 2, 1]",54,147
rabbit,fast,3,16,8,0.3333333333333333,18.0,18.0,"[0, 8, 4, 2, 1]",54,147
rabbit,fast,3,16,12,0.5,18.0,18.0,"[0, 8, 4, 2, 1]",54,147
rabbit,fast,6,4,4,0.6666666666666666,9.0,9.0,"[0, 8, 4, 2, 1]",54,147
rabbit,fast,6,4,8,1.3333333333333333,9.0,9.0,"[0, 8, 4, 2, 1]",54,147
rabbit,fast,6,4,12,2.0,9.0,9.0,"[0, 8, 4, 2, 1]",54,147
rabbit,fast,6,8,4,0.3333333333333333,9.0,9.0,"[0, 8, 4, 2, 1]",54,147
rabbit,fast,6,8,8,0.6666666666666666,9.0,9.0,"[0, 8, 4, 2, 1]",54,147
rabbit,fast,6,8,12,1.0,9.0,9.0,"[0, 8, 4, 2, 1]",54,147
rabbit,fast,6,16,4,0.16666666666666666,9.0,9.0,"[0, 8, 4, 2, 1]",54,147
rabbit,fast,6,16,8,0.3333333333333333,9.0,9.0,"[0, 8, 4, 2, 1]",54,147
rabbit,fast,6,16,12,0.5,9.0,9.0,"[0, 8, 4, 2, 1]",54,147
rabbit,balanced,1,4,4,0.6666666666666666,84.0,84.0,"[0, 8, 4, 2, 1]",84,147
rabbit,balanced,1,4,8,1.3333333333333333,84.0,84.0,"[0, 8, 4, 2, 1]",84,147
rabbit,balanced,1,4,12,2.0,84.0,84.0,"[0, 8, 4, 2, 1]",84,147
rabbit,balanced,1,8,4,0.3333333333333333,84.0,84.0,"[0, 8, 4, 2, 1]",84,147
rabbit,balanced,1,8,8,0.6666666666666666,84.0,84.0,"[0, 8, 4, 2, 1]",84,147
rabbit,balanced,1,8,12,1.0,84.0,84.0,"[0, 8, 4, 2, 1]",84,147
rabbit,balanced,1,16,4,0.16666666666666666,84.0,84.0,"[0, 8, 4, 2, 1]",84,147
rabbit,balanced,1,16,8,0.3333333333333333,84.0,84.0,"[0, 8, 4, 2, 1]",84,147
rabbit,balanced,1,16,12,0.5,84.0,84.0,"[0, 8, 4, 2, 1]",84,147
rabbit,balanced,2,4,4,0.6666666666666666,42.0,42.0,"[0, 8, 4, 2, 1]",84,147
rabbit,balanced,2,4,8,1.3333333333333333,42.0,42.0,"[0, 8, 4, 2, 1]",84,147
rabbit,balanced,2,4,12,2.0,42.0,42.0,"[0, 8, 4, 2, 1]",84,147
rabbit,balanced,2,8,4,0.3333333333333333,42.0,42.0,"[0, 8, 4, 2, 1]",84,147
rabbit,balanced,2,8,8,0.6666666666666666,42.0,42.0,"[0, 8, 4, 2, 1]",84,147
rabbit,balanced,2,8,12,1.0,42.0,42.0,"[0, 8, 4, 2, 1]",84,147
rabbit,balanced,2,16,4,0.16666666666666666,42.0,42.0,"[0, 8, 4, 2, 1]",84,147
rabbit,balanced,2,16,8,0.3333333333333333,42.0,42.0,"[0, 8, 4, 2, 1]",84,147
rabbit,balanced,2,16,12,0.5,42.0,42.0,"[0, 8, 4, 2, 1]",84,147
rabbit,balanced,3,4,4,0.6666666666666666,28.0,28.0,"[0, 8, 4, 2, 1]",84,147
rabbit,balanced,3,4,8,1.3333333333333333,28.0,28.0,"[0, 8, 4, 2, 1]",84,147
rabbit,balanced,3,4,12,2.0,28.0,28.0,"[0, 8, 4, 2, 1]",84,147
rabbit,balanced,3,8,4,0.3333333333333333,28.0,28.0,"[0, 8, 4, 2, 1]",84,147
rabbit,balanced,3,8,8,0.6666666666666666,28.0,28.0,"[0, 8, 4, 2, 1]",84,147
rabbit,balanced,3,8,12,1.0,28.0,28.0,"[0, 8, 4, 2, 1]",84,147
rabbit,balanced,3,16,4,0.16666666666666666,28.0,28.0,"[0, 8, 4, 2, 1]",84,147
rabbit,balanced,3,16,8,0.3333333333333333,28.0,28.0,"[0, 8, 4, 2, 1]",84,147
rabbit,balanced,3,16,12,0.5,28.0,28.0,"[0, 8, 4, 2, 1]",84,147
rabbit,balanced,6,4,4,0.6666666666666666,14.0,14.0,"[0, 8, 4, 2, 1]",84,147
rabbit,balanced,6,4,8,1.3333333333333333,14.0,14.0,"[0, 8, 4, 2, 1]",84,147
rabbit,balanced,6,4,12,2.0,14.0,14.0,"[0, 8, 4, 2, 1]",84,147
rabbit,balanced,6,8,4,0.3333333333333333,14.0,14.0,"[0, 8, 4, 2, 1]",84,147
rabbit,balanced,6,8,8,0.6666666666666666,14.0,14.0,"[0, 8, 4, 2, 1]",84,147
rabbit,balanced,6,8,12,1.0,14.0,14.0,"[0, 8, 4, 2, 1]",84,147
rabbit,balanced,6,16,4,0.16666666666666666,14.0,14.0,"[0, 8, 4, 2, 1]",84,147
rabbit,balanced,6,16,8,0.3333333333333333,14.0,14.0,"[0, 8, 4, 2, 1]",84,147
rabbit,balanced,6,16,12,0.5,14.0,14.0,"[0, 8, 4, 2, 1]",84,147
rabbit,slow,1,4,4,0.6666666666666666,140.0,140.0,"[0, 8, 4, 2, 1]",140,147
rabbit,slow,1,4,8,1.3333333333333333,140.0,140.0,"[0, 8, 4, 2, 1]",140,147
rabbit,slow,1,4,12,2.0,140.0,140.0,"[0, 8, 4, 2, 1]",140,147
rabbit,slow,1,8,4,0.3333333333333333,140.0,140.0,"[0, 8, 4, 2, 1]",140,147
rabbit,slow,1,8,8,0.6666666666666666,140.0,140.0,"[0, 8, 4, 2, 1]",140,147
rabbit,slow,1,8,12,1.0,140.0,140.0,"[0, 8, 4, 2, 1]",140,147
rabbit,slow,1,16,4,0.16666666666666666,140.0,140.0,"[0, 8, 4, 2, 1]",140,147
rabbit,slow,1,16,8,0.3333333333333333,140.0,140.0,"[0, 8, 4, 2, 1]",140,147
rabbit,slow,1,16,12,0.5,140.0,140.0,"[0, 8, 4, 2, 1]",140,147
rabbit,slow,2,4,4,0.6666666666666666,70.0,70.0,"[0, 8, 4, 2, 1]",140,147
rabbit,slow,2,4,8,1.3333333333333333,70.0,70.0,"[0, 8, 4, 2, 1]",140,147
rabbit,slow,2,4,12,2.0,70.0,70.0,"[0, 8, 4, 2, 1]",140,147
rabbit,slow,2,8,4,0.3333333333333333,70.0,70.0,"[0, 8, 4, 2, 1]",140,147
rabbit,slow,2,8,8,0.6666666666666666,70.0,70.0,"[0, 8, 4, 2, 1]",140,147
rabbit,slow,2,8,12,1.0,70.0,70.0,"[0, 8, 4, 2, 1]",140,147
rabbit,slow,2,16,4,0.16666666666666666,70.0,70.0,"[0, 8, 4, 2, 1]",140,147
rabbit,slow,2,16,8,0.3333333333333333,70.0,70.0,"[0, 8, 4, 2, 1]",140,147
rabbit,slow,2,16,12,0.5,70.0,70.0,"[0, 8, 4, 2, 1]",140,147
rabbit,slow,3,4,4,0.6666666666666666,46.666666666666664,46.666666666666664,"[0, 8, 4, 2, 1]",140,147
rabbit,slow,3,4,8,1.3333333333333333,46.666666666666664,46.666666666666664,"[0, 8, 4, 2, 1]",140,147
rabbit,slow,3,4,12,2.0,46.666666666666664,46.666666666666664,"[0, 8, 4, 2, 1]",140,147
rabbit,slow,3,8,4,0.3333333333333333,46.666666666666664,46.666666666666664,"[0, 8, 4, 2, 1]",140,147
rabbit,slow,3,8,8,0.6666666666666666,46.666666666666664,46.666666666666664,"[0, 8, 4, 2, 1]",140,147
rabbit,slow,3,8,12,1.0,46.666666666666664,46.666666666666664,"[0, 8, 4, 2, 1]",140,147
rabbit,slow,3,16,4,0.16666666666666666,46.666666666666664,46.666666666666664,"[0, 8, 4, 2, 1]",140,147
rabbit,slow,3,16,8,0.3333333333333333,46.666666666666664,46.666666666666664,"[0, 8, 4, 2, 1]",140,147
rabbit,slow,3,16,12,0.5,46.666666666666664,46.666666666666664,"[0, 8, 4, 2, 1]",140,147
rabbit,slow,6,4,4,0.6666666666666666,23.333333333333332,23.333333333333332,"[0, 8, 4, 2, 1]",140,147
rabbit,slow,6,4,8,1.3333333333333333,23.333333333333332,23.333333333333332,"[0, 8, 4, 2, 1]",140,147
rabbit,slow,6,4,12,2.0,23.333333333333332,23.333333333333332,"[0, 8, 4, 2, 1]",140,147
rabbit,slow,6,8,4,0.3333333333333333,23.333333333333332,23.333333333333332,"[0, 8, 4, 2, 1]",140,147
rabbit,slow,6,8,8,0.6666666666666666,23.333333333333332,23.333333333333332,"[0, 8, 4, 2, 1]",140,147
rabbit,slow,6,8,12,1.0,23.333333333333332,23.333333333333332,"[0, 8, 4, 2, 1]",140,147
rabbit,slow,6,16,4,0.16666666666666666,23.333333333333332,23.333333333333332,"[0, 8, 4, 2, 1]",140,147
rabbit,slow,6,16,8,0.3333333333333333,23.333333333333332,23.333333333333332,"[0, 8, 4, 2, 1]",140,147
rabbit,slow,6,16,12,0.5,23.333333333333332,23.333333333333332,"[0, 8, 4, 2, 1]",140,147
dog,fast,1,4,4,0.6666666666666666,54.0,54.0,"[0, 8, 4, 2, 1]",54,355
dog,fast,1,4,8,1.3333333333333333,54.0,54.0,"[0, 8, 4, 2, 1]",54,355
dog,fast,1,4,12,2.0,54.0,54.0,"[0, 8, 4, 2, 1]",54,355
dog,fast,1,8,4,0.3333333333333333,54.0,54.0,"[0, 8, 4, 2, 1]",54,355
dog,fast,1,8,8,0.6666666666666666,54.0,54.0,"[0, 8, 4, 2, 1]",54,355
dog,fast,1,8,12,1.0,54.0,54.0,"[0, 8, 4, 2, 1]",54,355
dog,fast,1,16,4,0.16666666666666666,54.0,54.0,"[0, 8, 4, 2, 1]",54,355
dog,fast,1,16,8,0.3333333333333333,54.0,54.0,"[0, 8, 4, 2, 1]",54,355
dog,fast,1,16,12,0.5,54.0,54.0,"[0, 8, 4, 2, 1]",54,355
dog,fast,2,4,4,0.6666666666666666,27.0,27.0,"[0, 8, 4, 2, 1]",54,355
dog,fast,2,4,8,1.3333333333333333,27.0,27.0,"[0, 8, 4, 2, 1]",54,355
dog,fast,2,4,12,2.0,27.0,27.0,"[0, 8, 4, 2, 1]",54,355
dog,fast,2,8,4,0.3333333333333333,27.0,27.0,"[0, 8, 4, 2, 1]",54,355
dog,fast,2,8,8,0.6666666666666666,27.0,27.0,"[0, 8, 4, 2, 1]",54,355
dog,fast,2,8,12,1.0,27.0,27.0,"[0, 8, 4, 2, 1]",54,355
dog,fast,2,16,4,0.16666666666666666,27.0,27.0,"[0, 8, 4, 2, 1]",54,355
dog,fast,2,16,8,0.3333333333333333,27.0,27.0,"[0, 8, 4, 2, 1]",54,355
dog,fast,2,16,12,0.5,27.0,27.0,"[0, 8, 4, 2, 1]",54,355
dog,fast,3,4,4,0.6666666666666666,18.0,18.0,"[0, 8, 4, 2, 1]",54,355
dog,fast,3,4,8,1.3333333333333333,18.0,18.0,"[0, 8, 4, 2, 1]",54,355
dog,fast,3,4,12,2.0,18.0,18.0,"[0, 8, 4, 2, 1]",54,355
dog,fast,3,8,4,0.3333333333333333,18.0,18.0,"[0, 8, 4, 2, 1]",54,355
dog,fast,3,8,8,0.6666666666666666,18.0,18.0,"[0, 8, 4, 2, 1]",54,355
dog,fast,3,8,12,1.0,18.0,18.0,"[0, 8, 4, 2, 1]",54,355
dog,fast,3,16,4,0.16666666666666666,18.0,18.0,"[0, 8, 4, 2, 1]",54,355
dog,fast,3,16,8,0.3333333333333333,18.0,18.0,"[0, 8, 4, 2, 1]",54,355
dog,fast,3,16,12,0.5,18.0,18.0,"[0, 8, 4, 2, 1]",54,355
dog,fast,6,4,4,0.6666666666666666,9.0,9.0,"[0, 8, 4, 2, 1]",54,355
dog,fast,6,4,8,1.3333333333333333,9.0,9.0,"[0, 8, 4, 2, 1]",54,355
dog,fast,6,4,12,2.0,9.0,9.0,"[0, 8, 4, 2, 1]",54,355
dog,fast,6,8,4,0.3333333333333333,9.0,9.0,"[0, 8, 4, 2, 1]",54,355
dog,fast,6,8,8,0.6666666666666666,9.0,9.0,"[0, 8, 4, 2, 1]",54,355
dog,fast,6,8,12,1.0,9.0,9.0,"[0, 8, 4, 2, 1]",54,355
dog,fast,6,16,4,0.16666666666666666,9.0,9.0,"[0, 8, 4, 2, 1]",54,355
dog,fast,6,16,8,0.3333333333333333,9.0,9.0,"[0, 8, 4, 2, 1]",54,355
dog,fast,6,16,12,0.5,9.0,9.0,"[0, 8, 4, 2, 1]",54,355
dog,balanced,1,4,4,0.6666666666666666,84.0,84.0,"[0, 8, 4, 2, 1]",84,355
dog,balanced,1,4,8,1.3333333333333333,84.0,84.0,"[0, 8, 4, 2, 1]",84,355
dog,balanced,1,4,12,2.0,84.0,84.0,"[0, 8, 4, 2, 1]",84,355
dog,balanced,1,8,4,0.3333333333333333,84.0,84.0,"[0, 8, 4, 2, 1]",84,355
dog,balanced,1,8,8,0.6666666666666666,84.0,84.0,"[0, 8, 4, 2, 1]",84,355
dog,balanced,1,8,12,1.0,84.0,84.0,"[0, 8, 4, 2, 1]",84,355
dog,balanced,1,16,4,0.16666666666666666,84.0,84.0,"[0, 8, 4, 2, 1]",84,355
dog,balanced,1,16,8,0.3333333333333333,84.0,84.0,"[0, 8, 4, 2, 1]",84,355
dog,balanced,1,16,12,0.5,84.0,84.0,"[0, 8, 4, 2, 1]",84,355
dog,balanced,2,4,4,0.6666666666666666,42.0,42.0,"[0, 8, 4, 2, 1]",84,355
dog,balanced,2,4,8,1.3333333333333333,42.0,42.0,"[0, 8, 4, 2, 1]",84,355
dog,balanced,2,4,12,2.0,42.0,42.0,"[0, 8, 4, 2, 1]",84,355
dog,balanced,2,8,4,0.3333333333333333,42.0,42.0,"[0, 8, 4, 2, 1]",84,355
dog,balanced,2,8,8,0.6666666666666666,42.0,42.0,"[0, 8, 4, 2, 1]",84,355
dog,balanced,2,8,12,1.0,42.0,42.0,"[0, 8, 4, 2, 1]",84,355
dog,balanced,2,16,4,0.16666666666666666,42.0,42.0,"[0, 8, 4, 2, 1]",84,355
dog,balanced,2,16,8,0.3333333333333333,42.0,42.0,"[0, 8, 4, 2, 1]",84,355
dog,balanced,2,16,12,0.5,42.0,42.0,"[0, 8, 4, 2, 1]",84,355
dog,balanced,3,4,4,0.6666666666666666,28.0,28.0,"[0, 8, 4, 2, 1]",84,355
dog,balanced,3,4,8,1.3333333333333333,28.0,28.0,"[0, 8, 4, 2, 1]",84,355
dog,balanced,3,4,12,2.0,28.0,28.0,"[0, 8, 4, 2, 1]",84,355
dog,balanced,3,8,4,0.3333333333333333,28.0,28.0,"[0, 8, 4, 2, 1]",84,355
dog,balanced,3,8,8,0.6666666666666666,28.0,28.0,"[0, 8, 4, 2, 1]",84,355
dog,balanced,3,8,12,1.0,28.0,28.0,"[0, 8, 4, 2, 1]",84,355
dog,balanced,3,16,4,0.16666666666666666,28.0,28.0,"[0, 8, 4, 2, 1]",84,355
dog,balanced,3,16,8,0.3333333333333333,28.0,28.0,"[0, 8, 4, 2, 1]",84,355
dog,balanced,3,16,12,0.5,28.0,28.0,"[0, 8, 4, 2, 1]",84,355
dog,balanced,6,4,4,0.6666666666666666,14.0,14.0,"[0, 8, 4, 2, 1]",84,355
dog,balanced,6,4,8,1.3333333333333333,14.0,14.0,"[0, 8, 4, 2, 1]",84,355
dog,balanced,6,4,12,2.0,14.0,14.0,"[0, 8, 4, 2, 1]",84,355
dog,balanced,6,8,4,0.3333333333333333,14.0,14.0,"[0, 8, 4, 2, 1]",84,355
dog,balanced,6,8,8,0.6666666666666666,14.0,14.0,"[0, 8, 4, 2, 1]",84,355
dog,balanced,6,8,12,1.0,14.0,14.0,"[0, 8, 4, 2, 1]",84,355
dog,balanced,6,16,4,0.16666666666666666,14.0,14.0,"[0, 8, 4, 2, 1]",84,355
dog,balanced,6,16,8,0.3333333333333333,14.0,14.0,"[0, 8, 4, 2, 1]",84,355
dog,balanced,6,16,12,0.5,14.0,14.0,"[0, 8, 4, 2, 1]",84,355
dog,slow,1,4,4,0.6666666666666666,140.0,140.0,"[0, 8, 4, 2, 1]",140,355
dog,slow,1,4,8,1.3333333333333333,140.0,140.0,"[0, 8, 4, 2, 1]",140,355
dog,slow,1,4,12,2.0,140.0,140.0,"[0, 8, 4, 2, 1]",140,355
dog,slow,1,8,4,0.3333333333333333,140.0,140.0,"[0, 8, 4, 2, 1]",140,355
dog,slow,1,8,8,0.6666666666666666,140.0,140.0,"[0, 8, 4, 2, 1]",140,355
dog,slow,1,8,12,1.0,140.0,140.0,"[0, 8, 4, 2, 1]",140,355
dog,slow,1,16,4,0.16666666666666666,140.0,140.0,"[0, 8, 4, 2, 1]",140,355
dog,slow,1,16,8,0.3333333333333333,140.0,140.0,"[0, 8, 4, 2, 1]",140,355
dog,slow,1,16,12,0.5,140.0,140.0,"[0, 8, 4, 2, 1]",140,355
dog,slow,2,4,4,0.6666666666666666,70.0,70.0,"[0, 8, 4, 2, 1]",140,355
dog,slow,2,4,8,1.3333333333333333,70.0,70.0,"[0, 8, 4, 2, 1]",140,355
dog,slow,2,4,12,2.0,70.0,70.0,"[0, 8, 4, 2, 1]",140,355
dog,slow,2,8,4,0.3333333333333333,70.0,70.0,"[0, 8, 4, 2, 1]",140,355
dog,slow,2,8,8,0.6666666666666666,70.0,70.0,"[0, 8, 4, 2, 1]",140,355
dog,slow,2,8,12,1.0,70.0,70.0,"[0, 8, 4, 2, 1]",140,355
dog,slow,2,16,4,0.16666666666666666,70.0,70.0,"[0, 8, 4, 2, 1]",140,355
dog,slow,2,16,8,0.3333333333333333,70.0,70.0,"[0, 8, 4, 2, 1]",140,355
dog,slow,2,16,12,0.5,70.0,70.0,"[0, 8, 4, 2, 1]",140,355
dog,slow,3,4,4,0.6666666666666666,46.666666666666664,46.666666666666664,"[0, 8, 4, 2, 1]",140,355
dog,slow,3,4,8,1.3333333333333333,46.666666666666664,46.666666666666664,"[0, 8, 4, 2, 1]",140,355
dog,slow,3,4,12,2.0,46.666666666666664,46.666666666666664,"[0, 8, 4, 2, 1]",140,355
dog,slow,3,8,4,0.3333333333333333,46.666666666666664,46.666666666666664,"[0, 8, 4, 2, 1]",140,355
dog,slow,3,8,8,0.6666666666666666,46.666666666666664,46.666666666666664,"[0, 8, 4, 2, 1]",140,355
dog,slow,3,8,12,1.0,46.666666666666664,46.666666666666664,"[0, 8, 4, 2, 1]",140,355
dog,slow,3,16,4,0.16666666666666666,46.666666666666664,46.666666666666664,"[0, 8, 4, 2, 1]",140,355
dog,slow,3,16,8,0.3333333333333333,46.666666666666664,46.666666666666664,"[0, 8, 4, 2, 1]",140,355
dog,slow,3,16,12,0.5,46.666666666666664,46.666666666666664,"[0, 8, 4, 2, 1]",140,355
dog,slow,6,4,4,0.6666666666666666,23.333333333333332,23.333333333333332,"[0, 8, 4, 2, 1]",140,355
dog,slow,6,4,8,1.3333333333333333,23.333333333333332,23.333333333333332,"[0, 8, 4, 2, 1]",140,355
dog,slow,6,4,12,2.0,23.333333333333332,23.333333333333332,"[0, 8, 4, 2, 1]",140,355
dog,slow,6,8,4,0.3333333333333333,23.333333333333332,23.333333333333332,"[0, 8, 4, 2, 1]",140,355
dog,slow,6,8,8,0.6666666666666666,23.333333333333332,23.333333333333332,"[0, 8, 4, 2, 1]",140,355
dog,slow,6,8,12,1.0,23.333333333333332,23.333333333333332,"[0, 8, 4, 2, 1]",140,355
dog,slow,6,16,4,0.16666666666666666,23.333333333333332,23.333333333333332,"[0, 8, 4, 2, 1]",140,355
dog,slow,6,16,8,0.3333333333333333,23.333333333333332,23.333333333333332,"[0, 8, 4, 2, 1]",140,355
dog,slow,6,16,12,0.5,23.333333333333332,23.333333333333332,"[0, 8, 4, 2, 1]",140,355
duck,fast,1,4,4,0.6666666666666666,54.0,54.0,"[0, 8, 4, 2, 1]",54,547
duck,fast,1,4,8,1.3333333333333333,54.0,54.0,"[0, 8, 4, 2, 1]",54,547
duck,fast,1,4,12,2.0,54.0,54.0,"[0, 8, 4, 2, 1]",54,547
duck,fast,1,8,4,0.3333333333333333,54.0,54.0,"[0, 8, 4, 2, 1]",54,547
duck,fast,1,8,8,0.6666666666666666,54.0,54.0,"[0, 8, 4, 2, 1]",54,547
duck,fast,1,8,12,1.0,54.0,54.0,"[0, 8, 4, 2, 1]",54,547
duck,fast,1,16,4,0.16666666666666666,54.0,54.0,"[0, 8, 4, 2, 1]",54,547
duck,fast,1,16,8,0.3333333333333333,54.0,54.0,"[0, 8, 4, 2, 1]",54,547
duck,fast,1,16,12,0.5,54.0,54.0,"[0, 8, 4, 2, 1]",54,547
duck,fast,2,4,4,0.6666666666666666,27.0,27.0,"[0, 8, 4, 2, 1]",54,547
duck,fast,2,4,8,1.3333333333333333,27.0,27.0,"[0, 8, 4, 2, 1]",54,547
duck,fast,2,4,12,2.0,27.0,27.0,"[0, 8, 4, 2, 1]",54,547
duck,fast,2,8,4,0.3333333333333333,27.0,27.0,"[0, 8, 4, 2, 1]",54,547
duck,fast,2,8,8,0.6666666666666666,27.0,27.0,"[0, 8, 4, 2, 1]",54,547
duck,fast,2,8,12,1.0,27.0,27.0,"[0, 8, 4, 2, 1]",54,547
duck,fast,2,16,4,0.16666666666666666,27.0,27.0,"[0, 8, 4, 2, 1]",54,547
duck,fast,2,16,8,0.3333333333333333,27.0,27.0,"[0, 8, 4, 2, 1]",54,547
duck,fast,2,16,12,0.5,27.0,27.0,"[0, 8, 4, 2, 1]",54,547
duck,fast,3,4,4,0.6666666666666666,18.0,18.0,"[0, 8, 4, 2, 1]",54,547
duck,fast,3,4,8,1.3333333333333333,18.0,18.0,"[0, 8, 4, 2, 1]",54,547
duck,fast,3,4,12,2.0,18.0,18.0,"[0, 8, 4, 2, 1]",54,547
duck,fast,3,8,4,0.3333333333333333,18.0,18.0,"[0, 8, 4, 2, 1]",54,547
duck,fast,3,8,8,0.6666666666666666,18.0,18.0,"[0, 8, 4, 2, 1]",54,547
duck,fast,3,8,12,1.0,18.0,18.0,"[0, 8, 4, 2, 1]",54,547
duck,fast,3,16,4,0.16666666666666666,18.0,18.0,"[0, 8, 4, 2, 1]",54,547
duck,fast,3,16,8,0.3333333333333333,18.0,18.0,"[0, 8, 4, 2, 1]",54,547
duck,fast,3,16,12,0.5,18.0,18.0,"[0, 8, 4, 2, 1]",54,547
duck,fast,6,4,4,0.6666666666666666,9.0,9.0,"[0, 8, 4, 2, 1]",54,547
duck,fast,6,4,8,1.3333333333333333,9.0,9.0,"[0, 8, 4, 2, 1]",54,547
duck,fast,6,4,12,2.0,9.0,9.0,"[0, 8, 4, 2, 1]",54,547
duck,fast,6,8,4,0.3333333333333333,9.0,9.0,"[0, 8, 4, 2, 1]",54,547
duck,fast,6,8,8,0.6666666666666666,9.0,9.0,"[0, 8, 4, 2, 1]",54,547
duck,fast,6,8,12,1.0,9.0,9.0,"[0, 8, 4, 2, 1]",54,547
duck,fast,6,16,4,0.16666666666666666,9.0,9.0,"[0, 8, 4, 2, 1]",54,547
duck,fast,6,16,8,0.3333333333333333,9.0,9.0,"[0, 8, 4, 2, 1]",54,547
duck,fast,6,16,12,0.5,9.0,9.0,"[0, 8, 4, 2, 1]",54,547
duck,balanced,1,4,4,0.6666666666666666,84.0,84.0,"[0, 8, 4, 2, 1]",84,547
duck,balanced,1,4,8,1.3333333333333333,84.0,84.0,"[0, 8, 4, 2, 1]",84,547
duck,balanced,1,4,12,2.0,84.0,84.0,"[0, 8, 4, 2, 1]",84,547
duck,balanced,1,8,4,0.3333333333333333,84.0,84.0,"[0, 8, 4, 2, 1]",84,547
duck,balanced,1,8,8,0.6666666666666666,84.0,84.0,"[0, 8, 4, 2, 1]",84,547
duck,balanced,1,8,12,1.0,84.0,84.0,"[0, 8, 4, 2, 1]",84,547
duck,balanced,1,16,4,0.16666666666666666,84.0,84.0,"[0, 8, 4, 2, 1]",84,547
duck,balanced,1,16,8,0.3333333333333333,84.0,84.0,"[0, 8, 4, 2, 1]",84,547
duck,balanced,1,16,12,0.5,84.0,84.0,"[0, 8, 4, 2, 1]",84,547
duck,balanced,2,4,4,0.6666666666666666,42.0,42.0,"[0, 8, 4, 2, 1]",84,547
duck,balanced,2,4,8,1.3333333333333333,42.0,42.0,"[0, 8, 4, 2, 1]",84,547
duck,balanced,2,4,12,2.0,42.0,42.0,"[0, 8, 4, 2, 1]",84,547
duck,balanced,2,8,4,0.3333333333333333,42.0,42.0,"[0, 8, 4, 2, 1]",84,547
duck,balanced,2,8,8,0.6666666666666666,42.0,42.0,"[0, 8, 4, 2, 1]",84,547
duck,balanced,2,8,12,1.0,42.0,42.0,"[0, 8, 4, 2, 1]",84,547
duck,balanced,2,16,4,0.16666666666666666,42.0,42.0,"[0, 8, 4, 2, 1]",84,547
duck,balanced,2,16,8,0.3333333333333333,42.0,42.0,"[0, 8, 4, 2, 1]",84,547
duck,balanced,2,16,12,0.5,42.0,42.0,"[0, 8, 4, 2, 1]",84,547
duck,balanced,3,4,4,0.6666666666666666,28.0,28.0,"[0, 8, 4, 2, 1]",84,547
duck,balanced,3,4,8,1.3333333333333333,28.0,28.0,"[0, 8, 4, 2, 1]",84,547
duck,balanced,3,4,12,2.0,28.0,28.0,"[0, 8, 4, 2, 1]",84,547
duck,balanced,3,8,4,0.3333333333333333,28.0,28.0,"[0, 8, 4, 2, 1]",84,547
duck,balanced,3,8,8,0.6666666666666666,28.0,28.0,"[0, 8, 4, 2, 1]",84,547
duck,balanced,3,8,12,1.0,28.0,28.0,"[0, 8, 4, 2, 1]",84,547
duck,balanced,3,16,4,0.16666666666666666,28.0,28.0,"[0, 8, 4, 2, 1]",84,547
duck,balanced,3,16,8,0.3333333333333333,28.0,28.0,"[0, 8, 4, 2, 1]",84,547
duck,balanced,3,16,12,0.5,28.0,28.0,"[0, 8, 4, 2, 1]",84,547
duck,balanced,6,4,4,0.6666666666666666,14.0,14.0,"[0, 8, 4, 2, 1]",84,547
duck,balanced,6,4,8,1.3333333333333333,14.0,14.0,"[0, 8, 4, 2, 1]",84,547
duck,balanced,6,4,12,2.0,14.0,14.0,"[0, 8, 4, 2, 1]",84,547
duck,balanced,6,8,4,0.3333333333333333,14.0,14.0,"[0, 8, 4, 2, 1]",84,547
duck,balanced,6,8,8,0.6666666666666666,14.0,14.0,"[0, 8, 4, 2, 1]",84,547
duck,balanced,6,8,12,1.0,14.0,14.0,"[0, 8, 4, 2, 1]",84,547
duck,balanced,6,16,4,0.16666666666666666,14.0,14.0,"[0, 8, 4, 2, 1]",84,547
duck,balanced,6,16,8,0.3333333333333333,14.0,14.0,"[0, 8, 4, 2, 1]",84,547
duck,balanced,6,16,12,0.5,14.0,14.0,"[0, 8, 4, 2, 1]",84,547
duck,slow,1,4,4,0.6666666666666666,140.0,140.0,"[0, 8, 4, 2, 1]",140,547
duck,slow,1,4,8,1.3333333333333333,140.0,140.0,"[0, 8, 4, 2, 1]",140,547
duck,slow,1,4,12,2.0,140.0,140.0,"[0, 8, 4, 2, 1]",140,547
duck,slow,1,8,4,0.3333333333333333,140.0,140.0,"[0, 8, 4, 2, 1]",140,547
duck,slow,1,8,8,0.6666666666666666,140.0,140.0,"[0, 8, 4, 2, 1]",140,547
duck,slow,1,8,12,1.0,140.0,140.0,"[0, 8, 4, 2, 1]",140,547
duck,slow,1,16,4,0.16666666666666666,140.0,140.0,"[0, 8, 4, 2, 1]",140,547
duck,slow,1,16,8,0.3333333333333333,140.0,140.0,"[0, 8, 4, 2, 1]",140,547
duck,slow,1,16,12,0.5,140.0,140.0,"[0, 8, 4, 2, 1]",140,547
duck,slow,2,4,4,0.6666666666666666,70.0,70.0,"[0, 8, 4, 2, 1]",140,547
duck,slow,2,4,8,1.3333333333333333,70.0,70.0,"[0, 8, 4, 2, 1]",140,547
duck,slow,2,4,12,2.0,70.0,70.0,"[0, 8, 4, 2, 1]",140,547
duck,slow,2,8,4,0.3333333333333333,70.0,70.0,"[0, 8, 4, 2, 1]",140,547
duck,slow,2,8,8,0.6666666666666666,70.0,70.0,"[0, 8, 4, 2, 1]",140,547
duck,slow,2,8,12,1.0,70.0,70.0,"[0, 8, 4, 2, 1]",140,547
duck,slow,2,16,4,0.16666666666666666,70.0,70.0,"[0, 8, 4, 2, 1]",140,547
duck,slow,2,16,8,0.3333333333333333,70.0,70.0,"[0, 8, 4, 2, 1]",140,547
duck,slow,2,16,12,0.5,70.0,70.0,"[0, 8, 4, 2, 1]",140,547
duck,slow,3,4,4,0.6666666666666666,46.666666666666664,46.666666666666664,"[0, 8, 4, 2, 1]",140,547
duck,slow,3,4,8,1.3333333333333333,46.666666666666664,46.666666666666664,"[0, 8, 4, 2, 1]",140,547
duck,slow,3,4,12,2.0,46.666666666666664,46.666666666666664,"[0, 8, 4, 2, 1]",140,547
duck,slow,3,8,4,0.3333333333333333,46.666666666666664,46.666666666666664,"[0, 8, 4, 2, 1]",140,547
duck,slow,3,8,8,0.6666666666666666,46.666666666666664,46.666666666666664,"[0, 8, 4, 2, 1]",140,547
duck,slow,3,8,12,1.0,46.666666666666664,46.666666666666664,"[0, 8, 4, 2, 1]",140,547
duck,slow,3,16,4,0.16666666666666666,46.666666666666664,46.666666666666664,"[0, 8, 4, 2, 1]",140,547
duck,slow,3,16,8,0.3333333333333333,46.666666666666664,46.666666666666664,"[0, 8, 4, 2, 1]",140,547
duck,slow,3,16,12,0.5,46.666666666666664,46.666666666666664,"[0, 8, 4, 2, 1]",140,547
duck,slow,6,4,4,0.6666666666666666,23.333333333333332,23.333333333333332,"[0, 8, 4, 2, 1]",140,547
duck,slow,6,4,8,1.3333333333333333,23.333333333333332,23.333333333333332,"[0, 8, 4, 2, 1]",140,547
duck,slow,6,4,12,2.0,23.333333333333332,23.333333333333332,"[0, 8, 4, 2, 1]",140,547
duck,slow,6,8,4,0.3333333333333333,23.333333333333332,23.333333333333332,"[0, 8, 4, 2, 1]",140,547
duck,slow,6,8,8,0.6666666666666666,23.333333333333332,23.333333333333332,"[0, 8, 4, 2, 1]",140,547
duck,slow,6,8,12,1.0,23.333333333333332,23.333333333333332,"[0, 8, 4, 2, 1]",140,547
duck,slow,6,16,4,0.16666666666666666,23.333333333333332,23.333333333333332,"[0, 8, 4, 2, 1]",140,547
duck,slow,6,16,8,0.3333333333333333,23.333333333333332,23.333333333333332,"[0, 8, 4, 2, 1]",140,547
duck,slow,6,16,12,0.5,23.333333333333332,23.333333333333332,"[0, 8, 4, 2, 1]",140,547
sheep,fast,1,4,4,1.3333333333333333,54.0,54.0,"[0, 8, 4, 2, 1]",54,896
sheep,fast,1,4,8,1.3333333333333333,54.0,54.0,"[0, 8, 4, 2, 1]",54,896
sheep,fast,1,4,12,2.0,54.0,54.0,"[0, 8, 4, 2, 1]",54,896
sheep,fast,1,8,4,0.6666666666666666,54.0,54.0,"[0, 8, 4, 2, 1]",54,896
sheep,fast,1,8,8,0.6666666666666666,54.0,54.0,"[0, 8, 4, 2, 1]",54,896
sheep,fast,1,8,12,1.0,54.0,54.0,"[0, 8, 4, 2, 1]",54,896
sheep,fast,1,16,4,0.3333333333333333,54.0,54.0,"[0, 8, 4, 2, 1]",54,896
sheep,fast,1,16,8,0.3333333333333333,54.0,54.0,"[0, 8, 4, 2, 1]",54,896
sheep,fast,1,16,12,0.5,54.0,54.0,"[0, 8, 4, 2, 1]",54,896
sheep,fast,2,4,4,1.3333333333333333,27.0,27.0,"[0, 8, 4, 2, 1]",54,896
sheep,fast,2,4,8,1.3333333333333333,27.0,27.0,"[0, 8, 4, 2, 1]",54,896
sheep,fast,2,4,12,2.0,27.0,27.0,"[0, 8, 4, 2, 1]",54,896
sheep,fast,2,8,4,0.6666666666666666,27.0,27.0,"[0, 8, 4, 2, 1]",54,896
sheep,fast,2,8,8,0.6666666666666666,27.0,27.0,"[0, 8, 4, 2, 1]",54,896
sheep,fast,2,8,12,1.0,27.0,27.0,"[0, 8, 4, 2, 1]",54,896
sheep,fast,2,16,4,0.3333333333333333,27.0,27.0,"[0, 8, 4, 2, 1]",54,896
sheep,fast,2,16,8,0.3333333333333333,27.0,27.0,"[0, 8, 4, 2, 1]",54,896
sheep,fast,2,16,12,0.5,27.0,27.0,"[0, 8, 4, 2, 1]",54,896
sheep,fast,3,4,4,1.3333333333333333,18.0,18.0,"[0, 8, 4, 2, 1]",54,896
sheep,fast,3,4,8,1.3333333333333333,18.0,18.0,"[0, 8, 4, 2, 1]",54,896
sheep,fast,3,4,12,2.0,18.0,18.0,"[0, 8, 4, 2, 1]",54,896
sheep,fast,3,8,4,0.6666666666666666,18.0,18.0,"[0, 8, 4, 2, 1]",54,896
sheep,fast,3,8,8,0.6666666666666666,18.0,18.0,"[0, 8, 4, 2, 1]",54,896
sheep,fast,3,8,12,1.0,18.0,18.0,"[0, 8, 4, 2, 1]",54,896
sheep,fast,3,16,4,0.3333333333333333,18.0,18.0,"[0, 8, 4, 2, 1]",54,896
sheep,fast,3,16,8,0.3333333333333333,18.0,18.0,"[0, 8, 4, 2, 1]",54,896
sheep,fast,3,16,12,0.5,18.0,18.0,"[0, 8, 4, 2, 1]",54,896
sheep,fast,6,4,4,1.3333333333333333,9.0,9.0,"[0, 8, 4, 2, 1]",54,896
sheep,fast,6,4,8,1.3333333333333333,9.0,9.0,"[0, 8, 4, 2, 1]",54,896
sheep,fast,6,4,12,2.0,9.0,9.0,"[0, 8, 4, 2, 1]",54,896
sheep,fast,6,8,4,0.6666666666666666,9.0,9.0,"[0, 8, 4, 2, 1]",54,896
sheep,fast,6,8,8,0.6666666666666666,9.0,9.0,"[0, 8, 4, 2, 1]",54,896
sheep,fast,6,8,12,1.0,9.0,9.0,"[0, 8, 4, 2, 1]",54,896
sheep,fast,6,16,4,0.3333333333333333,9.0,9.0,"[0, 8, 4, 2, 1]",54,896
sheep,fast,6,16,8,0.3333333333333333,9.0,9.0,"[0, 8, 4, 2, 1]",54,896
sheep,fast,6,16,12,0.5,9.0,9.0,"[0, 8, 4, 2, 1]",54,896
sheep,balanced,1,4,4,1.3333333333333333,84.0,84.0,"[0, 8, 4, 2, 1]",84,896
sheep,balanced,1,4,8,1.3333333333333333,84.0,84.0,"[0, 8, 4, 2, 1]",84,896
sheep,balanced,1,4,12,2.0,84.0,84.0,"[0, 8, 4, 2, 1]",84,896
sheep,balanced,1,8,4,0.6666666666666666,84.0,84.0,"[0, 8, 4, 2, 1]",84,896
sheep,balanced,1,8,8,0.6666666666666666,84.0,84.0,"[0, 8, 4, 2, 1]",84,896
sheep,balanced,1,8,12,1.0,84.0,84.0,"[0, 8, 4, 2, 1]",84,896
sheep,balanced,1,16,4,0.3333333333333333,84.0,84.0,"[0, 8, 4, 2, 1]",84,896
sheep,balanced,1,16,8,0.3333333333333333,84.0,84.0,"[0, 8, 4, 2, 1]",84,896
sheep,balanced,1,16,12,0.5,84.0,84.0,"[0, 8, 4, 2, 1]",84,896
sheep,balanced,2,4,4,1.3333333333333333,42.0,42.0,"[0, 8, 4, 2, 1]",84,896
sheep,balanced,2,4,8,1.3333333333333333,42.0,42.0,"[0, 8, 4, 2, 1]",84,896
sheep,balanced,2,4,12,2.0,42.0,42.0,"[0, 8, 4, 2, 1]",84,896
sheep,balanced,2,8,4,0.6666666666666666,42.0,42.0,"[0, 8, 4, 2, 1]",84,896
sheep,balanced,2,8,8,0.6666666666666666,42.0,42.0,"[0, 8, 4, 2, 1]",84,896
sheep,balanced,2,8,12,1.0,42.0,42.0,"[0, 8, 4, 2, 1]",84,896
sheep,balanced,2,16,4,0.3333333333333333,42.0,42.0,"[0, 8, 4, 2, 1]",84,896
sheep,balanced,2,16,8,0.3333333333333333,42.0,42.0,"[0, 8, 4, 2, 1]",84,896
sheep,balanced,2,16,12,0.5,42.0,42.0,"[0, 8, 4, 2, 1]",84,896
sheep,balanced,3,4,4,1.3333333333333333,28.0,28.0,"[0, 8, 4, 2, 1]",84,896
sheep,balanced,3,4,8,1.3333333333333333,28.0,28.0,"[0, 8, 4, 2, 1]",84,896
sheep,balanced,3,4,12,2.0,28.0,28.0,"[0, 8, 4, 2, 1]",84,896
sheep,balanced,3,8,4,0.6666666666666666,28.0,28.0,"[0, 8, 4, 2, 1]",84,896
sheep,balanced,3,8,8,0.6666666666666666,28.0,28.0,"[0, 8, 4, 2, 1]",84,896
sheep,balanced,3,8,12,1.0,28.0,28.0,"[0, 8, 4, 2, 1]",84,896
sheep,balanced,3,16,4,0.3333333333333333,28.0,28.0,"[0, 8, 4, 2, 1]",84,896
sheep,balanced,3,16,8,0.3333333333333333,28.0,28.0,"[0, 8, 4, 2, 1]",84,896
sheep,balanced,3,16,12,0.5,28.0,28.0,"[0, 8, 4, 2, 1]",84,896
sheep,balanced,6,4,4,1.3333333333333333,14.0,14.0,"[0, 8, 4, 2, 1]",84,896
sheep,balanced,6,4,8,1.3333333333333333,14.0,14.0,"[0, 8, 4, 2, 1]",84,896
sheep,balanced,6,4,12,2.0,14.0,14.0,"[0, 8, 4, 2, 1]",84,896
sheep,balanced,6,8,4,0.6666666666666666,14.0,14.0,"[0, 8, 4, 2, 1]",84,896
sheep,balanced,6,8,8,0.6666666666666666,14.0,14.0,"[0, 8, 4, 2, 1]",84,896
sheep,balanced,6,8,12,1.0,14.0,14.0,"[0, 8, 4, 2, 1]",84,896
sheep,balanced,6,16,4,0.3333333333333333,14.0,14.0,"[0, 8, 4, 2, 1]",84,896
sheep,balanced,6,16,8,0.3333333333333333,14.0,14.0,"[0, 8, 4, 2, 1]",84,896
sheep,balanced,6,16,12,0.5,14.0,14.0,"[0, 8, 4, 2, 1]",84,896
sheep,slow,1,4,4,1.3333333333333333,140.0,140.0,"[0, 8, 4, 2, 1]",140,896
sheep,slow,1,4,8,1.3333333333333333,140.0,140.0,"[0, 8, 4, 2, 1]",140,896
sheep,slow,1,4,12,2.0,140.0,140.0,"[0, 8, 4, 2, 1]",140,896
sheep,slow,1,8,4,0.6666666666666666,140.0,140.0,"[0, 8, 4, 2, 1]",140,896
sheep,slow,1,8,8,0.6666666666666666,140.0,140.0,"[0, 8, 4, 2, 1]",140,896
sheep,slow,1,8,12,1.0,140.0,140.0,"[0, 8, 4, 2, 1]",140,896
sheep,slow,1,16,4,0.3333333333333333,140.0,140.0,"[0, 8, 4, 2, 1]",140,896
sheep,slow,1,16,8,0.3333333333333333,140.0,140.0,"[0, 8, 4, 2, 1]",140,896
sheep,slow,1,16,12,0.5,140.0,140.0,"[0, 8, 4, 2, 1]",140,896
sheep,slow,2,4,4,1.3333333333333333,70.0,70.0,"[0, 8, 4, 2, 1]",140,896
sheep,slow,2,4,8,1.3333333333333333,70.0,70.0,"[0, 8, 4, 2, 1]",140,896
sheep,slow,2,4,12,2.0,70.0,70.0,"[0, 8, 4, 2, 1]",140,896
sheep,slow,2,8,4,0.6666666666666666,70.0,70.0,"[0, 8, 4, 2, 1]",140,896
sheep,slow,2,8,8,0.6666666666666666,70.0,70.0,"[0, 8, 4, 2, 1]",140,896
sheep,slow,2,8,12,1.0,70.0,70.0,"[0, 8, 4, 2, 1]",140,896
sheep,slow,2,16,4,0.3333333333333333,70.0,70.0,"[0, 8, 4, 2, 1]",140,896
sheep,slow,2,16,8,0.3333333333333333,70.0,70.0,"[0, 8, 4, 2, 1]",140,896
sheep,slow,2,16,12,0.5,70.0,70.0,"[0, 8, 4, 2, 1]",140,896
sheep,slow,3,4,4,1.3333333333333333,46.666666666666664,46.666666666666664,"[0, 8, 4, 2, 1]",140,896
sheep,slow,3,4,8,1.3333333333333333,46.666666666666664,46.666666666666664,"[0, 8, 4, 2, 1]",140,896
sheep,slow,3,4,12,2.0,46.666666666666664,46.666666666666664,"[0, 8, 4, 2, 1]",140,896
sheep,slow,3,8,4,0.6666666666666666,46.666666666666664,46.666666666666664,"[0, 8, 4, 2, 1]",140,896
sheep,slow,3,8,8,0.6666666666666666,46.666666666666664,46.666666666666664,"[0, 8, 4, 2, 1]",140,896
sheep,slow,3,8,12,1.0,46.666666666666664,46.666666666666664,"[0, 8, 4, 2, 1]",140,896
sheep,slow,3,16,4,0.3333333333333333,46.666666666666664,46.666666666666664,"[0, 8, 4, 2, 1]",140,896
sheep,slow,3,16,8,0.3333333333333333,46.666666666666664,46.666666666666664,"[0, 8, 4, 2, 1]",140,896
sheep,slow,3,16,12,0.5,46.666666666666664,46.666666666666664,"[0, 8, 4, 2, 1]",140,896
sheep,slow,6,4,4,1.3333333333333333,23.333333333333332,23.333333333333332,"[0, 8, 4, 2, 1]",140,896
sheep,slow,6,4,8,1.3333333333333333,23.333333333333332,23.333333333333332,"[0, 8, 4, 2, 1]",140,896
sheep,slow,6,4,12,2.0,23.333333333333332,23.333333333333332,"[0, 8, 4, 2, 1]",140,896
sheep,slow,6,8,4,0.6666666666666666,23.333333333333332,23.333333333333332,"[0, 8, 4, 2, 1]",140,896
sheep,slow,6,8,8,0.6666666666666666,23.333333333333332,23.333333333333332,"[0, 8, 4, 2, 1]",140,896
sheep,slow,6,8,12,1.0,23.333333333333332,23.333333333333332,"[0, 8, 4, 2, 1]",140,896
sheep,slow,6,16,4,0.3333333333333333,23.333333333333332,23.333333333333332,"[0, 8, 4, 2, 1]",140,896
sheep,slow,6,16,8,0.3333333333333333,23.333333333333332,23.333333333333332,"[0, 8, 4, 2, 1]",140,896
sheep,slow,6,16,12,0.5,23.333333333333332,23.333333333333332,"[0, 8, 4, 2, 1]",140,896
goose,fast,1,4,4,1.3333333333333333,54.0,54.0,"[0, 8, 4, 2, 1]",54,1211
goose,fast,1,4,8,1.3333333333333333,54.0,54.0,"[0, 8, 4, 2, 1]",54,1211
goose,fast,1,4,12,2.0,54.0,54.0,"[0, 8, 4, 2, 1]",54,1211
goose,fast,1,8,4,0.6666666666666666,54.0,54.0,"[0, 8, 4, 2, 1]",54,1211
goose,fast,1,8,8,0.6666666666666666,54.0,54.0,"[0, 8, 4, 2, 1]",54,1211
goose,fast,1,8,12,1.0,54.0,54.0,"[0, 8, 4, 2, 1]",54,1211
goose,fast,1,16,4,0.3333333333333333,54.0,54.0,"[0, 8, 4, 2, 1]",54,1211
goose,fast,1,16,8,0.3333333333333333,54.0,54.0,"[0, 8, 4, 2, 1]",54,1211
goose,fast,1,16,12,0.5,54.0,54.0,"[0, 8, 4, 2, 1]",54,1211
goose,fast,2,4,4,1.3333333333333333,27.0,27.0,"[0, 8, 4, 2, 1]",54,1211
goose,fast,2,4,8,1.3333333333333333,27.0,27.0,"[0, 8, 4, 2, 1]",54,1211
goose,fast,2,4,12,2.0,27.0,27.0,"[0, 8, 4, 2, 1]",54,1211
goose,fast,2,8,4,0.6666666666666666,27.0,27.0,"[0, 8, 4, 2, 1]",54,1211
goose,fast,2,8,8,0.6666666666666666,27.0,27.0,"[0, 8, 4, 2, 1]",54,1211
goose,fast,2,8,12,1.0,27.0,27.0,"[0, 8, 4, 2, 1]",54,1211
goose,fast,2,16,4,0.3333333333333333,27.0,27.0,"[0, 8, 4, 2, 1]",54,1211
goose,fast,2,16,8,0.3333333333333333,27.0,27.0,"[0, 8, 4, 2, 1]",54,1211
goose,fast,2,16,12,0.5,27.0,27.0,"[0, 8, 4, 2, 1]",54,1211
goose,fast,3,4,4,1.3333333333333333,18.0,18.0,"[0, 8, 4, 2, 1]",54,1211
goose,fast,3,4,8,1.3333333333333333,18.0,18.0,"[0, 8, 4, 2, 1]",54,1211
goose,fast,3,4,12,2.0,18.0,18.0,"[0, 8, 4, 2, 1]",54,1211
goose,fast,3,8,4,0.6666666666666666,18.0,18.0,"[0, 8, 4, 2, 1]",54,1211
goose,fast,3,8,8,0.6666666666666666,18.0,18.0,"[0, 8, 4, 2, 1]",54,1211
goose,fast,3,8,12,1.0,18.0,18.0,"[0, 8, 4, 2, 1]",54,1211
goose,fast,3,16,4,0.3333333333333333,18.0,18.0,"[0, 8, 4, 2, 1]",54,1211
goose,fast,3,16,8,0.3333333333333333,18.0,18.0,"[0, 8, 4, 2, 1]",54,1211
goose,fast,3,16,12,0.5,18.0,18.0,"[0, 8, 4, 2, 1]",54,1211
goose,fast,6,4,4,1.3333333333333333,9.0,9.0,"[0, 8, 4, 2, 1]",54,1211
goose,fast,6,4,8,1.3333333333333333,9.0,9.0,"[0, 8, 4, 2, 1]",54,1211
goose,fast,6,4,12,2.0,9.0,9.0,"[0, 8, 4, 2, 1]",54,1211
goose,fast,6,8,4,0.6666666666666666,9.0,9.0,"[0, 8, 4, 2, 1]",54,1211
goose,fast,6,8,8,0.6666666666666666,9.0,9.0,"[0, 8, 4, 2, 1]",54,1211
goose,fast,6,8,12,1.0,9.0,9.0,"[0, 8, 4, 2, 1]",54,1211
goose,fast,6,16,4,0.3333333333333333,9.0,9.0,"[0, 8, 4, 2, 1]",54,1211
goose,fast,6,16,8,0.3333333333333333,9.0,9.0,"[0, 8, 4, 2, 1]",54,1211
goose,fast,6,16,12,0.5,9.0,9.0,"[0, 8, 4, 2, 1]",54,1211
goose,balanced,1,4,4,1.3333333333333333,84.0,84.0,"[0, 8, 4, 2, 1]",84,1211
goose,balanced,1,4,8,1.3333333333333333,84.0,84.0,"[0, 8, 4, 2, 1]",84,1211
goose,balanced,1,4,12,2.0,84.0,84.0,"[0, 8, 4, 2, 1]",84,1211
goose,balanced,1,8,4,0.6666666666666666,84.0,84.0,"[0, 8, 4, 2, 1]",84,1211
goose,balanced,1,8,8,0.6666666666666666,84.0,84.0,"[0, 8, 4, 2, 1]",84,1211
goose,balanced,1,8,12,1.0,84.0,84.0,"[0, 8, 4, 2, 1]",84,1211
goose,balanced,1,16,4,0.3333333333333333,84.0,84.0,"[0, 8, 4, 2, 1]",84,1211
goose,balanced,1,16,8,0.3333333333333333,84.0,84.0,"[0, 8, 4, 2, 1]",84,1211
goose,balanced,1,16,12,0.5,84.0,84.0,"[0, 8, 4, 2, 1]",84,1211
goose,balanced,2,4,4,1.3333333333333333,42.0,42.0,"[0, 8, 4, 2, 1]",84,1211
goose,balanced,2,4,8,1.3333333333333333,42.0,42.0,"[0, 8, 4, 2, 1]",84,1211
goose,balanced,2,4,12,2.0,42.0,42.0,"[0, 8, 4, 2, 1]",84,1211
goose,balanced,2,8,4,0.6666666666666666,42.0,42.0,"[0, 8, 4, 2, 1]",84,1211
goose,balanced,2,8,8,0.6666666666666666,42.0,42.0,"[0, 8, 4, 2, 1]",84,1211
goose,balanced,2,8,12,1.0,42.0,42.0,"[0, 8, 4, 2, 1]",84,1211
goose,balanced,2,16,4,0.3333333333333333,42.0,42.0,"[0, 8, 4, 2, 1]",84,1211
goose,balanced,2,16,8,0.3333333333333333,42.0,42.0,"[0, 8, 4, 2, 1]",84,1211
goose,balanced,2,16,12,0.5,42.0,42.0,"[0, 8, 4, 2, 1]",84,1211
goose,balanced,3,4,4,1.3333333333333333,28.0,28.0,"[0, 8, 4, 2, 1]",84,1211
goose,balanced,3,4,8,1.3333333333333333,28.0,28.0,"[0, 8, 4, 2, 1]",84,1211
goose,balanced,3,4,12,2.0,28.0,28.0,"[0, 8, 4, 2, 1]",84,1211
goose,balanced,3,8,4,0.6666666666666666,28.0,28.0,"[0, 8, 4, 2, 1]",84,1211
goose,balanced,3,8,8,0.6666666666666666,28.0,28.0,"[0, 8, 4, 2, 1]",84,1211
goose,balanced,3,8,12,1.0,28.0,28.0,"[0, 8, 4, 2, 1]",84,1211
goose,balanced,3,16,4,0.3333333333333333,28.0,28.0,"[0, 8, 4, 2, 1]",84,1211
goose,balanced,3,16,8,0.3333333333333333,28.0,28.0,"[0, 8, 4, 2, 1]",84,1211
goose,balanced,3,16,12,0.5,28.0,28.0,"[0, 8, 4, 2, 1]",84,1211
goose,balanced,6,4,4,1.3333333333333333,14.0,14.0,"[0, 8, 4, 2, 1]",84,1211
goose,balanced,6,4,8,1.3333333333333333,14.0,14.0,"[0, 8, 4, 2, 1]",84,1211
goose,balanced,6,4,12,2.0,14.0,14.0,"[0, 8, 4, 2, 1]",84,1211
goose,balanced,6,8,4,0.6666666666666666,14.0,14.0,"[0, 8, 4, 2, 1]",84,1211
goose,balanced,6,8,8,0.6666666666666666,14.0,14.0,"[0, 8, 4, 2, 1]",84,1211
goose,balanced,6,8,12,1.0,14.0,14.0,"[0, 8, 4, 2, 1]",84,1211
goose,balanced,6,16,4,0.3333333333333333,14.0,14.0,"[0, 8, 4, 2, 1]",84,1211
goose,balanced,6,16,8,0.3333333333333333,14.0,14.0,"[0, 8, 4, 2, 1]",84,1211
goose,balanced,6,16,12,0.5,14.0,14.0,"[0, 8, 4, 2, 1]",84,1211
goose,slow,1,4,4,1.3333333333333333,140.0,140.0,"[0, 8, 4, 2, 1]",140,1211
goose,slow,1,4,8,1.3333333333333333,140.0,140.0,"[0, 8, 4, 2, 1]",140,1211
goose,slow,1,4,12,2.0,140.0,140.0,"[0, 8, 4, 2, 1]",140,1211
goose,slow,1,8,4,0.6666666666666666,140.0,140.0,"[0, 8, 4, 2, 1]",140,1211
goose,slow,1,8,8,0.6666666666666666,140.0,140.0,"[0, 8, 4, 2, 1]",140,1211
goose,slow,1,8,12,1.0,140.0,140.0,"[0, 8, 4, 2, 1]",140,1211
goose,slow,1,16,4,0.3333333333333333,140.0,140.0,"[0, 8, 4, 2, 1]",140,1211
goose,slow,1,16,8,0.3333333333333333,140.0,140.0,"[0, 8, 4, 2, 1]",140,1211
goose,slow,1,16,12,0.5,140.0,140.0,"[0, 8, 4, 2, 1]",140,1211
goose,slow,2,4,4,1.3333333333333333,70.0,70.0,"[0, 8, 4, 2, 1]",140,1211
goose,slow,2,4,8,1.3333333333333333,70.0,70.0,"[0, 8, 4, 2, 1]",140,1211
goose,slow,2,4,12,2.0,70.0,70.0,"[0, 8, 4, 2, 1]",140,1211
goose,slow,2,8,4,0.6666666666666666,70.0,70.0,"[0, 8, 4, 2, 1]",140,1211
goose,slow,2,8,8,0.6666666666666666,70.0,70.0,"[0, 8, 4, 2, 1]",140,1211
goose,slow,2,8,12,1.0,70.0,70.0,"[0, 8, 4, 2, 1]",140,1211
goose,slow,2,16,4,0.3333333333333333,70.0,70.0,"[0, 8, 4, 2, 1]",140,1211
goose,slow,2,16,8,0.3333333333333333,70.0,70.0,"[0, 8, 4, 2, 1]",140,1211
goose,slow,2,16,12,0.5,70.0,70.0,"[0, 8, 4, 2, 1]",140,1211
goose,slow,3,4,4,1.3333333333333333,46.666666666666664,46.666666666666664,"[0, 8, 4, 2, 1]",140,1211
goose,slow,3,4,8,1.3333333333333333,46.666666666666664,46.666666666666664,"[0, 8, 4, 2, 1]",140,1211
goose,slow,3,4,12,2.0,46.666666666666664,46.666666666666664,"[0, 8, 4, 2, 1]",140,1211
goose,slow,3,8,4,0.6666666666666666,46.666666666666664,46.666666666666664,"[0, 8, 4, 2, 1]",140,1211
goose,slow,3,8,8,0.6666666666666666,46.666666666666664,46.666666666666664,"[0, 8, 4, 2, 1]",140,1211
goose,slow,3,8,12,1.0,46.666666666666664,46.666666666666664,"[0, 8, 4, 2, 1]",140,1211
goose,slow,3,16,4,0.3333333333333333,46.666666666666664,46.666666666666664,"[0, 8, 4, 2, 1]",140,1211
goose,slow,3,16,8,0.3333333333333333,46.666666666666664,46.666666666666664,"[0, 8, 4, 2, 1]",140,1211
goose,slow,3,16,12,0.5,46.666666666666664,46.666666666666664,"[0, 8, 4, 2, 1]",140,1211
goose,slow,6,4,4,1.3333333333333333,23.333333333333332,23.333333333333332,"[0, 8, 4, 2, 1]",140,1211
goose,slow,6,4,8,1.3333333333333333,23.333333333333332,23.333333333333332,"[0, 8, 4, 2, 1]",140,1211
goose,slow,6,4,12,2.0,23.333333333333332,23.333333333333332,"[0, 8, 4, 2, 1]",140,1211
goose,slow,6,8,4,0.6666666666666666,23.333333333333332,23.333333333333332,"[0, 8, 4, 2, 1]",140,1211
goose,slow,6,8,8,0.6666666666666666,23.333333333333332,23.333333333333332,"[0, 8, 4, 2, 1]",140,1211
goose,slow,6,8,12,1.0,23.333333333333332,23.333333333333332,"[0, 8, 4, 2, 1]",140,1211
goose,slow,6,16,4,0.3333333333333333,23.333333333333332,23.333333333333332,"[0, 8, 4, 2, 1]",140,1211
goose,slow,6,16,8,0.3333333333333333,23.333333333333332,23.333333333333332,"[0, 8, 4, 2, 1]",140,1211
goose,slow,6,16,12,0.5,23.333333333333332,23.333333333333332,"[0, 8, 4, 2, 1]",140,1211
goat,fast,1,4,4,2.6666666666666665,54.0,54.0,"[0, 8, 4, 2, 1]",54,2235
goat,fast,1,4,8,2.6666666666666665,54.0,54.0,"[0, 8, 4, 2, 1]",54,2235
goat,fast,1,4,12,4.0,54.0,54.0,"[0, 8, 4, 2, 1]",54,2235
goat,fast,1,8,4,1.3333333333333333,54.0,54.0,"[0, 8, 4, 2, 1]",54,2235
goat,fast,1,8,8,1.3333333333333333,54.0,54.0,"[0, 8, 4, 2, 1]",54,2235
goat,fast,1,8,12,2.0,54.0,54.0,"[0, 8, 4, 2, 1]",54,2235
goat,fast,1,16,4,0.6666666666666666,54.0,54.0,"[0, 8, 4, 2, 1]",54,2235
goat,fast,1,16,8,0.6666666666666666,54.0,54.0,"[0, 8, 4, 2, 1]",54,2235
goat,fast,1,16,12,1.0,54.0,54.0,"[0, 8, 4, 2, 1]",54,2235
goat,fast,2,4,4,2.6666666666666665,27.0,27.0,"[0, 8, 4, 2, 1]",54,2235
goat,fast,2,4,8,2.6666666666666665,27.0,27.0,"[0, 8, 4, 2, 1]",54,2235
goat,fast,2,4,12,4.0,27.0,27.0,"[0, 8, 4, 2, 1]",54,2235
goat,fast,2,8,4,1.3333333333333333,27.0,27.0,"[0, 8, 4, 2, 1]",54,2235
goat,fast,2,8,8,1.3333333333333333,27.0,27.0,"[0, 8, 4, 2, 1]",54,2235
goat,fast,2,8,12,2.0,27.0,27.0,"[0, 8, 4, 2, 1]",54,2235
goat,fast,2,16,4,0.6666666666666666,27.0,27.0,"[0, 8, 4, 2, 1]",54,2235
goat,fast,2,16,8,0.6666666666666666,27.0,27.0,"[0, 8, 4, 2, 1]",54,2235
goat,fast,2,16,12,1.0,27.0,27.0,"[0, 8, 4, 2, 1]",54,2235
goat,fast,3,4,4,2.6666666666666665,18.0,18.0,"[0, 8, 4, 2, 1]",54,2235
goat,fast,3,4,8,2.6666666666666665,18.0,18.0,"[0, 8, 4, 2, 1]",54,2235
goat,fast,3,4,12,4.0,18.0,18.0,"[0, 8, 4, 2, 1]",54,2235
goat,fast,3,8,4,1.3333333333333333,18.0,18.0,"[0, 8, 4, 2, 1]",54,2235
goat,fast,3,8,8,1.3333333333333333,18.0,18.0,"[0, 8, 4, 2, 1]",54,2235
goat,fast,3,8,12,2.0,18.0,18.0,"[0, 8, 4, 2, 1]",54,2235
goat,fast,3,16,4,0.6666666666666666,18.0,18.0,"[0, 8, 4, 2, 1]",54,2235
goat,fast,3,16,8,0.6666666666666666,18.0,18.0,"[0, 8, 4, 2, 1]",54,2235
goat,fast,3,16,12,1.0,18.0,18.0,"[0, 8, 4, 2, 1]",54,2235
goat,fast,6,4,4,2.6666666666666665,9.0,9.0,"[0, 8, 4, 2, 1]",54,2235
goat,fast,6,4,8,2.6666666666666665,9.0,9.0,"[0, 8, 4, 2, 1]",54,2235
goat,fast,6,4,12,4.0,9.0,9.0,"[0, 8, 4, 2, 1]",54,2235
goat,fast,6,8,4,1.3333333333333333,9.0,9.0,"[0, 8, 4, 2, 1]",54,2235
goat,fast,6,8,8,1.3333333333333333,9.0,9.0,"[0, 8, 4, 2, 1]",54,2235
goat,fast,6,8,12,2.0,9.0,9.0,"[0, 8, 4, 2, 1]",54,2235
goat,fast,6,16,4,0.6666666666666666,9.0,9.0,"[0, 8, 4, 2, 1]",54,2235
goat,fast,6,16,8,0.6666666666666666,9.0,9.0,"[0, 8, 4, 2, 1]",54,2235
goat,fast,6,16,12,1.0,9.0,9.0,"[0, 8, 4, 2, 1]",54,2235
goat,balanced,1,4,4,2.6666666666666665,84.0,84.0,"[0, 8, 4, 2, 1]",84,2235
goat,balanced,1,4,8,2.6666666666666665,84.0,84.0,"[0, 8, 4, 2, 1]",84,2235
goat,balanced,1,4,12,4.0,84.0,84.0,"[0, 8, 4, 2, 1]",84,2235
goat,balanced,1,8,4,1.3333333333333333,84.0,84.0,"[0, 8, 4, 2, 1]",84,2235
goat,balanced,1,8,8,1.3333333333333333,84.0,84.0,"[0, 8, 4, 2, 1]",84,2235
goat,balanced,1,8,12,2.0,84.0,84.0,"[0, 8, 4, 2, 1]",84,2235
goat,balanced,1,16,4,0.6666666666666666,84.0,84.0,"[0, 8, 4, 2, 1]",84,2235
goat,balanced,1,16,8,0.6666666666666666,84.0,84.0,"[0, 8, 4, 2, 1]",84,2235
goat,balanced,1,16,12,1.0,84.0,84.0,"[0, 8, 4, 2, 1]",84,2235
goat,balanced,2,4,4,2.6666666666666665,42.0,42.0,"[0, 8, 4, 2, 1]",84,2235
goat,balanced,2,4,8,2.6666666666666665,42.0,42.0,"[0, 8, 4, 2, 1]",84,2235
goat,balanced,2,4,12,4.0,42.0,42.0,"[0, 8, 4, 2, 1]",84,2235
goat,balanced,2,8,4,1.3333333333333333,42.0,42.0,"[0, 8, 4, 2, 1]",84,2235
goat,balanced,2,8,8,1.3333333333333333,42.0,42.0,"[0, 8, 4, 2, 1]",84,2235
goat,balanced,2,8,12,2.0,42.0,42.0,"[0, 8, 4, 2, 1]",84,2235
goat,balanced,2,16,4,0.6666666666666666,42.0,42.0,"[0, 8, 4, 2, 1]",84,2235
goat,balanced,2,16,8,0.6666666666666666,42.0,42.0,"[0, 8, 4, 2, 1]",84,2235
goat,balanced,2,16,12,1.0,42.0,42.0,"[0, 8, 4, 2, 1]",84,2235
goat,balanced,3,4,4,2.6666666666666665,28.0,28.0,"[0, 8, 4, 2, 1]",84,2235
goat,balanced,3,4,8,2.6666666666666665,28.0,28.0,"[0, 8, 4, 2, 1]",84,2235
goat,balanced,3,4,12,4.0,28.0,28.0,"[0, 8, 4, 2, 1]",84,2235
goat,balanced,3,8,4,1.3333333333333333,28.0,28.0,"[0, 8, 4, 2, 1]",84,2235
goat,balanced,3,8,8,1.3333333333333333,28.0,28.0,"[0, 8, 4, 2, 1]",84,2235
goat,balanced,3,8,12,2.0,28.0,28.0,"[0, 8, 4, 2, 1]",84,2235
goat,balanced,3,16,4,0.6666666666666666,28.0,28.0,"[0, 8, 4, 2, 1]",84,2235
goat,balanced,3,16,8,0.6666666666666666,28.0,28.0,"[0, 8, 4, 2, 1]",84,2235
goat,balanced,3,16,12,1.0,28.0,28.0,"[0, 8, 4, 2, 1]",84,2235
goat,balanced,6,4,4,2.6666666666666665,14.0,14.0,"[0, 8, 4, 2, 1]",84,2235
goat,balanced,6,4,8,2.6666666666666665,14.0,14.0,"[0, 8, 4, 2, 1]",84,2235
goat,balanced,6,4,12,4.0,14.0,14.0,"[0, 8, 4, 2, 1]",84,2235
goat,balanced,6,8,4,1.3333333333333333,14.0,14.0,"[0, 8, 4, 2, 1]",84,2235
goat,balanced,6,8,8,1.3333333333333333,14.0,14.0,"[0, 8, 4, 2, 1]",84,2235
goat,balanced,6,8,12,2.0,14.0,14.0,"[0, 8, 4, 2, 1]",84,2235
goat,balanced,6,16,4,0.6666666666666666,14.0,14.0,"[0, 8, 4, 2, 1]",84,2235
goat,balanced,6,16,8,0.6666666666666666,14.0,14.0,"[0, 8, 4, 2, 1]",84,2235
goat,balanced,6,16,12,1.0,14.0,14.0,"[0, 8, 4, 2, 1]",84,2235
goat,slow,1,4,4,2.6666666666666665,140.0,140.0,"[0, 8, 4, 2, 1]",140,2235
goat,slow,1,4,8,2.6666666666666665,140.0,140.0,"[0, 8, 4, 2, 1]",140,2235
goat,slow,1,4,12,4.0,140.0,140.0,"[0, 8, 4, 2, 1]",140,2235
goat,slow,1,8,4,1.3333333333333333,140.0,140.0,"[0, 8, 4, 2, 1]",140,2235
goat,slow,1,8,8,1.3333333333333333,140.0,140.0,"[0, 8, 4, 2, 1]",140,2235
goat,slow,1,8,12,2.0,140.0,140.0,"[0, 8, 4, 2, 1]",140,2235
goat,slow,1,16,4,0.6666666666666666,140.0,140.0,"[0, 8, 4, 2, 1]",140,2235
goat,slow,1,16,8,0.6666666666666666,140.0,140.0,"[0, 8, 4, 2, 1]",140,2235
goat,slow,1,16,12,1.0,140.0,140.0,"[0, 8, 4, 2, 1]",140,2235
goat,slow,2,4,4,2.6666666666666665,70.0,70.0,"[0, 8, 4, 2, 1]",140,2235
goat,slow,2,4,8,2.6666666666666665,70.0,70.0,"[0, 8, 4, 2, 1]",140,2235
goat,slow,2,4,12,4.0,70.0,70.0,"[0, 8, 4, 2, 1]",140,2235
goat,slow,2,8,4,1.3333333333333333,70.0,70.0,"[0, 8, 4, 2, 1]",140,2235
goat,slow,2,8,8,1.3333333333333333,70.0,70.0,"[0, 8, 4, 2, 1]",140,2235
goat,slow,2,8,12,2.0,70.0,70.0,"[0, 8, 4, 2, 1]",140,2235
goat,slow,2,16,4,0.6666666666666666,70.0,70.0,"[0, 8, 4, 2, 1]",140,2235
goat,slow,2,16,8,0.6666666666666666,70.0,70.0,"[0, 8, 4, 2, 1]",140,2235
goat,slow,2,16,12,1.0,70.0,70.0,"[0, 8, 4, 2, 1]",140,2235
goat,slow,3,4,4,2.6666666666666665,46.666666666666664,46.666666666666664,"[0, 8, 4, 2, 1]",140,2235
goat,slow,3,4,8,2.6666666666666665,46.666666666666664,46.666666666666664,"[0, 8, 4, 2, 1]",140,2235
goat,slow,3,4,12,4.0,46.666666666666664,46.666666666666664,"[0, 8, 4, 2, 1]",140,2235
goat,slow,3,8,4,1.3333333333333333,46.666666666666664,46.666666666666664,"[0, 8, 4, 2, 1]",140,2235
goat,slow,3,8,8,1.3333333333333333,46.666666666666664,46.666666666666664,"[0, 8, 4, 2, 1]",140,2235
goat,slow,3,8,12,2.0,46.666666666666664,46.666666666666664,"[0, 8, 4, 2, 1]",140,2235
goat,slow,3,16,4,0.6666666666666666,46.666666666666664,46.666666666666664,"[0, 8, 4, 2, 1]",140,2235
goat,slow,3,16,8,0.6666666666666666,46.666666666666664,46.666666666666664,"[0, 8, 4, 2, 1]",140,2235
goat,slow,3,16,12,1.0,46.666666666666664,46.666666666666664,"[0, 8, 4, 2, 1]",140,2235
goat,slow,6,4,4,2.6666666666666665,23.333333333333332,23.333333333333332,"[0, 8, 4, 2, 1]",140,2235
goat,slow,6,4,8,2.6666666666666665,23.333333333333332,23.333333333333332,"[0, 8, 4, 2, 1]",140,2235
goat,slow,6,4,12,4.0,23.333333333333332,23.333333333333332,"[0, 8, 4, 2, 1]",140,2235
goat,slow,6,8,4,1.3333333333333333,23.333333333333332,23.333333333333332,"[0, 8, 4, 2, 1]",140,2235
goat,slow,6,8,8,1.3333333333333333,23.333333333333332,23.333333333333332,"[0, 8, 4, 2, 1]",140,2235
goat,slow,6,8,12,2.0,23.333333333333332,23.333333333333332,"[0, 8, 4, 2, 1]",140,2235
goat,slow,6,16,4,0.6666666666666666,23.333333333333332,23.333333333333332,"[0, 8, 4, 2, 1]",140,2235
goat,slow,6,16,8,0.6666666666666666,23.333333333333332,23.333333333333332,"[0, 8, 4, 2, 1]",140,2235
goat,slow,6,16,12,1.0,23.333333333333332,23.333333333333332,"[0, 8, 4, 2, 1]",140,2235
cow,fast,1,4,4,3.3333333333333335,54.0,54.0,"[0, 8, 4, 2, 1]",54,3632
cow,fast,1,4,8,4.0,54.0,54.0,"[0, 8, 4, 2, 1]",54,3632
cow,fast,1,4,12,4.0,54.0,54.0,"[0, 8, 4, 2, 1]",54,3632
cow,fast,1,8,4,1.6666666666666667,54.0,54.0,"[0, 8, 4, 2, 1]",54,3632
cow,fast,1,8,8,2.0,54.0,54.0,"[0, 8, 4, 2, 1]",54,3632
cow,fast,1,8,12,2.0,54.0,54.0,"[0, 8, 4, 2, 1]",54,3632
cow,fast,1,16,4,0.8333333333333334,54.0,54.0,"[0, 8, 4, 2, 1]",54,3632
cow,fast,1,16,8,1.0,54.0,54.0,"[0, 8, 4, 2, 1]",54,3632
cow,fast,1,16,12,1.0,54.0,54.0,"[0, 8, 4, 2, 1]",54,3632
cow,fast,2,4,4,3.3333333333333335,27.0,27.0,"[0, 8, 4, 2, 1]",54,3632
cow,fast,2,4,8,4.0,27.0,27.0,"[0, 8, 4, 2, 1]",54,3632
cow,fast,2,4,12,4.0,27.0,27.0,"[0, 8, 4, 2, 1]",54,3632
cow,fast,2,8,4,1.6666666666666667,27.0,27.0,"[0, 8, 4, 2, 1]",54,3632
cow,fast,2,8,8,2.0,27.0,27.0,"[0, 8, 4, 2, 1]",54,3632
cow,fast,2,8,12,2.0,27.0,27.0,"[0, 8, 4, 2, 1]",54,3632
cow,fast,2,16,4,0.8333333333333334,27.0,27.0,"[0, 8, 4, 2, 1]",54,3632
cow,fast,2,16,8,1.0,27.0,27.0,"[0, 8, 4, 2, 1]",54,3632
cow,fast,2,16,12,1.0,27.0,27.0,"[0, 8, 4, 2, 1]",54,3632
cow,fast,3,4,4,3.3333333333333335,18.0,18.0,"[0, 8, 4, 2, 1]",54,3632
cow,fast,3,4,8,4.0,18.0,18.0,"[0, 8, 4, 2, 1]",54,3632
cow,fast,3,4,12,4.0,18.0,18.0,"[0, 8, 4, 2, 1]",54,3632
cow,fast,3,8,4,1.6666666666666667,18.0,18.0,"[0, 8, 4, 2, 1]",54,3632
cow,fast,3,8,8,2.0,18.0,18.0,"[0, 8, 4, 2, 1]",54,3632
cow,fast,3,8,12,2.0,18.0,18.0,"[0, 8, 4, 2, 1]",54,3632
cow,fast,3,16,4,0.8333333333333334,18.0,18.0,"[0, 8, 4, 2, 1]",54,3632
cow,fast,3,16,8,1.0,18.0,18.0,"[0, 8, 4, 2, 1]",54,3632
cow,fast,3,16,12,1.0,18.0,18.0,"[0, 8, 4, 2, 1]",54,3632
cow,fast,6,4,4,3.3333333333333335,9.0,9.0,"[0, 8, 4, 2, 1]",54,3632
cow,fast,6,4,8,4.0,9.0,9.0,"[0, 8, 4, 2, 1]",54,3632
cow,fast,6,4,12,4.0,9.0,9.0,"[0, 8, 4, 2, 1]",54,3632
cow,fast,6,8,4,1.6666666666666667,9.0,9.0,"[0, 8, 4, 2, 1]",54,3632
cow,fast,6,8,8,2.0,9.0,9.0,"[0, 8, 4, 2, 1]",54,3632
cow,fast,6,8,12,2.0,9.0,9.0,"[0, 8, 4, 2, 1]",54,3632
cow,fast,6,16,4,0.8333333333333334,9.0,9.0,"[0, 8, 4, 2, 1]",54,3632
cow,fast,6,16,8,1.0,9.0,9.0,"[0, 8, 4, 2, 1]",54,3632
cow,fast,6,16,12,1.0,9.0,9.0,"[0, 8, 4, 2, 1]",54,3632
cow,balanced,1,4,4,3.3333333333333335,84.0,84.0,"[0, 8, 4, 2, 1]",84,3632
cow,balanced,1,4,8,4.0,84.0,84.0,"[0, 8, 4, 2, 1]",84,3632
cow,balanced,1,4,12,4.0,84.0,84.0,"[0, 8, 4, 2, 1]",84,3632
cow,balanced,1,8,4,1.6666666666666667,84.0,84.0,"[0, 8, 4, 2, 1]",84,3632
cow,balanced,1,8,8,2.0,84.0,84.0,"[0, 8, 4, 2, 1]",84,3632
cow,balanced,1,8,12,2.0,84.0,84.0,"[0, 8, 4, 2, 1]",84,3632
cow,balanced,1,16,4,0.8333333333333334,84.0,84.0,"[0, 8, 4, 2, 1]",84,3632
cow,balanced,1,16,8,1.0,84.0,84.0,"[0, 8, 4, 2, 1]",84,3632
cow,balanced,1,16,12,1.0,84.0,84.0,"[0, 8, 4, 2, 1]",84,3632
cow,balanced,2,4,4,3.3333333333333335,42.0,42.0,"[0, 8, 4, 2, 1]",84,3632
cow,balanced,2,4,8,4.0,42.0,42.0,"[0, 8, 4, 2, 1]",84,3632
cow,balanced,2,4,12,4.0,42.0,42.0,"[0, 8, 4, 2, 1]",84,3632
cow,balanced,2,8,4,1.6666666666666667,42.0,42.0,"[0, 8, 4, 2, 1]",84,3632
cow,balanced,2,8,8,2.0,42.0,42.0,"[0, 8, 4, 2, 1]",84,3632
cow,balanced,2,8,12,2.0,42.0,42.0,"[0, 8, 4, 2, 1]",84,3632
cow,balanced,2,16,4,0.8333333333333334,42.0,42.0,"[0, 8, 4, 2, 1]",84,3632
cow,balanced,2,16,8,1.0,42.0,42.0,"[0, 8, 4, 2, 1]",84,3632
cow,balanced,2,16,12,1.0,42.0,42.0,"[0, 8, 4, 2, 1]",84,3632
cow,balanced,3,4,4,3.3333333333333335,28.0,28.0,"[0, 8, 4, 2, 1]",84,3632
cow,balanced,3,4,8,4.0,28.0,28.0,"[0, 8, 4, 2, 1]",84,3632
cow,balanced,3,4,12,4.0,28.0,28.0,"[0, 8, 4, 2, 1]",84,3632
cow,balanced,3,8,4,1.6666666666666667,28.0,28.0,"[0, 8, 4, 2, 1]",84,3632
cow,balanced,3,8,8,2.0,28.0,28.0,"[0, 8, 4, 2, 1]",84,3632
cow,balanced,3,8,12,2.0,28.0,28.0,"[0, 8, 4, 2, 1]",84,3632
cow,balanced,3,16,4,0.8333333333333334,28.0,28.0,"[0, 8, 4, 2, 1]",84,3632
cow,balanced,3,16,8,1.0,28.0,28.0,"[0, 8, 4, 2, 1]",84,3632
cow,balanced,3,16,12,1.0,28.0,28.0,"[0, 8, 4, 2, 1]",84,3632
cow,balanced,6,4,4,3.3333333333333335,14.0,14.0,"[0, 8, 4, 2, 1]",84,3632
cow,balanced,6,4,8,4.0,14.0,14.0,"[0, 8, 4, 2, 1]",84,3632
cow,balanced,6,4,12,4.0,14.0,14.0,"[0, 8, 4, 2, 1]",84,3632
cow,balanced,6,8,4,1.6666666666666667,14.0,14.0,"[0, 8, 4, 2, 1]",84,3632
cow,balanced,6,8,8,2.0,14.0,14.0,"[0, 8, 4, 2, 1]",84,3632
cow,balanced,6,8,12,2.0,14.0,14.0,"[0, 8, 4, 2, 1]",84,3632
cow,balanced,6,16,4,0.8333333333333334,14.0,14.0,"[0, 8, 4, 2, 1]",84,3632
cow,balanced,6,16,8,1.0,14.0,14.0,"[0, 8, 4, 2, 1]",84,3632
cow,balanced,6,16,12,1.0,14.0,14.0,"[0, 8, 4, 2, 1]",84,3632
cow,slow,1,4,4,3.3333333333333335,140.0,140.0,"[0, 8, 4, 2, 1]",140,3632
cow,slow,1,4,8,4.0,140.0,140.0,"[0, 8, 4, 2, 1]",140,3632
cow,slow,1,4,12,4.0,140.0,140.0,"[0, 8, 4, 2, 1]",140,3632
cow,slow,1,8,4,1.6666666666666667,140.0,140.0,"[0, 8, 4, 2, 1]",140,3632
cow,slow,1,8,8,2.0,140.0,140.0,"[0, 8, 4, 2, 1]",140,3632
cow,slow,1,8,12,2.0,140.0,140.0,"[0, 8, 4, 2, 1]",140,3632
cow,slow,1,16,4,0.8333333333333334,140.0,140.0,"[0, 8, 4, 2, 1]",140,3632
cow,slow,1,16,8,1.0,140.0,140.0,"[0, 8, 4, 2, 1]",140,3632
cow,slow,1,16,12,1.0,140.0,140.0,"[0, 8, 4, 2, 1]",140,3632
cow,slow,2,4,4,3.3333333333333335,70.0,70.0,"[0, 8, 4, 2, 1]",140,3632
cow,slow,2,4,8,4.0,70.0,70.0,"[0, 8, 4, 2, 1]",140,3632
cow,slow,2,4,12,4.0,70.0,70.0,"[0, 8, 4, 2, 1]",140,3632
cow,slow,2,8,4,1.6666666666666667,70.0,70.0,"[0, 8, 4, 2, 1]",140,3632
cow,slow,2,8,8,2.0,70.0,70.0,"[0, 8, 4, 2, 1]",140,3632
cow,slow,2,8,12,2.0,70.0,70.0,"[0, 8, 4, 2, 1]",140,3632
cow,slow,2,16,4,0.8333333333333334,70.0,70.0,"[0, 8, 4, 2, 1]",140,3632
cow,slow,2,16,8,1.0,70.0,70.0,"[0, 8, 4, 2, 1]",140,3632
cow,slow,2,16,12,1.0,70.0,70.0,"[0, 8, 4, 2, 1]",140,3632
cow,slow,3,4,4,3.3333333333333335,46.666666666666664,46.666666666666664,"[0, 8, 4, 2, 1]",140,3632
cow,slow,3,4,8,4.0,46.666666666666664,46.666666666666664,"[0, 8, 4, 2, 1]",140,3632
cow,slow,3,4,12,4.0,46.666666666666664,46.666666666666664,"[0, 8, 4, 2, 1]",140,3632
cow,slow,3,8,4,1.6666666666666667,46.666666666666664,46.666666666666664,"[0, 8, 4, 2, 1]",140,3632
cow,slow,3,8,8,2.0,46.666666666666664,46.666666666666664,"[0, 8, 4, 2, 1]",140,3632
cow,slow,3,8,12,2.0,46.666666666666664,46.666666666666664,"[0, 8, 4, 2, 1]",140,3632
cow,slow,3,16,4,0.8333333333333334,46.666666666666664,46.666666666666664,"[0, 8, 4, 2, 1]",140,3632
cow,slow,3,16,8,1.0,46.666666666666664,46.666666666666664,"[0, 8, 4, 2, 1]",140,3632
cow,slow,3,16,12,1.0,46.666666666666664,46.666666666666664,"[0, 8, 4, 2, 1]",140,3632
cow,slow,6,4,4,3.3333333333333335,23.333333333333332,23.333333333333332,"[0, 8, 4, 2, 1]",140,3632
cow,slow,6,4,8,4.0,23.333333333333332,23.333333333333332,"[0, 8, 4, 2, 1]",140,3632
cow,slow,6,4,12,4.0,23.333333333333332,23.333333333333332,"[0, 8, 4, 2, 1]",140,3632
cow,slow,6,8,4,1.6666666666666667,23.333333333333332,23.333333333333332,"[0, 8, 4, 2, 1]",140,3632
cow,slow,6,8,8,2.0,23.333333333333332,23.333333333333332,"[0, 8, 4, 2, 1]",140,3632
cow,slow,6,8,12,2.0,23.333333333333332,23.333333333333332,"[0, 8, 4, 2, 1]",140,3632
cow,slow,6,16,4,0.8333333333333334,23.333333333333332,23.333333333333332,"[0, 8, 4, 2, 1]",140,3632
cow,slow,6,16,8,1.0,23.333333333333332,23.333333333333332,"[0, 8, 4, 2, 1]",140,3632
cow,slow,6,16,12,1.0,23.333333333333332,23.333333333333332,"[0, 8, 4, 2, 1]",140,3632
cat,fast,1,4,4,3.3333333333333335,54.0,54.0,"[0, 8, 4, 2, 1]",54,3992
cat,fast,1,4,8,4.0,54.0,54.0,"[0, 8, 4, 2, 1]",54,3992
cat,fast,1,4,12,4.0,54.0,54.0,"[0, 8, 4, 2, 1]",54,3992
cat,fast,1,8,4,1.6666666666666667,54.0,54.0,"[0, 8, 4, 2, 1]",54,3992
cat,fast,1,8,8,2.0,54.0,54.0,"[0, 8, 4, 2, 1]",54,3992
cat,fast,1,8,12,2.0,54.0,54.0,"[0, 8, 4, 2, 1]",54,3992
cat,fast,1,16,4,0.8333333333333334,54.0,54.0,"[0, 8, 4, 2, 1]",54,3992
cat,fast,1,16,8,1.0,54.0,54.0,"[0, 8, 4, 2, 1]",54,3992
cat,fast,1,16,12,1.0,54.0,54.0,"[0, 8, 4, 2, 1]",54,3992
cat,fast,2,4,4,3.3333333333333335,27.0,27.0,"[0, 8, 4, 2, 1]",54,3992
cat,fast,2,4,8,4.0,27.0,27.0,"[0, 8, 4, 2, 1]",54,3992
cat,fast,2,4,12,4.0,27.0,27.0,"[0, 8, 4, 2, 1]",54,3992
cat,fast,2,8,4,1.6666666666666667,27.0,27.0,"[0, 8, 4, 2, 1]",54,3992
cat,fast,2,8,8,2.0,27.0,27.0,"[0, 8, 4, 2, 1]",54,3992
cat,fast,2,8,12,2.0,27.0,27.0,"[0, 8, 4, 2, 1]",54,3992
cat,fast,2,16,4,0.8333333333333334,27.0,27.0,"[0, 8, 4, 2, 1]",54,3992
cat,fast,2,16,8,1.0,27.0,27.0,"[0, 8, 4, 2, 1]",54,3992
cat,fast,2,16,12,1.0,27.0,27.0,"[0, 8, 4, 2, 1]",54,3992
cat,fast,3,4,4,3.3333333333333335,18.0,18.0,"[0, 8, 4, 2, 1]",54,3992
cat,fast,3,4,8,4.0,18.0,18.0,"[0, 8, 4, 2, 1]",54,3992
cat,fast,3,4,12,4.0,18.0,18.0,"[0, 8, 4, 2, 1]",54,3992
cat,fast,3,8,4,1.6666666666666667,18.0,18.0,"[0, 8, 4, 2, 1]",54,3992
cat,fast,3,8,8,2.0,18.0,18.0,"[0, 8, 4, 2, 1]",54,3992
cat,fast,3,8,12,2.0,18.0,18.0,"[0, 8, 4, 2, 1]",54,3992
cat,fast,3,16,4,0.8333333333333334,18.0,18.0,"[0, 8, 4, 2, 1]",54,3992
cat,fast,3,16,8,1.0,18.0,18.0,"[0, 8, 4, 2, 1]",54,3992
cat,fast,3,16,12,1.0,18.0,18.0,"[0, 8, 4, 2, 1]",54,3992
cat,fast,6,4,4,3.3333333333333335,9.0,9.0,"[0, 8, 4, 2, 1]",54,3992
cat,fast,6,4,8,4.0,9.0,9.0,"[0, 8, 4, 2, 1]",54,3992
cat,fast,6,4,12,4.0,9.0,9.0,"[0, 8, 4, 2, 1]",54,3992
cat,fast,6,8,4,1.6666666666666667,9.0,9.0,"[0, 8, 4, 2, 1]",54,3992
cat,fast,6,8,8,2.0,9.0,9.0,"[0, 8, 4, 2, 1]",54,3992
cat,fast,6,8,12,2.0,9.0,9.0,"[0, 8, 4, 2, 1]",54,3992
cat,fast,6,16,4,0.8333333333333334,9.0,9.0,"[0, 8, 4, 2, 1]",54,3992
cat,fast,6,16,8,1.0,9.0,9.0,"[0, 8, 4, 2, 1]",54,3992
cat,fast,6,16,12,1.0,9.0,9.0,"[0, 8, 4, 2, 1]",54,3992
cat,balanced,1,4,4,3.3333333333333335,84.0,84.0,"[0, 8, 4, 2, 1]",84,3992
cat,balanced,1,4,8,4.0,84.0,84.0,"[0, 8, 4, 2, 1]",84,3992
cat,balanced,1,4,12,4.0,84.0,84.0,"[0, 8, 4, 2, 1]",84,3992
cat,balanced,1,8,4,1.6666666666666667,84.0,84.0,"[0, 8, 4, 2, 1]",84,3992
cat,balanced,1,8,8,2.0,84.0,84.0,"[0, 8, 4, 2, 1]",84,3992
cat,balanced,1,8,12,2.0,84.0,84.0,"[0, 8, 4, 2, 1]",84,3992
cat,balanced,1,16,4,0.8333333333333334,84.0,84.0,"[0, 8, 4, 2, 1]",84,3992
cat,balanced,1,16,8,1.0,84.0,84.0,"[0, 8, 4, 2, 1]",84,3992
cat,balanced,1,16,12,1.0,84.0,84.0,"[0, 8, 4, 2, 1]",84,3992
cat,balanced,2,4,4,3.3333333333333335,42.0,42.0,"[0, 8, 4, 2, 1]",84,3992
cat,balanced,2,4,8,4.0,42.0,42.0,"[0, 8, 4, 2, 1]",84,3992
cat,balanced,2,4,12,4.0,42.0,42.0,"[0, 8, 4, 2, 1]",84,3992
cat,balanced,2,8,4,1.6666666666666667,42.0,42.0,"[0, 8, 4, 2, 1]",84,3992
cat,balanced,2,8,8,2.0,42.0,42.0,"[0, 8, 4, 2, 1]",84,3992
cat,balanced,2,8,12,2.0,42.0,42.0,"[0, 8, 4, 2, 1]",84,3992
cat,balanced,2,16,4,0.8333333333333334,42.0,42.0,"[0, 8, 4, 2, 1]",84,3992
cat,balanced,2,16,8,1.0,42.0,42.0,"[0, 8, 4, 2, 1]",84,3992
cat,balanced,2,16,12,1.0,42.0,42.0,"[0, 8, 4, 2, 1]",84,3992
cat,balanced,3,4,4,3.3333333333333335,28.0,28.0,"[0, 8, 4, 2, 1]",84,3992
cat,balanced,3,4,8,4.0,28.0,28.0,"[0, 8, 4, 2, 1]",84,3992
cat,balanced,3,4,12,4.0,28.0,28.0,"[0, 8, 4, 2, 1]",84,3992
cat,balanced,3,8,4,1.6666666666666667,28.0,28.0,"[0, 8, 4, 2, 1]",84,3992
cat,balanced,3,8,8,2.0,28.0,28.0,"[0, 8, 4, 2, 1]",84,3992
cat,balanced,3,8,12,2.0,28.0,28.0,"[0, 8, 4, 2, 1]",84,3992
cat,balanced,3,16,4,0.8333333333333334,28.0,28.0,"[0, 8, 4, 2, 1]",84,3992
cat,balanced,3,16,8,1.0,28.0,28.0,"[0, 8, 4, 2, 1]",84,3992
cat,balanced,3,16,12,1.0,28.0,28.0,"[0, 8, 4, 2, 1]",84,3992
cat,balanced,6,4,4,3.3333333333333335,14.0,14.0,"[0, 8, 4, 2, 1]",84,3992
cat,balanced,6,4,8,4.0,14.0,14.0,"[0, 8, 4, 2, 1]",84,3992
cat,balanced,6,4,12,4.0,14.0,14.0,"[0, 8, 4, 2, 1]",84,3992
cat,balanced,6,8,4,1.6666666666666667,14.0,14.0,"[0, 8, 4, 2, 1]",84,3992
cat,balanced,6,8,8,2.0,14.0,14.0,"[0, 8, 4, 2, 1]",84,3992
cat,balanced,6,8,12,2.0,14.0,14.0,"[0, 8, 4, 2, 1]",84,3992
cat,balanced,6,16,4,0.8333333333333334,14.0,14.0,"[0, 8, 4, 2, 1]",84,3992
cat,balanced,6,16,8,1.0,14.0,14.0,"[0, 8, 4, 2, 1]",84,3992
cat,balanced,6,16,12,1.0,14.0,14.0,"[0, 8, 4, 2, 1]",84,3992
cat,slow,1,4,4,3.3333333333333335,140.0,140.0,"[0, 8, 4, 2, 1]",140,3992
cat,slow,1,4,8,4.0,140.0,140.0,"[0, 8, 4, 2, 1]",140,3992
cat,slow,1,4,12,4.0,140.0,140.0,"[0, 8, 4, 2, 1]",140,3992
cat,slow,1,8,4,1.6666666666666667,140.0,140.0,"[0, 8, 4, 2, 1]",140,3992
cat,slow,1,8,8,2.0,140.0,140.0,"[0, 8, 4, 2, 1]",140,3992
cat,slow,1,8,12,2.0,140.0,140.0,"[0, 8, 4, 2, 1]",140,3992
cat,slow,1,16,4,0.8333333333333334,140.0,140.0,"[0, 8, 4, 2, 1]",140,3992
cat,slow,1,16,8,1.0,140.0,140.0,"[0, 8, 4, 2, 1]",140,3992
cat,slow,1,16,12,1.0,140.0,140.0,"[0, 8, 4, 2, 1]",140,3992
cat,slow,2,4,4,3.3333333333333335,70.0,70.0,"[0, 8, 4, 2, 1]",140,3992
cat,slow,2,4,8,4.0,70.0,70.0,"[0, 8, 4, 2, 1]",140,3992
cat,slow,2,4,12,4.0,70.0,70.0,"[0, 8, 4, 2, 1]",140,3992
cat,slow,2,8,4,1.6666666666666667,70.0,70.0,"[0, 8, 4, 2, 1]",140,3992
cat,slow,2,8,8,2.0,70.0,70.0,"[0, 8, 4, 2, 1]",140,3992
cat,slow,2,8,12,2.0,70.0,70.0,"[0, 8, 4, 2, 1]",140,3992
cat,slow,2,16,4,0.8333333333333334,70.0,70.0,"[0, 8, 4, 2, 1]",140,3992
cat,slow,2,16,8,1.0,70.0,70.0,"[0, 8, 4, 2, 1]",140,3992
cat,slow,2,16,12,1.0,70.0,70.0,"[0, 8, 4, 2, 1]",140,3992
cat,slow,3,4,4,3.3333333333333335,46.666666666666664,46.666666666666664,"[0, 8, 4, 2, 1]",140,3992
cat,slow,3,4,8,4.0,46.666666666666664,46.666666666666664,"[0, 8, 4, 2, 1]",140,3992
cat,slow,3,4,12,4.0,46.666666666666664,46.666666666666664,"[0, 8, 4, 2, 1]",140,3992
cat,slow,3,8,4,1.6666666666666667,46.666666666666664,46.666666666666664,"[0, 8, 4, 2, 1]",140,3992
cat,slow,3,8,8,2.0,46.666666666666664,46.666666666666664,"[0, 8, 4, 2, 1]",140,3992
cat,slow,3,8,12,2.0,46.666666666666664,46.666666666666664,"[0, 8, 4, 2, 1]",140,3992
cat,slow,3,16,4,0.8333333333333334,46.666666666666664,46.666666666666664,"[0, 8, 4, 2, 1]",140,3992
cat,slow,3,16,8,1.0,46.666666666666664,46.666666666666664,"[0, 8, 4, 2, 1]",140,3992
cat,slow,3,16,12,1.0,46.666666666666664,46.666666666666664,"[0, 8, 4, 2, 1]",140,3992
cat,slow,6,4,4,3.3333333333333335,23.333333333333332,23.333333333333332,"[0, 8, 4, 2, 1]",140,3992
cat,slow,6,4,8,4.0,23.333333333333332,23.333333333333332,"[0, 8, 4, 2, 1]",140,3992
cat,slow,6,4,12,4.0,23.333333333333332,23.333333333333332,"[0, 8, 4, 2, 1]",140,3992
cat,slow,6,8,4,1.6666666666666667,23.333333333333332,23.333333333333332,"[0, 8, 4, 2, 1]",140,3992
cat,slow,6,8,8,2.0,23.333333333333332,23.333333333333332,"[0, 8, 4, 2, 1]",140,3992
cat,slow,6,8,12,2.0,23.333333333333332,23.333333333333332,"[0, 8, 4, 2, 1]",140,3992
cat,slow,6,16,4,0.8333333333333334,23.333333333333332,23.333333333333332,"[0, 8, 4, 2, 1]",140,3992
cat,slow,6,16,8,1.0,23.333333333333332,23.333333333333332,"[0, 8, 4, 2, 1]",140,3992
cat,slow,6,16,12,1.0,23.333333333333332,23.333333333333332,"[0, 8, 4, 2, 1]",140,3992
pig,fast,1,4,4,4.666666666666667,54.0,54.0,"[0, 8, 4, 2, 1]",54,6195
pig,fast,1,4,8,5.333333333333333,54.0,54.0,"[0, 8, 4, 2, 1]",54,6195
pig,fast,1,4,12,6.0,54.0,54.0,"[0, 8, 4, 2, 1]",54,6195
pig,fast,1,8,4,2.3333333333333335,54.0,54.0,"[0, 8, 4, 2, 1]",54,6195
pig,fast,1,8,8,2.6666666666666665,54.0,54.0,"[0, 8, 4, 2, 1]",54,6195
pig,fast,1,8,12,3.0,54.0,54.0,"[0, 8, 4, 2, 1]",54,6195
pig,fast,1,16,4,1.1666666666666667,54.0,54.0,"[0, 8, 4, 2, 1]",54,6195
pig,fast,1,16,8,1.3333333333333333,54.0,54.0,"[0, 8, 4, 2, 1]",54,6195
pig,fast,1,16,12,1.5,54.0,54.0,"[0, 8, 4, 2, 1]",54,6195
pig,fast,2,4,4,4.666666666666667,27.0,27.0,"[0, 8, 4, 2, 1]",54,6195
pig,fast,2,4,8,5.333333333333333,27.0,27.0,"[0, 8, 4, 2, 1]",54,6195
pig,fast,2,4,12,6.0,27.0,27.0,"[0, 8, 4, 2, 1]",54,6195
pig,fast,2,8,4,2.3333333333333335,27.0,27.0,"[0, 8, 4, 2, 1]",54,6195
pig,fast,2,8,8,2.6666666666666665,27.0,27.0,"[0, 8, 4, 2, 1]",54,6195
pig,fast,2,8,12,3.0,27.0,27.0,"[0, 8, 4, 2, 1]",54,6195
pig,fast,2,16,4,1.1666666666666667,27.0,27.0,"[0, 8, 4, 2, 1]",54,6195
pig,fast,2,16,8,1.3333333333333333,27.0,27.0,"[0, 8, 4, 2, 1]",54,6195
pig,fast,2,16,12,1.5,27.0,27.0,"[0, 8, 4, 2, 1]",54,6195
pig,fast,3,4,4,4.666666666666667,18.0,18.0,"[0, 8, 4, 2, 1]",54,6195
pig,fast,3,4,8,5.333333333333333,18.0,18.0,"[0, 8, 4, 2, 1]",54,6195
pig,fast,3,4,12,6.0,18.0,18.0,"[0, 8, 4, 2, 1]",54,6195
pig,fast,3,8,4,2.3333333333333335,18.0,18.0,"[0, 8, 4, 2, 1]",54,6195
pig,fast,3,8,8,2.6666666666666665,18.0,18.0,"[0, 8, 4, 2, 1]",54,6195
pig,fast,3,8,12,3.0,18.0,18.0,"[0, 8, 4, 2, 1]",54,6195
pig,fast,3,16,4,1.1666666666666667,18.0,18.0,"[0, 8, 4, 2, 1]",54,6195
pig,fast,3,16,8,1.3333333333333333,18.0,18.0,"[0, 8, 4, 2, 1]",54,6195
pig,fast,3,16,12,1.5,18.0,18.0,"[0, 8, 4, 2, 1]",54,6195
pig,fast,6,4,4,4.666666666666667,9.0,9.0,"[0, 8, 4, 2, 1]",54,6195
pig,fast,6,4,8,5.333333333333333,9.0,9.0,"[0, 8, 4, 2, 1]",54,6195
pig,fast,6,4,12,6.0,9.0,9.0,"[0, 8, 4, 2, 1]",54,6195
pig,fast,6,8,4,2.3333333333333335,9.0,9.0,"[0, 8, 4, 2, 1]",54,6195
pig,fast,6,8,8,2.6666666666666665,9.0,9.0,"[0, 8, 4, 2, 1]",54,6195
pig,fast,6,8,12,3.0,9.0,9.0,"[0, 8, 4, 2, 1]",54,6195
pig,fast,6,16,4,1.1666666666666667,9.0,9.0,"[0, 8, 4, 2, 1]",54,6195
pig,fast,6,16,8,1.3333333333333333,9.0,9.0,"[0, 8, 4, 2, 1]",54,6195
pig,fast,6,16,12,1.5,9.0,9.0,"[0, 8, 4, 2, 1]",54,6195
pig,balanced,1,4,4,4.666666666666667,84.0,84.0,"[0, 8, 4, 2, 1]",84,6195
pig,balanced,1,4,8,5.333333333333333,84.0,84.0,"[0, 8, 4, 2, 1]",84,6195
pig,balanced,1,4,12,6.0,84.0,84.0,"[0, 8, 4, 2, 1]",84,6195
pig,balanced,1,8,4,2.3333333333333335,84.0,84.0,"[0, 8, 4, 2, 1]",84,6195
pig,balanced,1,8,8,2.6666666666666665,84.0,84.0,"[0, 8, 4, 2, 1]",84,6195
pig,balanced,1,8,12,3.0,84.0,84.0,"[0, 8, 4, 2, 1]",84,6195
pig,balanced,1,16,4,1.1666666666666667,84.0,84.0,"[0, 8, 4, 2, 1]",84,6195
pig,balanced,1,16,8,1.3333333333333333,84.0,84.0,"[0, 8, 4, 2, 1]",84,6195
pig,balanced,1,16,12,1.5,84.0,84.0,"[0, 8, 4, 2, 1]",84,6195
pig,balanced,2,4,4,4.666666666666667,42.0,42.0,"[0, 8, 4, 2, 1]",84,6195
pig,balanced,2,4,8,5.333333333333333,42.0,42.0,"[0, 8, 4, 2, 1]",84,6195
pig,balanced,2,4,12,6.0,42.0,42.0,"[0, 8, 4, 2, 1]",84,6195
pig,balanced,2,8,4,2.3333333333333335,42.0,42.0,"[0, 8, 4, 2, 1]",84,6195
pig,balanced,2,8,8,2.6666666666666665,42.0,42.0,"[0, 8, 4, 2, 1]",84,6195
pig,balanced,2,8,12,3.0,42.0,42.0,"[0, 8, 4, 2, 1]",84,6195
pig,balanced,2,16,4,1.1666666666666667,42.0,42.0,"[0, 8, 4, 2, 1]",84,6195
pig,balanced,2,16,8,1.3333333333333333,42.0,42.0,"[0, 8, 4, 2, 1]",84,6195
pig,balanced,2,16,12,1.5,42.0,42.0,"[0, 8, 4, 2, 1]",84,6195
pig,balanced,3,4,4,4.666666666666667,28.0,28.0,"[0, 8, 4, 2, 1]",84,6195
pig,balanced,3,4,8,5.333333333333333,28.0,28.0,"[0, 8, 4, 2, 1]",84,6195
pig,balanced,3,4,12,6.0,28.0,28.0,"[0, 8, 4, 2, 1]",84,6195
pig,balanced,3,8,4,2.3333333333333335,28.0,28.0,"[0, 8, 4, 2, 1]",84,6195
pig,balanced,3,8,8,2.6666666666666665,28.0,28.0,"[0, 8, 4, 2, 1]",84,6195
pig,balanced,3,8,12,3.0,28.0,28.0,"[0, 8, 4, 2, 1]",84,6195
pig,balanced,3,16,4,1.1666666666666667,28.0,28.0,"[0, 8, 4, 2, 1]",84,6195
pig,balanced,3,16,8,1.3333333333333333,28.0,28.0,"[0, 8, 4, 2, 1]",84,6195
pig,balanced,3,16,12,1.5,28.0,28.0,"[0, 8, 4, 2, 1]",84,6195
pig,balanced,6,4,4,4.666666666666667,14.0,14.0,"[0, 8, 4, 2, 1]",84,6195
pig,balanced,6,4,8,5.333333333333333,14.0,14.0,"[0, 8, 4, 2, 1]",84,6195
pig,balanced,6,4,12,6.0,14.0,14.0,"[0, 8, 4, 2, 1]",84,6195
pig,balanced,6,8,4,2.3333333333333335,14.0,14.0,"[0, 8, 4, 2, 1]",84,6195
pig,balanced,6,8,8,2.6666666666666665,14.0,14.0,"[0, 8, 4, 2, 1]",84,6195
pig,balanced,6,8,12,3.0,14.0,14.0,"[0, 8, 4, 2, 1]",84,6195
pig,balanced,6,16,4,1.1666666666666667,14.0,14.0,"[0, 8, 4, 2, 1]",84,6195
pig,balanced,6,16,8,1.3333333333333333,14.0,14.0,"[0, 8, 4, 2, 1]",84,6195
pig,balanced,6,16,12,1.5,14.0,14.0,"[0, 8, 4, 2, 1]",84,6195
pig,slow,1,4,4,4.666666666666667,140.0,140.0,"[0, 8, 4, 2, 1]",140,6195
pig,slow,1,4,8,5.333333333333333,140.0,140.0,"[0, 8, 4, 2, 1]",140,6195
pig,slow,1,4,12,6.0,140.0,140.0,"[0, 8, 4, 2, 1]",140,6195
pig,slow,1,8,4,2.3333333333333335,140.0,140.0,"[0, 8, 4, 2, 1]",140,6195
pig,slow,1,8,8,2.6666666666666665,140.0,140.0,"[0, 8, 4, 2, 1]",140,6195
pig,slow,1,8,12,3.0,140.0,140.0,"[0, 8, 4, 2, 1]",140,6195
pig,slow,1,16,4,1.1666666666666667,140.0,140.0,"[0, 8, 4, 2, 1]",140,6195
pig,slow,1,16,8,1.3333333333333333,140.0,140.0,"[0, 8, 4, 2, 1]",140,6195
pig,slow,1,16,12,1.5,140.0,140.0,"[0, 8, 4, 2, 1]",140,6195
pig,slow,2,4,4,4.666666666666667,70.0,70.0,"[0, 8, 4, 2, 1]",140,6195
pig,slow,2,4,8,5.333333333333333,70.0,70.0,"[0, 8, 4, 2, 1]",140,6195
pig,slow,2,4,12,6.0,70.0,70.0,"[0, 8, 4, 2, 1]",140,6195
pig,slow,2,8,4,2.3333333333333335,70.0,70.0,"[0, 8, 4, 2, 1]",140,6195
pig,slow,2,8,8,2.6666666666666665,70.0,70.0,"[0, 8, 4, 2, 1]",140,6195
pig,slow,2,8,12,3.0,70.0,70.0,"[0, 8, 4, 2, 1]",140,6195
pig,slow,2,16,4,1.1666666666666667,70.0,70.0,"[0, 8, 4, 2, 1]",140,6195
pig,slow,2,16,8,1.3333333333333333,70.0,70.0,"[0, 8, 4, 2, 1]",140,6195
pig,slow,2,16,12,1.5,70.0,70.0,"[0, 8, 4, 2, 1]",140,6195
pig,slow,3,4,4,4.666666666666667,46.666666666666664,46.666666666666664,"[0, 8, 4, 2, 1]",140,6195
pig,slow,3,4,8,5.333333333333333,46.666666666666664,46.666666666666664,"[0, 8, 4, 2, 1]",140,6195
pig,slow,3,4,12,6.0,46.666666666666664,46.666666666666664,"[0, 8, 4, 2, 1]",140,6195
pig,slow,3,8,4,2.3333333333333335,46.666666666666664,46.666666666666664,"[0, 8, 4, 2, 1]",140,6195
pig,slow,3,8,8,2.6666666666666665,46.666666666666664,46.666666666666664,"[0, 8, 4, 2, 1]",140,6195
pig,slow,3,8,12,3.0,46.666666666666664,46.666666666666664,"[0, 8, 4, 2, 1]",140,6195
pig,slow,3,16,4,1.1666666666666667,46.666666666666664,46.666666666666664,"[0, 8, 4, 2, 1]",140,6195
pig,slow,3,16,8,1.3333333333333333,46.666666666666664,46.666666666666664,"[0, 8, 4, 2, 1]",140,6195
pig,slow,3,16,12,1.5,46.666666666666664,46.666666666666664,"[0, 8, 4, 2, 1]",140,6195
pig,slow,6,4,4,4.666666666666667,23.333333333333332,23.333333333333332,"[0, 8, 4, 2, 1]",140,6195
pig,slow,6,4,8,5.333333333333333,23.333333333333332,23.333333333333332,"[0, 8, 4, 2, 1]",140,6195
pig,slow,6,4,12,6.0,23.333333333333332,23.333333333333332,"[0, 8, 4, 2, 1]",140,6195
pig,slow,6,8,4,2.3333333333333335,23.333333333333332,23.333333333333332,"[0, 8, 4, 2, 1]",140,6195
pig,slow,6,8,8,2.6666666666666665,23.333333333333332,23.333333333333332,"[0, 8, 4, 2, 1]",140,6195
pig,slow,6,8,12,3.0,23.333333333333332,23.333333333333332,"[0, 8, 4, 2, 1]",140,6195
pig,slow,6,16,4,1.1666666666666667,23.333333333333332,23.333333333333332,"[0, 8, 4, 2, 1]",140,6195
pig,slow,6,16,8,1.3333333333333333,23.333333333333332,23.333333333333332,"[0, 8, 4, 2, 1]",140,6195
pig,slow,6,16,12,1.5,23.333333333333332,23.333333333333332,"[0, 8, 4, 2, 1]",140,6195
parrot,fast,1,4,4,3.3333333333333335,54.0,54.0,"[0, 8, 4, 2, 1]",54,4132
parrot,fast,1,4,8,4.0,54.0,54.0,"[0, 8, 4, 2, 1]",54,4132
parrot,fast,1,4,12,4.0,54.0,54.0,"[0, 8, 4, 2, 1]",54,4132
parrot,fast,1,8,4,1.6666666666666667,54.0,54.0,"[0, 8, 4, 2, 1]",54,4132
parrot,fast,1,8,8,2.0,54.0,54.0,"[0, 8, 4, 2, 1]",54,4132
parrot,fast,1,8,12,2.0,54.0,54.0,"[0, 8, 4, 2, 1]",54,4132
parrot,fast,1,16,4,0.8333333333333334,54.0,54.0,"[0, 8, 4, 2, 1]",54,4132
parrot,fast,1,16,8,1.0,54.0,54.0,"[0, 8, 4, 2, 1]",54,4132
parrot,fast,1,16,12,1.0,54.0,54.0,"[0, 8, 4, 2, 1]",54,4132
parrot,fast,2,4,4,3.3333333333333335,27.0,27.0,"[0, 8, 4, 2, 1]",54,4132
parrot,fast,2,4,8,4.0,27.0,27.0,"[0, 8, 4, 2, 1]",54,4132
parrot,fast,2,4,12,4.0,27.0,27.0,"[0, 8, 4, 2, 1]",54,4132
parrot,fast,2,8,4,1.6666666666666667,27.0,27.0,"[0, 8, 4, 2, 1]",54,4132
parrot,fast,2,8,8,2.0,27.0,27.0,"[0, 8, 4, 2, 1]",54,4132
parrot,fast,2,8,12,2.0,27.0,27.0,"[0, 8, 4, 2, 1]",54,4132
parrot,fast,2,16,4,0.8333333333333334,27.0,27.0,"[0, 8, 4, 2, 1]",54,4132
parrot,fast,2,16,8,1.0,27.0,27.0,"[0, 8, 4, 2, 1]",54,4132
parrot,fast,2,16,12,1.0,27.0,27.0,"[0, 8, 4, 2, 1]",54,4132
parrot,fast,3,4,4,3.3333333333333335,18.0,18.0,"[0, 8, 4, 2, 1]",54,4132
parrot,fast,3,4,8,4.0,18.0,18.0,"[0, 8, 4, 2, 1]",54,4132
parrot,fast,3,4,12,4.0,18.0,18.0,"[0, 8, 4, 2, 1]",54,4132
parrot,fast,3,8,4,1.6666666666666667,18.0,18.0,"[0, 8, 4, 2, 1]",54,4132
parrot,fast,3,8,8,2.0,18.0,18.0,"[0, 8, 4, 2, 1]",54,4132
parrot,fast,3,8,12,2.0,18.0,18.0,"[0, 8, 4, 2, 1]",54,4132
parrot,fast,3,16,4,0.8333333333333334,18.0,18.0,"[0, 8, 4, 2, 1]",54,4132
parrot,fast,3,16,8,1.0,18.0,18.0,"[0, 8, 4, 2, 1]",54,4132
parrot,fast,3,16,12,1.0,18.0,18.0,"[0, 8, 4, 2, 1]",54,4132
parrot,fast,6,4,4,3.3333333333333335,9.0,9.0,"[0, 8, 4, 2, 1]",54,4132
parrot,fast,6,4,8,4.0,9.0,9.0,"[0, 8, 4, 2, 1]",54,4132
parrot,fast,6,4,12,4.0,9.0,9.0,"[0, 8, 4, 2, 1]",54,4132
parrot,fast,6,8,4,1.6666666666666667,9.0,9.0,"[0, 8, 4, 2, 1]",54,4132
parrot,fast,6,8,8,2.0,9.0,9.0,"[0, 8, 4, 2, 1]",54,4132
parrot,fast,6,8,12,2.0,9.0,9.0,"[0, 8, 4, 2, 1]",54,4132
parrot,fast,6,16,4,0.8333333333333334,9.0,9.0,"[0, 8, 4, 2, 1]",54,4132
parrot,fast,6,16,8,1.0,9.0,9.0,"[0, 8, 4, 2, 1]",54,4132
parrot,fast,6,16,12,1.0,9.0,9.0,"[0, 8, 4, 2, 1]",54,4132
parrot,balanced,1,4,4,3.3333333333333335,84.0,84.0,"[0, 8, 4, 2, 1]",84,4132
parrot,balanced,1,4,8,4.0,84.0,84.0,"[0, 8, 4, 2, 1]",84,4132
parrot,balanced,1,4,12,4.0,84.0,84.0,"[0, 8, 4, 2, 1]",84,4132
parrot,balanced,1,8,4,1.6666666666666667,84.0,84.0,"[0, 8, 4, 2, 1]",84,4132
parrot,balanced,1,8,8,2.0,84.0,84.0,"[0, 8, 4, 2, 1]",84,4132
parrot,balanced,1,8,12,2.0,84.0,84.0,"[0, 8, 4, 2, 1]",84,4132
parrot,balanced,1,16,4,0.8333333333333334,84.0,84.0,"[0, 8, 4, 2, 1]",84,4132
parrot,balanced,1,16,8,1.0,84.0,84.0,"[0, 8, 4, 2, 1]",84,4132
parrot,balanced,1,16,12,1.0,84.0,84.0,"[0, 8, 4, 2, 1]",84,4132
parrot,balanced,2,4,4,3.3333333333333335,42.0,42.0,"[0, 8, 4, 2, 1]",84,4132
parrot,balanced,2,4,8,4.0,42.0,42.0,"[0, 8, 4, 2, 1]",84,4132
parrot,balanced,2,4,12,4.0,42.0,42.0,"[0, 8, 4, 2, 1]",84,4132
parrot,balanced,2,8,4,1.6666666666666667,42.0,42.0,"[0, 8, 4, 2, 1]",84,4132
parrot,balanced,2,8,8,2.0,42.0,42.0,"[0, 8, 4, 2, 1]",84,4132
parrot,balanced,2,8,12,2.0,42.0,42.0,"[0, 8, 4, 2, 1]",84,4132
parrot,balanced,2,16,4,0.8333333333333334,42.0,42.0,"[0, 8, 4, 2, 1]",84,4132
parrot,balanced,2,16,8,1.0,42.0,42.0,"[0, 8, 4, 2, 1]",84,4132
parrot,balanced,2,16,12,1.0,42.0,42.0,"[0, 8, 4, 2, 1]",84,4132
parrot,balanced,3,4,4,3.3333333333333335,28.0,28.0,"[0, 8, 4, 2, 1]",84,4132
parrot,balanced,3,4,8,4.0,28.0,28.0,"[0, 8, 4, 2, 1]",84,4132
parrot,balanced,3,4,12,4.0,28.0,28.0,"[0, 8, 4, 2, 1]",84,4132
parrot,balanced,3,8,4,1.6666666666666667,28.0,28.0,"[0, 8, 4, 2, 1]",84,4132
parrot,balanced,3,8,8,2.0,28.0,28.0,"[0, 8, 4, 2, 1]",84,4132
parrot,balanced,3,8,12,2.0,28.0,28.0,"[0, 8, 4, 2, 1]",84,4132
parrot,balanced,3,16,4,0.8333333333333334,28.0,28.0,"[0, 8, 4, 2, 1]",84,4132
parrot,balanced,3,16,8,1.0,28.0,28.0,"[0, 8, 4, 2, 1]",84,4132
parrot,balanced,3,16,12,1.0,28.0,28.0,"[0, 8, 4, 2, 1]",84,4132
parrot,balanced,6,4,4,3.3333333333333335,14.0,14.0,"[0, 8, 4, 2, 1]",84,4132
parrot,balanced,6,4,8,4.0,14.0,14.0,"[0, 8, 4, 2, 1]",84,4132
parrot,balanced,6,4,12,4.0,14.0,14.0,"[0, 8, 4, 2, 1]",84,4132
parrot,balanced,6,8,4,1.6666666666666667,14.0,14.0,"[0, 8, 4, 2, 1]",84,4132
parrot,balanced,6,8,8,2.0,14.0,14.0,"[0, 8, 4, 2, 1]",84,4132
parrot,balanced,6,8,12,2.0,14.0,14.0,"[0, 8, 4, 2, 1]",84,4132
parrot,balanced,6,16,4,0.8333333333333334,14.0,14.0,"[0, 8, 4, 2, 1]",84,4132
parrot,balanced,6,16,8,1.0,14.0,14.0,"[0, 8, 4, 2, 1]",84,4132
parrot,balanced,6,16,12,1.0,14.0,14.0,"[0, 8, 4, 2, 1]",84,4132
parrot,slow,1,4,4,3.3333333333333335,140.0,140.0,"[0, 8, 4, 2, 1]",140,4132
parrot,slow,1,4,8,4.0,140.0,140.0,"[0, 8, 4, 2, 1]",140,4132
parrot,slow,1,4,12,4.0,140.0,140.0,"[0, 8, 4, 2, 1]",140,4132
parrot,slow,1,8,4,1.6666666666666667,140.0,140.0,"[0, 8, 4, 2, 1]",140,4132
parrot,slow,1,8,8,2.0,140.0,140.0,"[0, 8, 4, 2, 1]",140,4132
parrot,slow,1,8,12,2.0,140.0,140.0,"[0, 8, 4, 2, 1]",140,4132
parrot,slow,1,16,4,0.8333333333333334,140.0,140.0,"[0, 8, 4, 2, 1]",140,4132
parrot,slow,1,16,8,1.0,140.0,140.0,"[0, 8, 4, 2, 1]",140,4132
parrot,slow,1,16,12,1.0,140.0,140.0,"[0, 8, 4, 2, 1]",140,4132
parrot,slow,2,4,4,3.3333333333333335,70.0,70.0,"[0, 8, 4, 2, 1]",140,4132
parrot,slow,2,4,8,4.0,70.0,70.0,"[0, 8, 4, 2, 1]",140,4132
parrot,slow,2,4,12,4.0,70.0,70.0,"[0, 8, 4, 2, 1]",140,4132
parrot,slow,2,8,4,1.6666666666666667,70.0,70.0,"[0, 8, 4, 2, 1]",140,4132
parrot,slow,2,8,8,2.0,70.0,70.0,"[0, 8, 4, 2, 1]",140,4132
parrot,slow,2,8,12,2.0,70.0,70.0,"[0, 8, 4, 2, 1]",140,4132
parrot,slow,2,16,4,0.8333333333333334,70.0,70.0,"[0, 8, 4, 2, 1]",140,4132
parrot,slow,2,16,8,1.0,70.0,70.0,"[0, 8, 4, 2, 1]",140,4132
parrot,slow,2,16,12,1.0,70.0,70.0,"[0, 8, 4, 2, 1]",140,4132
parrot,slow,3,4,4,3.3333333333333335,46.666666666666664,46.666666666666664,"[0, 8, 4, 2, 1]",140,4132
parrot,slow,3,4,8,4.0,46.666666666666664,46.666666666666664,"[0, 8, 4, 2, 1]",140,4132
parrot,slow,3,4,12,4.0,46.666666666666664,46.666666666666664,"[0, 8, 4, 2, 1]",140,4132
parrot,slow,3,8,4,1.6666666666666667,46.666666666666664,46.666666666666664,"[0, 8, 4, 2, 1]",140,4132
parrot,slow,3,8,8,2.0,46.666666666666664,46.666666666666664,"[0, 8, 4, 2, 1]",140,4132
parrot,slow,3,8,12,2.0,46.666666666666664,46.666666666666664,"[0, 8, 4, 2, 1]",140,4132
parrot,slow,3,16,4,0.8333333333333334,46.666666666666664,46.666666666666664,"[0, 8, 4, 2, 1]",140,4132
parrot,slow,3,16,8,1.0,46.666666666666664,46.666666666666664,"[0, 8, 4, 2, 1]",140,4132
parrot,slow,3,16,12,1.0,46.666666666666664,46.666666666666664,"[0, 8, 4, 2, 1]",140,4132
parrot,slow,6,4,4,3.3333333333333335,23.333333333333332,23.333333333333332,"[0, 8, 4, 2, 1]",140,4132
parrot,slow,6,4,8,4.0,23.333333333333332,23.333333333333332,"[0, 8, 4, 2, 1]",140,4132
parrot,slow,6,4,12,4.0,23.333333333333332,23.333333333333332,"[0, 8, 4, 2, 1]",140,4132
parrot,slow,6,8,4,1.6666666666666667,23.333333333333332,23.333333333333332,"[0, 8, 4, 2, 1]",140,4132
parrot,slow,6,8,8,2.0,23.333333333333332,23.333333333333332,"[0, 8, 4, 2, 1]",140,4132
parrot,slow,6,8,12,2.0,23.333333333333332,23.333333333333332,"[0, 8, 4, 2, 1]",140,4132
parrot,slow,6,16,4,0.8333333333333334,23.333333333333332,23.333333333333332,"[0, 8, 4, 2, 1]",140,4132
parrot,slow,6,16,8,1.0,23.333333333333332,23.333333333333332,"[0, 8, 4, 2, 1]",140,4132
parrot,slow,6,16,12,1.0,23.333333333333332,23.333333333333332,"[0, 8, 4, 2, 1]",140,4132
turtle,fast,1,4,4,4.666666666666667,54.0,54.0,"[0, 8, 4, 2, 1]",54,6195
turtle,fast,1,4,8,5.333333333333333,54.0,54.0,"[0, 8, 4, 2, 1]",54,6195
turtle,fast,1,4,12,6.0,54.0,54.0,"[0, 8, 4, 2, 1]",54,6195
turtle,fast,1,8,4,2.3333333333333335,54.0,54.0,"[0, 8, 4, 2, 1]",54,6195
turtle,fast,1,8,8,2.6666666666666665,54.0,54.0,"[0, 8, 4, 2, 1]",54,6195
turtle,fast,1,8,12,3.0,54.0,54.0,"[0, 8, 4, 2, 1]",54,6195
turtle,fast,1,16,4,1.1666666666666667,54.0,54.0,"[0, 8, 4, 2, 1]",54,6195
turtle,fast,1,16,8,1.3333333333333333,54.0,54.0,"[0, 8, 4, 2, 1]",54,6195
turtle,fast,1,16,12,1.5,54.0,54.0,"[0, 8, 4, 2, 1]",54,6195
turtle,fast,2,4,4,4.666666666666667,27.0,27.0,"[0, 8, 4, 2, 1]",54,6195
turtle,fast,2,4,8,5.333333333333333,27.0,27.0,"[0, 8, 4, 2, 1]",54,6195
turtle,fast,2,4,12,6.0,27.0,27.0,"[0, 8, 4, 2, 1]",54,6195
turtle,fast,2,8,4,2.3333333333333335,27.0,27.0,"[0, 8, 4, 2, 1]",54,6195
turtle,fast,2,8,8,2.6666666666666665,27.0,27.0,"[0, 8, 4, 2, 1]",54,6195
turtle,fast,2,8,12,3.0,27.0,27.0,"[0, 8, 4, 2, 1]",54,6195
turtle,fast,2,16,4,1.1666666666666667,27.0,27.0,"[0, 8, 4, 2, 1]",54,6195
turtle,fast,2,16,8,1.3333333333333333,27.0,27.0,"[0, 8, 4, 2, 1]",54,6195
turtle,fast,2,16,12,1.5,27.0,27.0,"[0, 8, 4, 2, 1]",54,6195
turtle,fast,3,4,4,4.666666666666667,18.0,18.0,"[0, 8, 4, 2, 1]",54,6195
turtle,fast,3,4,8,5.333333333333333,18.0,18.0,"[0, 8, 4, 2, 1]",54,6195
turtle,fast,3,4,12,6.0,18.0,18.0,"[0, 8, 4, 2, 1]",54,6195
turtle,fast,3,8,4,2.3333333333333335,18.0,18.0,"[0, 8, 4, 2, 1]",54,6195
turtle,fast,3,8,8,2.6666666666666665,18.0,18.0,"[0, 8, 4, 2, 1]",54,6195
turtle,fast,3,8,12,3.0,18.0,18.0,"[0, 8, 4, 2, 1]",54,6195
turtle,fast,3,16,4,1.1666666666666667,18.0,18.0,"[0, 8, 4, 2, 1]",54,6195
turtle,fast,3,16,8,1.3333333333333333,18.0,18.0,"[0, 8, 4, 2, 1]",54,6195
turtle,fast,3,16,12,1.5,18.0,18.0,"[0, 8, 4, 2, 1]",54,6195
turtle,fast,6,4,4,4.666666666666667,9.0,9.0,"[0, 8, 4, 2, 1]",54,6195
turtle,fast,6,4,8,5.333333333333333,9.0,9.0,"[0, 8, 4, 2, 1]",54,6195
turtle,fast,6,4,12,6.0,9.0,9.0,"[0, 8, 4, 2, 1]",54,6195
turtle,fast,6,8,4,2.3333333333333335,9.0,9.0,"[0, 8, 4, 2, 1]",54,6195
turtle,fast,6,8,8,2.6666666666666665,9.0,9.0,"[0, 8, 4, 2, 1]",54,6195
turtle,fast,6,8,12,3.0,9.0,9.0,"[0, 8, 4, 2, 1]",54,6195
turtle,fast,6,16,4,1.1666666666666667,9.0,9.0,"[0, 8, 4, 2, 1]",54,6195
turtle,fast,6,16,8,1.3333333333333333,9.0,9.0,"[0, 8, 4, 2, 1]",54,6195
turtle,fast,6,16,12,1.5,9.0,9.0,"[0, 8, 4, 2, 1]",54,6195
turtle,balanced,1,4,4,4.666666666666667,84.0,84.0,"[0, 8, 4, 2, 1]",84,6195
turtle,balanced,1,4,8,5.333333333333333,84.0,84.0,"[0, 8, 4, 2, 1]",84,6195
turtle,balanced,1,4,12,6.0,84.0,84.0,"[0, 8, 4, 2, 1]",84,6195
turtle,balanced,1,8,4,2.3333333333333335,84.0,84.0,"[0, 8, 4, 2, 1]",84,6195
turtle,balanced,1,8,8,2.6666666666666665,84.0,84.0,"[0, 8, 4, 2, 1]",84,6195
turtle,balanced,1,8,12,3.0,84.0,84.0,"[0, 8, 4, 2, 1]",84,6195
turtle,balanced,1,16,4,1.1666666666666667,84.0,84.0,"[0, 8, 4, 2, 1]",84,6195
turtle,balanced,1,16,8,1.3333333333333333,84.0,84.0,"[0, 8, 4, 2, 1]",84,6195
turtle,balanced,1,16,12,1.5,84.0,84.0,"[0, 8, 4, 2, 1]",84,6195
turtle,balanced,2,4,4,4.666666666666667,42.0,42.0,"[0, 8, 4, 2, 1]",84,6195
turtle,balanced,2,4,8,5.333333333333333,42.0,42.0,"[0, 8, 4, 2, 1]",84,6195
turtle,balanced,2,4,12,6.0,42.0,42.0,"[0, 8, 4, 2, 1]",84,6195
turtle,balanced,2,8,4,2.3333333333333335,42.0,42.0,"[0, 8, 4, 2, 1]",84,6195
turtle,balanced,2,8,8,2.6666666666666665,42.0,42.0,"[0, 8, 4, 2, 1]",84,6195
turtle,balanced,2,8,12,3.0,42.0,42.0,"[0, 8, 4, 2, 1]",84,6195
turtle,balanced,2,16,4,1.1666666666666667,42.0,42.0,"[0, 8, 4, 2, 1]",84,6195
turtle,balanced,2,16,8,1.3333333333333333,42.0,42.0,"[0, 8, 4, 2, 1]",84,6195
turtle,balanced,2,16,12,1.5,42.0,42.0,"[0, 8, 4, 2, 1]",84,6195
turtle,balanced,3,4,4,4.666666666666667,28.0,28.0,"[0, 8, 4, 2, 1]",84,6195
turtle,balanced,3,4,8,5.333333333333333,28.0,28.0,"[0, 8, 4, 2, 1]",84,6195
turtle,balanced,3,4,12,6.0,28.0,28.0,"[0, 8, 4, 2, 1]",84,6195
turtle,balanced,3,8,4,2.3333333333333335,28.0,28.0,"[0, 8, 4, 2, 1]",84,6195
turtle,balanced,3,8,8,2.6666666666666665,28.0,28.0,"[0, 8, 4, 2, 1]",84,6195
turtle,balanced,3,8,12,3.0,28.0,28.0,"[0, 8, 4, 2, 1]",84,6195
turtle,balanced,3,16,4,1.1666666666666667,28.0,28.0,"[0, 8, 4, 2, 1]",84,6195
turtle,balanced,3,16,8,1.3333333333333333,28.0,28.0,"[0, 8, 4, 2, 1]",84,6195
turtle,balanced,3,16,12,1.5,28.0,28.0,"[0, 8, 4, 2, 1]",84,6195
turtle,balanced,6,4,4,4.666666666666667,14.0,14.0,"[0, 8, 4, 2, 1]",84,6195
turtle,balanced,6,4,8,5.333333333333333,14.0,14.0,"[0, 8, 4, 2, 1]",84,6195
turtle,balanced,6,4,12,6.0,14.0,14.0,"[0, 8, 4, 2, 1]",84,6195
turtle,balanced,6,8,4,2.3333333333333335,14.0,14.0,"[0, 8, 4, 2, 1]",84,6195
turtle,balanced,6,8,8,2.6666666666666665,14.0,14.0,"[0, 8, 4, 2, 1]",84,6195
turtle,balanced,6,8,12,3.0,14.0,14.0,"[0, 8, 4, 2, 1]",84,6195
turtle,balanced,6,16,4,1.1666666666666667,14.0,14.0,"[0, 8, 4, 2, 1]",84,6195
turtle,balanced,6,16,8,1.3333333333333333,14.0,14.0,"[0, 8, 4, 2, 1]",84,6195
turtle,balanced,6,16,12,1.5,14.0,14.0,"[0, 8, 4, 2, 1]",84,6195
turtle,slow,1,4,4,4.666666666666667,140.0,140.0,"[0, 8, 4, 2, 1]",140,6195
turtle,slow,1,4,8,5.333333333333333,140.0,140.0,"[0, 8, 4, 2, 1]",140,6195
turtle,slow,1,4,12,6.0,140.0,140.0,"[0, 8, 4, 2, 1]",140,6195
turtle,slow,1,8,4,2.3333333333333335,140.0,140.0,"[0, 8, 4, 2, 1]",140,6195
turtle,slow,1,8,8,2.6666666666666665,140.0,140.0,"[0, 8, 4, 2, 1]",140,6195
turtle,slow,1,8,12,3.0,140.0,140.0,"[0, 8, 4, 2, 1]",140,6195
turtle,slow,1,16,4,1.1666666666666667,140.0,140.0,"[0, 8, 4, 2, 1]",140,6195
turtle,slow,1,16,8,1.3333333333333333,140.0,140.0,"[0, 8, 4, 2, 1]",140,6195
turtle,slow,1,16,12,1.5,140.0,140.0,"[0, 8, 4, 2, 1]",140,6195
turtle,slow,2,4,4,4.666666666666667,70.0,70.0,"[0, 8, 4, 2, 1]",140,6195
turtle,slow,2,4,8,5.333333333333333,70.0,70.0,"[0, 8, 4, 2, 1]",140,6195
turtle,slow,2,4,12,6.0,70.0,70.0,"[0, 8, 4, 2, 1]",140,6195
turtle,slow,2,8,4,2.3333333333333335,70.0,70.0,"[0, 8, 4, 2, 1]",140,6195
turtle,slow,2,8,8,2.6666666666666665,70.0,70.0,"[0, 8, 4, 2, 1]",140,6195
turtle,slow,2,8,12,3.0,70.0,70.0,"[0, 8, 4, 2, 1]",140,6195
turtle,slow,2,16,4,1.1666666666666667,70.0,70.0,"[0, 8, 4, 2, 1]",140,6195
turtle,slow,2,16,8,1.3333333333333333,70.0,70.0,"[0, 8, 4, 2, 1]",140,6195
turtle,slow,2,16,12,1.5,70.0,70.0,"[0, 8, 4, 2, 1]",140,6195
turtle,slow,3,4,4,4.666666666666667,46.666666666666664,46.666666666666664,"[0, 8, 4, 2, 1]",140,6195
turtle,slow,3,4,8,5.333333333333333,46.666666666666664,46.666666666666664,"[0, 8, 4, 2, 1]",140,6195
turtle,slow,3,4,12,6.0,46.666666666666664,46.666666666666664,"[0, 8, 4, 2, 1]",140,6195
turtle,slow,3,8,4,2.3333333333333335,46.666666666666664,46.666666666666664,"[0, 8, 4, 2, 1]",140,6195
turtle,slow,3,8,8,2.6666666666666665,46.666666666666664,46.666666666666664,"[0, 8, 4, 2, 1]",140,6195
turtle,slow,3,8,12,3.0,46.666666666666664,46.666666666666664,"[0, 8, 4, 2, 1]",140,6195
turtle,slow,3,16,4,1.1666666666666667,46.666666666666664,46.666666666666664,"[0, 8, 4, 2, 1]",140,6195
turtle,slow,3,16,8,1.3333333333333333,46.666666666666664,46.666666666666664,"[0, 8, 4, 2, 1]",140,6195
turtle,slow,3,16,12,1.5,46.666666666666664,46.666666666666664,"[0, 8, 4, 2, 1]",140,6195
turtle,slow,6,4,4,4.666666666666667,23.333333333333332,23.333333333333332,"[0, 8, 4, 2, 1]",140,6195
turtle,slow,6,4,8,5.333333333333333,23.333333333333332,23.333333333333332,"[0, 8, 4, 2, 1]",140,6195
turtle,slow,6,4,12,6.0,23.333333333333332,23.333333333333332,"[0, 8, 4, 2, 1]",140,6195
turtle,slow,6,8,4,2.3333333333333335,23.333333333333332,23.333333333333332,"[0, 8, 4, 2, 1]",140,6195
turtle,slow,6,8,8,2.6666666666666665,23.333333333333332,23.333333333333332,"[0, 8, 4, 2, 1]",140,6195
turtle,slow,6,8,12,3.0,23.333333333333332,23.333333333333332,"[0, 8, 4, 2, 1]",140,6195
turtle,slow,6,16,4,1.1666666666666667,23.333333333333332,23.333333333333332,"[0, 8, 4, 2, 1]",140,6195
turtle,slow,6,16,8,1.3333333333333333,23.333333333333332,23.333333333333332,"[0, 8, 4, 2, 1]",140,6195
turtle,slow,6,16,12,1.5,23.333333333333332,23.333333333333332,"[0, 8, 4, 2, 1]",140,6195
horse,fast,1,4,4,6.0,54.0,54.0,"[0, 8, 4, 2, 1]",54,9348
horse,fast,1,4,8,6.666666666666667,54.0,54.0,"[0, 8, 4, 2, 1]",54,9348
horse,fast,1,4,12,6.0,54.0,54.0,"[0, 8, 4, 2, 1]",54,9348
horse,fast,1,8,4,3.0,54.0,54.0,"[0, 8, 4, 2, 1]",54,9348
horse,fast,1,8,8,3.3333333333333335,54.0,54.0,"[0, 8, 4, 2, 1]",54,9348
horse,fast,1,8,12,3.0,54.0,54.0,"[0, 8, 4, 2, 1]",54,9348
horse,fast,1,16,4,1.5,54.0,54.0,"[0, 8, 4, 2, 1]",54,9348
horse,fast,1,16,8,1.6666666666666667,54.0,54.0,"[0, 8, 4, 2, 1]",54,9348
horse,fast,1,16,12,1.5,54.0,54.0,"[0, 8, 4, 2, 1]",54,9348
horse,fast,2,4,4,6.0,27.0,27.0,"[0, 8, 4, 2, 1]",54,9348
horse,fast,2,4,8,6.666666666666667,27.0,27.0,"[0, 8, 4, 2, 1]",54,9348
horse,fast,2,4,12,6.0,27.0,27.0,"[0, 8, 4, 2, 1]",54,9348
horse,fast,2,8,4,3.0,27.0,27.0,"[0, 8, 4, 2, 1]",54,9348
horse,fast,2,8,8,3.3333333333333335,27.0,27.0,"[0, 8, 4, 2, 1]",54,9348
horse,fast,2,8,12,3.0,27.0,27.0,"[0, 8, 4, 2, 1]",54,9348
horse,fast,2,16,4,1.5,27.0,27.0,"[0, 8, 4, 2, 1]",54,9348
horse,fast,2,16,8,1.6666666666666667,27.0,27.0,"[0, 8, 4, 2, 1]",54,9348
horse,fast,2,16,12,1.5,27.0,27.0,"[0, 8, 4, 2, 1]",54,9348
horse,fast,3,4,4,6.0,18.0,18.0,"[0, 8, 4, 2, 1]",54,9348
horse,fast,3,4,8,6.666666666666667,18.0,18.0,"[0, 8, 4, 2, 1]",54,9348
horse,fast,3,4,12,6.0,18.0,18.0,"[0, 8, 4, 2, 1]",54,9348
horse,fast,3,8,4,3.0,18.0,18.0,"[0, 8, 4, 2, 1]",54,9348
horse,fast,3,8,8,3.3333333333333335,18.0,18.0,"[0, 8, 4, 2, 1]",54,9348
horse,fast,3,8,12,3.0,18.0,18.0,"[0, 8, 4, 2, 1]",54,9348
horse,fast,3,16,4,1.5,18.0,18.0,"[0, 8, 4, 2, 1]",54,9348
horse,fast,3,16,8,1.6666666666666667,18.0,18.0,"[0, 8, 4, 2, 1]",54,9348
horse,fast,3,16,12,1.5,18.0,18.0,"[0, 8, 4, 2, 1]",54,9348
horse,fast,6,4,4,6.0,9.0,9.0,"[0, 8, 4, 2, 1]",54,9348
horse,fast,6,4,8,6.666666666666667,9.0,9.0,"[0, 8, 4, 2, 1]",54,9348
horse,fast,6,4,12,6.0,9.0,9.0,"[0, 8, 4, 2, 1]",54,9348
horse,fast,6,8,4,3.0,9.0,9.0,"[0, 8, 4, 2, 1]",54,9348
horse,fast,6,8,8,3.3333333333333335,9.0,9.0,"[0, 8, 4, 2, 1]",54,9348
horse,fast,6,8,12,3.0,9.0,9.0,"[0, 8, 4, 2, 1]",54,9348
horse,fast,6,16,4,1.5,9.0,9.0,"[0, 8, 4, 2, 1]",54,9348
horse,fast,6,16,8,1.6666666666666667,9.0,9.0,"[0, 8, 4, 2, 1]",54,9348
horse,fast,6,16,12,1.5,9.0,9.0,"[0, 8, 4, 2, 1]",54,9348
horse,balanced,1,4,4,6.0,84.0,84.0,"[0, 8, 4, 2, 1]",84,9348
horse,balanced,1,4,8,6.666666666666667,84.0,84.0,"[0, 8, 4, 2, 1]",84,9348
horse,balanced,1,4,12,6.0,84.0,84.0,"[0, 8, 4, 2, 1]",84,9348
horse,balanced,1,8,4,3.0,84.0,84.0,"[0, 8, 4, 2, 1]",84,9348
horse,balanced,1,8,8,3.3333333333333335,84.0,84.0,"[0, 8, 4, 2, 1]",84,9348
horse,balanced,1,8,12,3.0,84.0,84.0,"[0, 8, 4, 2, 1]",84,9348
horse,balanced,1,16,4,1.5,84.0,84.0,"[0, 8, 4, 2, 1]",84,9348
horse,balanced,1,16,8,1.6666666666666667,84.0,84.0,"[0, 8, 4, 2, 1]",84,9348
horse,balanced,1,16,12,1.5,84.0,84.0,"[0, 8, 4, 2, 1]",84,9348
horse,balanced,2,4,4,6.0,42.0,42.0,"[0, 8, 4, 2, 1]",84,9348
horse,balanced,2,4,8,6.666666666666667,42.0,42.0,"[0, 8, 4, 2, 1]",84,9348
horse,balanced,2,4,12,6.0,42.0,42.0,"[0, 8, 4, 2, 1]",84,9348
horse,balanced,2,8,4,3.0,42.0,42.0,"[0, 8, 4, 2, 1]",84,9348
horse,balanced,2,8,8,3.3333333333333335,42.0,42.0,"[0, 8, 4, 2, 1]",84,9348
horse,balanced,2,8,12,3.0,42.0,42.0,"[0, 8, 4, 2, 1]",84,9348
horse,balanced,2,16,4,1.5,42.0,42.0,"[0, 8, 4, 2, 1]",84,9348
horse,balanced,2,16,8,1.6666666666666667,42.0,42.0,"[0, 8, 4, 2, 1]",84,9348
horse,balanced,2,16,12,1.5,42.0,42.0,"[0, 8, 4, 2, 1]",84,9348
horse,balanced,3,4,4,6.0,28.0,28.0,"[0, 8, 4, 2, 1]",84,9348
horse,balanced,3,4,8,6.666666666666667,28.0,28.0,"[0, 8, 4, 2, 1]",84,9348
horse,balanced,3,4,12,6.0,28.0,28.0,"[0, 8, 4, 2, 1]",84,9348
horse,balanced,3,8,4,3.0,28.0,28.0,"[0, 8, 4, 2, 1]",84,9348
horse,balanced,3,8,8,3.3333333333333335,28.0,28.0,"[0, 8, 4, 2, 1]",84,9348
horse,balanced,3,8,12,3.0,28.0,28.0,"[0, 8, 4, 2, 1]",84,9348
horse,balanced,3,16,4,1.5,28.0,28.0,"[0, 8, 4, 2, 1]",84,9348
horse,balanced,3,16,8,1.6666666666666667,28.0,28.0,"[0, 8, 4, 2, 1]",84,9348
horse,balanced,3,16,12,1.5,28.0,28.0,"[0, 8, 4, 2, 1]",84,9348
horse,balanced,6,4,4,6.0,14.0,14.0,"[0, 8, 4, 2, 1]",84,9348
horse,balanced,6,4,8,6.666666666666667,14.0,14.0,"[0, 8, 4, 2, 1]",84,9348
horse,balanced,6,4,12,6.0,14.0,14.0,"[0, 8, 4, 2, 1]",84,9348
horse,balanced,6,8,4,3.0,14.0,14.0,"[0, 8, 4, 2, 1]",84,9348
horse,balanced,6,8,8,3.3333333333333335,14.0,14.0,"[0, 8, 4, 2, 1]",84,9348
horse,balanced,6,8,12,3.0,14.0,14.0,"[0, 8, 4, 2, 1]",84,9348
horse,balanced,6,16,4,1.5,14.0,14.0,"[0, 8, 4, 2, 1]",84,9348
horse,balanced,6,16,8,1.6666666666666667,14.0,14.0,"[0, 8, 4, 2, 1]",84,9348
horse,balanced,6,16,12,1.5,14.0,14.0,"[0, 8, 4, 2, 1]",84,9348
horse,slow,1,4,4,6.0,140.0,140.0,"[0, 8, 4, 2, 1]",140,9348
horse,slow,1,4,8,6.666666666666667,140.0,140.0,"[0, 8, 4, 2, 1]",140,9348
horse,slow,1,4,12,6.0,140.0,140.0,"[0, 8, 4, 2, 1]",140,9348
horse,slow,1,8,4,3.0,140.0,140.0,"[0, 8, 4, 2, 1]",140,9348
horse,slow,1,8,8,3.3333333333333335,140.0,140.0,"[0, 8, 4, 2, 1]",140,9348
horse,slow,1,8,12,3.0,140.0,140.0,"[0, 8, 4, 2, 1]",140,9348
horse,slow,1,16,4,1.5,140.0,140.0,"[0, 8, 4, 2, 1]",140,9348
horse,slow,1,16,8,1.6666666666666667,140.0,140.0,"[0, 8, 4, 2, 1]",140,9348
horse,slow,1,16,12,1.5,140.0,140.0,"[0, 8, 4, 2, 1]",140,9348
horse,slow,2,4,4,6.0,70.0,70.0,"[0, 8, 4, 2, 1]",140,9348
horse,slow,2,4,8,6.666666666666667,70.0,70.0,"[0, 8, 4, 2, 1]",140,9348
horse,slow,2,4,12,6.0,70.0,70.0,"[0, 8, 4, 2, 1]",140,9348
horse,slow,2,8,4,3.0,70.0,70.0,"[0, 8, 4, 2, 1]",140,9348
horse,slow,2,8,8,3.3333333333333335,70.0,70.0,"[0, 8, 4, 2, 1]",140,9348
horse,slow,2,8,12,3.0,70.0,70.0,"[0, 8, 4, 2, 1]",140,9348
horse,slow,2,16,4,1.5,70.0,70.0,"[0, 8, 4, 2, 1]",140,9348
horse,slow,2,16,8,1.6666666666666667,70.0,70.0,"[0, 8, 4, 2, 1]",140,9348
horse,slow,2,16,12,1.5,70.0,70.0,"[0, 8, 4, 2, 1]",140,9348
horse,slow,3,4,4,6.0,46.666666666666664,46.666666666666664,"[0, 8, 4, 2, 1]",140,9348
horse,slow,3,4,8,6.666666666666667,46.666666666666664,46.666666666666664,"[0, 8, 4, 2, 1]",140,9348
horse,slow,3,4,12,6.0,46.666666666666664,46.666666666666664,"[0, 8, 4, 2, 1]",140,9348
horse,slow,3,8,4,3.0,46.666666666666664,46.666666666666664,"[0, 8, 4, 2, 1]",140,9348
horse,slow,3,8,8,3.3333333333333335,46.666666666666664,46.666666666666664,"[0, 8, 4, 2, 1]",140,9348
horse,slow,3,8,12,3.0,46.666666666666664,46.666666666666664,"[0, 8, 4, 2, 1]",140,9348
horse,slow,3,16,4,1.5,46.666666666666664,46.666666666666664,"[0, 8, 4, 2, 1]",140,9348
horse,slow,3,16,8,1.6666666666666667,46.666666666666664,46.666666666666664,"[0, 8, 4, 2, 1]",140,9348
horse,slow,3,16,12,1.5,46.666666666666664,46.666666666666664,"[0, 8, 4, 2, 1]",140,9348
horse,slow,6,4,4,6.0,23.333333333333332,23.333333333333332,"[0, 8, 4, 2, 1]",140,9348
horse,slow,6,4,8,6.666666666666667,23.333333333333332,23.333333333333332,"[0, 8, 4, 2, 1]",140,9348
horse,slow,6,4,12,6.0,23.333333333333332,23.333333333333332,"[0, 8, 4, 2, 1]",140,9348
horse,slow,6,8,4,3.0,23.333333333333332,23.333333333333332,"[0, 8, 4, 2, 1]",140,9348
horse,slow,6,8,8,3.3333333333333335,23.333333333333332,23.333333333333332,"[0, 8, 4, 2, 1]",140,9348
horse,slow,6,8,12,3.0,23.333333333333332,23.333333333333332,"[0, 8, 4, 2, 1]",140,9348
horse,slow,6,16,4,1.5,23.333333333333332,23.333333333333332,"[0, 8, 4, 2, 1]",140,9348
horse,slow,6,16,8,1.6666666666666667,23.333333333333332,23.333333333333332,"[0, 8, 4, 2, 1]",140,9348
horse,slow,6,16,12,1.5,23.333333333333332,23.333333333333332,"[0, 8, 4, 2, 1]",140,9348
frog,fast,1,4,4,4.666666666666667,54.0,54.0,"[0, 8, 4, 2, 1]",54,6792
frog,fast,1,4,8,5.333333333333333,54.0,54.0,"[0, 8, 4, 2, 1]",54,6792
frog,fast,1,4,12,6.0,54.0,54.0,"[0, 8, 4, 2, 1]",54,6792
frog,fast,1,8,4,2.3333333333333335,54.0,54.0,"[0, 8, 4, 2, 1]",54,6792
frog,fast,1,8,8,2.6666666666666665,54.0,54.0,"[0, 8, 4, 2, 1]",54,6792
frog,fast,1,8,12,3.0,54.0,54.0,"[0, 8, 4, 2, 1]",54,6792
frog,fast,1,16,4,1.1666666666666667,54.0,54.0,"[0, 8, 4, 2, 1]",54,6792
frog,fast,1,16,8,1.3333333333333333,54.0,54.0,"[0, 8, 4, 2, 1]",54,6792
frog,fast,1,16,12,1.5,54.0,54.0,"[0, 8, 4, 2, 1]",54,6792
frog,fast,2,4,4,4.666666666666667,27.0,27.0,"[0, 8, 4, 2, 1]",54,6792
frog,fast,2,4,8,5.333333333333333,27.0,27.0,"[0, 8, 4, 2, 1]",54,6792
frog,fast,2,4,12,6.0,27.0,27.0,"[0, 8, 4, 2, 1]",54,6792
frog,fast,2,8,4,2.3333333333333335,27.0,27.0,"[0, 8, 4, 2, 1]",54,6792
frog,fast,2,8,8,2.6666666666666665,27.0,27.0,"[0, 8, 4, 2, 1]",54,6792
frog,fast,2,8,12,3.0,27.0,27.0,"[0, 8, 4, 2, 1]",54,6792
frog,fast,2,16,4,1.1666666666666667,27.0,27.0,"[0, 8, 4, 2, 1]",54,6792
frog,fast,2,16,8,1.3333333333333333,27.0,27.0,"[0, 8, 4, 2, 1]",54,6792
frog,fast,2,16,12,1.5,27.0,27.0,"[0, 8, 4, 2, 1]",54,6792
frog,fast,3,4,4,4.666666666666667,18.0,18.0,"[0, 8, 4, 2, 1]",54,6792
frog,fast,3,4,8,5.333333333333333,18.0,18.0,"[0, 8, 4, 2, 1]",54,6792
frog,fast,3,4,12,6.0,18.0,18.0,"[0, 8, 4, 2, 1]",54,6792
frog,fast,3,8,4,2.3333333333333335,18.0,18.0,"[0, 8, 4, 2, 1]",54,6792
frog,fast,3,8,8,2.6666666666666665,18.0,18.0,"[0, 8, 4, 2, 1]",54,6792
frog,fast,3,8,12,3.0,18.0,18.0,"[0, 8, 4, 2, 1]",54,6792
frog,fast,3,16,4,1.1666666666666667,18.0,18.0,"[0, 8, 4, 2, 1]",54,6792
frog,fast,3,16,8,1.3333333333333333,18.0,18.0,"[0, 8, 4, 2, 1]",54,6792
frog,fast,3,16,12,1.5,18.0,18.0,"[0, 8, 4, 2, 1]",54,6792
frog,fast,6,4,4,4.666666666666667,9.0,9.0,"[0, 8, 4, 2, 1]",54,6792
frog,fast,6,4,8,5.333333333333333,9.0,9.0,"[0, 8, 4, 2, 1]",54,6792
frog,fast,6,4,12,6.0,9.0,9.0,"[0, 8, 4, 2, 1]",54,6792
frog,fast,6,8,4,2.3333333333333335,9.0,9.0,"[0, 8, 4, 2, 1]",54,6792
frog,fast,6,8,8,2.6666666666666665,9.0,9.0,"[0, 8, 4, 2, 1]",54,6792
frog,fast,6,8,12,3.0,9.0,9.0,"[0, 8, 4, 2, 1]",54,6792
frog,fast,6,16,4,1.1666666666666667,9.0,9.0,"[0, 8, 4, 2, 1]",54,6792
frog,fast,6,16,8,1.3333333333333333,9.0,9.0,"[0, 8, 4, 2, 1]",54,6792
frog,fast,6,16,12,1.5,9.0,9.0,"[0, 8, 4, 2, 1]",54,6792
frog,balanced,1,4,4,4.666666666666667,84.0,84.0,"[0, 8, 4, 2, 1]",84,6792
frog,balanced,1,4,8,5.333333333333333,84.0,84.0,"[0, 8, 4, 2, 1]",84,6792
frog,balanced,1,4,12,6.0,84.0,84.0,"[0, 8, 4, 2, 1]",84,6792
frog,balanced,1,8,4,2.3333333333333335,84.0,84.0,"[0, 8, 4, 2, 1]",84,6792
frog,balanced,1,8,8,2.6666666666666665,84.0,84.0,"[0, 8, 4, 2, 1]",84,6792
frog,balanced,1,8,12,3.0,84.0,84.0,"[0, 8, 4, 2, 1]",84,6792
frog,balanced,1,16,4,1.1666666666666667,84.0,84.0,"[0, 8, 4, 2, 1]",84,6792
frog,balanced,1,16,8,1.3333333333333333,84.0,84.0,"[0, 8, 4, 2, 1]",84,6792
frog,balanced,1,16,12,1.5,84.0,84.0,"[0, 8, 4, 2, 1]",84,6792
frog,balanced,2,4,4,4.666666666666667,42.0,42.0,"[0, 8, 4, 2, 1]",84,6792
frog,balanced,2,4,8,5.333333333333333,42.0,42.0,"[0, 8, 4, 2, 1]",84,6792
frog,balanced,2,4,12,6.0,42.0,42.0,"[0, 8, 4, 2, 1]",84,6792
frog,balanced,2,8,4,2.3333333333333335,42.0,42.0,"[0, 8, 4, 2, 1]",84,6792
frog,balanced,2,8,8,2.6666666666666665,42.0,42.0,"[0, 8, 4, 2, 1]",84,6792
frog,balanced,2,8,12,3.0,42.0,42.0,"[0, 8, 4, 2, 1]",84,6792
frog,balanced,2,16,4,1.1666666666666667,42.0,42.0,"[0, 8, 4, 2, 1]",84,6792
frog,balanced,2,16,8,1.3333333333333333,42.0,42.0,"[0, 8, 4, 2, 1]",84,6792
frog,balanced,2,16,12,1.5,42.0,42.0,"[0, 8, 4, 2, 1]",84,6792
frog,balanced,3,4,4,4.666666666666667,28.0,28.0,"[0, 8, 4, 2, 1]",84,6792
frog,balanced,3,4,8,5.333333333333333,28.0,28.0,"[0, 8, 4, 2, 1]",84,6792
frog,balanced,3,4,12,6.0,28.0,28.0,"[0, 8, 4, 2, 1]",84,6792
frog,balanced,3,8,4,2.3333333333333335,28.0,28.0,"[0, 8, 4, 2, 1]",84,6792
frog,balanced,3,8,8,2.6666666666666665,28.0,28.0,"[0, 8, 4, 2, 1]",84,6792
frog,balanced,3,8,12,3.0,28.0,28.0,"[0, 8, 4, 2, 1]",84,6792
frog,balanced,3,16,4,1.1666666666666667,28.0,28.0,"[0, 8, 4, 2, 1]",84,6792
frog,balanced,3,16,8,1.3333333333333333,28.0,28.0,"[0, 8, 4, 2, 1]",84,6792
frog,balanced,3,16,12,1.5,28.0,28.0,"[0, 8, 4, 2, 1]",84,6792
frog,balanced,6,4,4,4.666666666666667,14.0,14.0,"[0, 8, 4, 2, 1]",84,6792
frog,balanced,6,4,8,5.333333333333333,14.0,14.0,"[0, 8, 4, 2, 1]",84,6792
frog,balanced,6,4,12,6.0,14.0,14.0,"[0, 8, 4, 2, 1]",84,6792
frog,balanced,6,8,4,2.3333333333333335,14.0,14.0,"[0, 8, 4, 2, 1]",84,6792
frog,balanced,6,8,8,2.6666666666666665,14.0,14.0,"[0, 8, 4, 2, 1]",84,6792
frog,balanced,6,8,12,3.0,14.0,14.0,"[0, 8, 4, 2, 1]",84,6792
frog,balanced,6,16,4,1.1666666666666667,14.0,14.0,"[0, 8, 4, 2, 1]",84,6792
frog,balanced,6,16,8,1.3333333333333333,14.0,14.0,"[0, 8, 4, 2, 1]",84,6792
frog,balanced,6,16,12,1.5,14.0,14.0,"[0, 8, 4, 2, 1]",84,6792
frog,slow,1,4,4,4.666666666666667,140.0,140.0,"[0, 8, 4, 2, 1]",140,6792
frog,slow,1,4,8,5.333333333333333,140.0,140.0,"[0, 8, 4, 2, 1]",140,6792
frog,slow,1,4,12,6.0,140.0,140.0,"[0, 8, 4, 2, 1]",140,6792
frog,slow,1,8,4,2.3333333333333335,140.0,140.0,"[0, 8, 4, 2, 1]",140,6792
frog,slow,1,8,8,2.6666666666666665,140.0,140.0,"[0, 8, 4, 2, 1]",140,6792
frog,slow,1,8,12,3.0,140.0,140.0,"[0, 8, 4, 2, 1]",140,6792
frog,slow,1,16,4,1.1666666666666667,140.0,140.0,"[0, 8, 4, 2, 1]",140,6792
frog,slow,1,16,8,1.3333333333333333,140.0,140.0,"[0, 8, 4, 2, 1]",140,6792
frog,slow,1,16,12,1.5,140.0,140.0,"[0, 8, 4, 2, 1]",140,6792
frog,slow,2,4,4,4.666666666666667,70.0,70.0,"[0, 8, 4, 2, 1]",140,6792
frog,slow,2,4,8,5.333333333333333,70.0,70.0,"[0, 8, 4, 2, 1]",140,6792
frog,slow,2,4,12,6.0,70.0,70.0,"[0, 8, 4, 2, 1]",140,6792
frog,slow,2,8,4,2.3333333333333335,70.0,70.0,"[0, 8, 4, 2, 1]",140,6792
frog,slow,2,8,8,2.6666666666666665,70.0,70.0,"[0, 8, 4, 2, 1]",140,6792
frog,slow,2,8,12,3.0,70.0,70.0,"[0, 8, 4, 2, 1]",140,6792
frog,slow,2,16,4,1.1666666666666667,70.0,70.0,"[0, 8, 4, 2, 1]",140,6792
frog,slow,2,16,8,1.3333333333333333,70.0,70.0,"[0, 8, 4, 2, 1]",140,6792
frog,slow,2,16,12,1.5,70.0,70.0,"[0, 8, 4, 2, 1]",140,6792
frog,slow,3,4,4,4.666666666666667,46.666666666666664,46.666666666666664,"[0, 8, 4, 2, 1]",140,6792
frog,slow,3,4,8,5.333333333333333,46.666666666666664,46.666666666666664,"[0, 8, 4, 2, 1]",140,6792
frog,slow,3,4,12,6.0,46.666666666666664,46.666666666666664,"[0, 8, 4, 2, 1]",140,6792
frog,slow,3,8,4,2.3333333333333335,46.666666666666664,46.666666666666664,"[0, 8, 4, 2, 1]",140,6792
frog,slow,3,8,8,2.6666666666666665,46.666666666666664,46.666666666666664,"[0, 8, 4, 2, 1]",140,6792
frog,slow,3,8,12,3.0,46.666666666666664,46.666666666666664,"[0, 8, 4, 2, 1]",140,6792
frog,slow,3,16,4,1.1666666666666667,46.666666666666664,46.666666666666664,"[0, 8, 4, 2, 1]",140,6792
frog,slow,3,16,8,1.3333333333333333,46.666666666666664,46.666666666666664,"[0, 8, 4, 2, 1]",140,6792
frog,slow,3,16,12,1.5,46.666666666666664,46.666666666666664,"[0, 8, 4, 2, 1]",140,6792
frog,slow,6,4,4,4.666666666666667,23.333333333333332,23.333333333333332,"[0, 8, 4, 2, 1]",140,6792
frog,slow,6,4,8,5.333333333333333,23.333333333333332,23.333333333333332,"[0, 8, 4, 2, 1]",140,6792
frog,slow,6,4,12,6.0,23.333333333333332,23.333333333333332,"[0, 8, 4, 2, 1]",140,6792
frog,slow,6,8,4,2.3333333333333335,23.333333333333332,23.333333333333332,"[0, 8, 4, 2, 1]",140,6792
frog,slow,6,8,8,2.6666666666666665,23.333333333333332,23.333333333333332,"[0, 8, 4, 2, 1]",140,6792
frog,slow,6,8,12,3.0,23.333333333333332,23.333333333333332,"[0, 8, 4, 2, 1]",140,6792
frog,slow,6,16,4,1.1666666666666667,23.333333333333332,23.333333333333332,"[0, 8, 4, 2, 1]",140,6792
frog,slow,6,16,8,1.3333333333333333,23.333333333333332,23.333333333333332,"[0, 8, 4, 2, 1]",140,6792
frog,slow,6,16,12,1.5,23.333333333333332,23.333333333333332,"[0, 8, 4, 2, 1]",140,6792
peacock,fast,1,4,4,6.0,54.0,54.0,"[0, 8, 4, 2, 1]",54,10508
peacock,fast,1,4,8,6.666666666666667,54.0,54.0,"[0, 8, 4, 2, 1]",54,10508
peacock,fast,1,4,12,6.0,54.0,54.0,"[0, 8, 4, 2, 1]",54,10508
peacock,fast,1,8,4,3.0,54.0,54.0,"[0, 8, 4, 2, 1]",54,10508
peacock,fast,1,8,8,3.3333333333333335,54.0,54.0,"[0, 8, 4, 2, 1]",54,10508
peacock,fast,1,8,12,3.0,54.0,54.0,"[0, 8, 4, 2, 1]",54,10508
peacock,fast,1,16,4,1.5,54.0,54.0,"[0, 8, 4, 2, 1]",54,10508
peacock,fast,1,16,8,1.6666666666666667,54.0,54.0,"[0, 8, 4, 2, 1]",54,10508
peacock,fast,1,16,12,1.5,54.0,54.0,"[0, 8, 4, 2, 1]",54,10508
peacock,fast,2,4,4,6.0,27.0,27.0,"[0, 8, 4, 2, 1]",54,10508
peacock,fast,2,4,8,6.666666666666667,27.0,27.0,"[0, 8, 4, 2, 1]",54,10508
peacock,fast,2,4,12,6.0,27.0,27.0,"[0, 8, 4, 2, 1]",54,10508
peacock,fast,2,8,4,3.0,27.0,27.0,"[0, 8, 4, 2, 1]",54,10508
peacock,fast,2,8,8,3.3333333333333335,27.0,27.0,"[0, 8, 4, 2, 1]",54,10508
peacock,fast,2,8,12,3.0,27.0,27.0,"[0, 8, 4, 2, 1]",54,10508
peacock,fast,2,16,4,1.5,27.0,27.0,"[0, 8, 4, 2, 1]",54,10508
peacock,fast,2,16,8,1.6666666666666667,27.0,27.0,"[0, 8, 4, 2, 1]",54,10508
peacock,fast,2,16,12,1.5,27.0,27.0,"[0, 8, 4, 2, 1]",54,10508
peacock,fast,3,4,4,6.0,18.0,18.0,"[0, 8, 4, 2, 1]",54,10508
peacock,fast,3,4,8,6.666666666666667,18.0,18.0,"[0, 8, 4, 2, 1]",54,10508
peacock,fast,3,4,12,6.0,18.0,18.0,"[0, 8, 4, 2, 1]",54,10508
peacock,fast,3,8,4,3.0,18.0,18.0,"[0, 8, 4, 2, 1]",54,10508
peacock,fast,3,8,8,3.3333333333333335,18.0,18.0,"[0, 8, 4, 2, 1]",54,10508
peacock,fast,3,8,12,3.0,18.0,18.0,"[0, 8, 4, 2, 1]",54,10508
peacock,fast,3,16,4,1.5,18.0,18.0,"[0, 8, 4, 2, 1]",54,10508
peacock,fast,3,16,8,1.6666666666666667,18.0,18.0,"[0, 8, 4, 2, 1]",54,10508
peacock,fast,3,16,12,1.5,18.0,18.0,"[0, 8, 4, 2, 1]",54,10508
peacock,fast,6,4,4,6.0,9.0,9.0,"[0, 8, 4, 2, 1]",54,10508
peacock,fast,6,4,8,6.666666666666667,9.0,9.0,"[0, 8, 4, 2, 1]",54,10508
peacock,fast,6,4,12,6.0,9.0,9.0,"[0, 8, 4, 2, 1]",54,10508
peacock,fast,6,8,4,3.0,9.0,9.0,"[0, 8, 4, 2, 1]",54,10508
peacock,fast,6,8,8,3.3333333333333335,9.0,9.0,"[0, 8, 4, 2, 1]",54,10508
peacock,fast,6,8,12,3.0,9.0,9.0,"[0, 8, 4, 2, 1]",54,10508
peacock,fast,6,16,4,1.5,9.0,9.0,"[0, 8, 4, 2, 1]",54,10508
peacock,fast,6,16,8,1.6666666666666667,9.0,9.0,"[0, 8, 4, 2, 1]",54,10508
peacock,fast,6,16,12,1.5,9.0,9.0,"[0, 8, 4, 2, 1]",54,10508
peacock,balanced,1,4,4,6.0,84.0,84.0,"[0, 8, 4, 2, 1]",84,10508
peacock,balanced,1,4,8,6.666666666666667,84.0,84.0,"[0, 8, 4, 2, 1]",84,10508
peacock,balanced,1,4,12,6.0,84.0,84.0,"[0, 8, 4, 2, 1]",84,10508
peacock,balanced,1,8,4,3.0,84.0,84.0,"[0, 8, 4, 2, 1]",84,10508
peacock,balanced,1,8,8,3.3333333333333335,84.0,84.0,"[0, 8, 4, 2, 1]",84,10508
peacock,balanced,1,8,12,3.0,84.0,84.0,"[0, 8, 4, 2, 1]",84,10508
peacock,balanced,1,16,4,1.5,84.0,84.0,"[0, 8, 4, 2, 1]",84,10508
peacock,balanced,1,16,8,1.6666666666666667,84.0,84.0,"[0, 8, 4, 2, 1]",84,10508
peacock,balanced,1,16,12,1.5,84.0,84.0,"[0, 8, 4, 2, 1]",84,10508
peacock,balanced,2,4,4,6.0,42.0,42.0,"[0, 8, 4, 2, 1]",84,10508
peacock,balanced,2,4,8,6.666666666666667,42.0,42.0,"[0, 8, 4, 2, 1]",84,10508
peacock,balanced,2,4,12,6.0,42.0,42.0,"[0, 8, 4, 2, 1]",84,10508
peacock,balanced,2,8,4,3.0,42.0,42.0,"[0, 8, 4, 2, 1]",84,10508
peacock,balanced,2,8,8,3.3333333333333335,42.0,42.0,"[0, 8, 4, 2, 1]",84,10508
peacock,balanced,2,8,12,3.0,42.0,42.0,"[0, 8, 4, 2, 1]",84,10508
peacock,balanced,2,16,4,1.5,42.0,42.0,"[0, 8, 4, 2, 1]",84,10508
peacock,balanced,2,16,8,1.6666666666666667,42.0,42.0,"[0, 8, 4, 2, 1]",84,10508
peacock,balanced,2,16,12,1.5,42.0,42.0,"[0, 8, 4, 2, 1]",84,10508
peacock,balanced,3,4,4,6.0,28.0,28.0,"[0, 8, 4, 2, 1]",84,10508
peacock,balanced,3,4,8,6.666666666666667,28.0,28.0,"[0, 8, 4, 2, 1]",84,10508
peacock,balanced,3,4,12,6.0,28.0,28.0,"[0, 8, 4, 2, 1]",84,10508
peacock,balanced,3,8,4,3.0,28.0,28.0,"[0, 8, 4, 2, 1]",84,10508
peacock,balanced,3,8,8,3.3333333333333335,28.0,28.0,"[0, 8, 4, 2, 1]",84,10508
peacock,balanced,3,8,12,3.0,28.0,28.0,"[0, 8, 4, 2, 1]",84,10508
peacock,balanced,3,16,4,1.5,28.0,28.0,"[0, 8, 4, 2, 1]",84,10508
peacock,balanced,3,16,8,1.6666666666666667,28.0,28.0,"[0, 8, 4, 2, 1]",84,10508
peacock,balanced,3,16,12,1.5,28.0,28.0,"[0, 8, 4, 2, 1]",84,10508
peacock,balanced,6,4,4,6.0,14.0,14.0,"[0, 8, 4, 2, 1]",84,10508
peacock,balanced,6,4,8,6.666666666666667,14.0,14.0,"[0, 8, 4, 2, 1]",84,10508
peacock,balanced,6,4,12,6.0,14.0,14.0,"[0, 8, 4, 2, 1]",84,10508
peacock,balanced,6,8,4,3.0,14.0,14.0,"[0, 8, 4, 2, 1]",84,10508
peacock,balanced,6,8,8,3.3333333333333335,14.0,14.0,"[0, 8, 4, 2, 1]",84,10508
peacock,balanced,6,8,12,3.0,14.0,14.0,"[0, 8, 4, 2, 1]",84,10508
peacock,balanced,6,16,4,1.5,14.0,14.0,"[0, 8, 4, 2, 1]",84,10508
peacock,balanced,6,16,8,1.6666666666666667,14.0,14.0,"[0, 8, 4, 2, 1]",84,10508
peacock,balanced,6,16,12,1.5,14.0,14.0,"[0, 8, 4, 2, 1]",84,10508
peacock,slow,1,4,4,6.0,140.0,140.0,"[0, 8, 4, 2, 1]",140,10508
peacock,slow,1,4,8,6.666666666666667,140.0,140.0,"[0, 8, 4, 2, 1]",140,10508
peacock,slow,1,4,12,6.0,140.0,140.0,"[0, 8, 4, 2, 1]",140,10508
peacock,slow,1,8,4,3.0,140.0,140.0,"[0, 8, 4, 2, 1]",140,10508
peacock,slow,1,8,8,3.3333333333333335,140.0,140.0,"[0, 8, 4, 2, 1]",140,10508
peacock,slow,1,8,12,3.0,140.0,140.0,"[0, 8, 4, 2, 1]",140,10508
peacock,slow,1,16,4,1.5,140.0,140.0,"[0, 8, 4, 2, 1]",140,10508
peacock,slow,1,16,8,1.6666666666666667,140.0,140.0,"[0, 8, 4, 2, 1]",140,10508
peacock,slow,1,16,12,1.5,140.0,140.0,"[0, 8, 4, 2, 1]",140,10508
peacock,slow,2,4,4,6.0,70.0,70.0,"[0, 8, 4, 2, 1]",140,10508
peacock,slow,2,4,8,6.666666666666667,70.0,70.0,"[0, 8, 4, 2, 1]",140,10508
peacock,slow,2,4,12,6.0,70.0,70.0,"[0, 8, 4, 2, 1]",140,10508
peacock,slow,2,8,4,3.0,70.0,70.0,"[0, 8, 4, 2, 1]",140,10508
peacock,slow,2,8,8,3.3333333333333335,70.0,70.0,"[0, 8, 4, 2, 1]",140,10508
peacock,slow,2,8,12,3.0,70.0,70.0,"[0, 8, 4, 2, 1]",140,10508
peacock,slow,2,16,4,1.5,70.0,70.0,"[0, 8, 4, 2, 1]",140,10508
peacock,slow,2,16,8,1.6666666666666667,70.0,70.0,"[0, 8, 4, 2, 1]",140,10508
peacock,slow,2,16,12,1.5,70.0,70.0,"[0, 8, 4, 2, 1]",140,10508
peacock,slow,3,4,4,6.0,46.666666666666664,46.666666666666664,"[0, 8, 4, 2, 1]",140,10508
peacock,slow,3,4,8,6.666666666666667,46.666666666666664,46.666666666666664,"[0, 8, 4, 2, 1]",140,10508
peacock,slow,3,4,12,6.0,46.666666666666664,46.666666666666664,"[0, 8, 4, 2, 1]",140,10508
peacock,slow,3,8,4,3.0,46.666666666666664,46.666666666666664,"[0, 8, 4, 2, 1]",140,10508
peacock,slow,3,8,8,3.3333333333333335,46.666666666666664,46.666666666666664,"[0, 8, 4, 2, 1]",140,10508
peacock,slow,3,8,12,3.0,46.666666666666664,46.666666666666664,"[0, 8, 4, 2, 1]",140,10508
peacock,slow,3,16,4,1.5,46.666666666666664,46.666666666666664,"[0, 8, 4, 2, 1]",140,10508
peacock,slow,3,16,8,1.6666666666666667,46.666666666666664,46.666666666666664,"[0, 8, 4, 2, 1]",140,10508
peacock,slow,3,16,12,1.5,46.666666666666664,46.666666666666664,"[0, 8, 4, 2, 1]",140,10508
peacock,slow,6,4,4,6.0,23.333333333333332,23.333333333333332,"[0, 8, 4, 2, 1]",140,10508
peacock,slow,6,4,8,6.666666666666667,23.333333333333332,23.333333333333332,"[0, 8, 4, 2, 1]",140,10508
peacock,slow,6,4,12,6.0,23.333333333333332,23.333333333333332,"[0, 8, 4, 2, 1]",140,10508
peacock,slow,6,8,4,3.0,23.333333333333332,23.333333333333332,"[0, 8, 4, 2, 1]",140,10508
peacock,slow,6,8,8,3.3333333333333335,23.333333333333332,23.333333333333332,"[0, 8, 4, 2, 1]",140,10508
peacock,slow,6,8,12,3.0,23.333333333333332,23.333333333333332,"[0, 8, 4, 2, 1]",140,10508
peacock,slow,6,16,4,1.5,23.333333333333332,23.333333333333332,"[0, 8, 4, 2, 1]",140,10508
peacock,slow,6,16,8,1.6666666666666667,23.333333333333332,23.333333333333332,"[0, 8, 4, 2, 1]",140,10508
peacock,slow,6,16,12,1.5,23.333333333333332,23.333333333333332,"[0, 8, 4, 2, 1]",140,10508
fox,fast,1,4,4,6.0,54.0,54.0,"[0, 8, 4, 2, 1]",54,10167
fox,fast,1,4,8,6.666666666666667,54.0,54.0,"[0, 8, 4, 2, 1]",54,10167
fox,fast,1,4,12,6.0,54.0,54.0,"[0, 8, 4, 2, 1]",54,10167
fox,fast,1,8,4,3.0,54.0,54.0,"[0, 8, 4, 2, 1]",54,10167
fox,fast,1,8,8,3.3333333333333335,54.0,54.0,"[0, 8, 4, 2, 1]",54,10167
fox,fast,1,8,12,3.0,54.0,54.0,"[0, 8, 4, 2, 1]",54,10167
fox,fast,1,16,4,1.5,54.0,54.0,"[0, 8, 4, 2, 1]",54,10167
fox,fast,1,16,8,1.6666666666666667,54.0,54.0,"[0, 8, 4, 2, 1]",54,10167
fox,fast,1,16,12,1.5,54.0,54.0,"[0, 8, 4, 2, 1]",54,10167
fox,fast,2,4,4,6.0,27.0,27.0,"[0, 8, 4, 2, 1]",54,10167
fox,fast,2,4,8,6.666666666666667,27.0,27.0,"[0, 8, 4, 2, 1]",54,10167
fox,fast,2,4,12,6.0,27.0,27.0,"[0, 8, 4, 2, 1]",54,10167
fox,fast,2,8,4,3.0,27.0,27.0,"[0, 8, 4, 2, 1]",54,10167
fox,fast,2,8,8,3.3333333333333335,27.0,27.0,"[0, 8, 4, 2, 1]",54,10167
fox,fast,2,8,12,3.0,27.0,27.0,"[0, 8, 4, 2, 1]",54,10167
fox,fast,2,16,4,1.5,27.0,27.0,"[0, 8, 4, 2, 1]",54,10167
fox,fast,2,16,8,1.6666666666666667,27.0,27.0,"[0, 8, 4, 2, 1]",54,10167
fox,fast,2,16,12,1.5,27.0,27.0,"[0, 8, 4, 2, 1]",54,10167
fox,fast,3,4,4,6.0,18.0,18.0,"[0, 8, 4, 2, 1]",54,10167
fox,fast,3,4,8,6.666666666666667,18.0,18.0,"[0, 8, 4, 2, 1]",54,10167
fox,fast,3,4,12,6.0,18.0,18.0,"[0, 8, 4, 2, 1]",54,10167
fox,fast,3,8,4,3.0,18.0,18.0,"[0, 8, 4, 2, 1]",54,10167
fox,fast,3,8,8,3.3333333333333335,18.0,18.0,"[0, 8, 4, 2, 1]",54,10167
fox,fast,3,8,12,3.0,18.0,18.0,"[0, 8, 4, 2, 1]",54,10167
fox,fast,3,16,4,1.5,18.0,18.0,"[0, 8, 4, 2, 1]",54,10167
fox,fast,3,16,8,1.6666666666666667,18.0,18.0,"[0, 8, 4, 2, 1]",54,10167
fox,fast,3,16,12,1.5,18.0,18.0,"[0, 8, 4, 2, 1]",54,10167
fox,fast,6,4,4,6.0,9.0,9.0,"[0, 8, 4, 2, 1]",54,10167
fox,fast,6,4,8,6.666666666666667,9.0,9.0,"[0, 8, 4, 2, 1]",54,10167
fox,fast,6,4,12,6.0,9.0,9.0,"[0, 8, 4, 2, 1]",54,10167
fox,fast,6,8,4,3.0,9.0,9.0,"[0, 8, 4, 2, 1]",54,10167
fox,fast,6,8,8,3.3333333333333335,9.0,9.0,"[0, 8, 4, 2, 1]",54,10167
fox,fast,6,8,12,3.0,9.0,9.0,"[0, 8, 4, 2, 1]",54,10167
fox,fast,6,16,4,1.5,9.0,9.0,"[0, 8, 4, 2, 1]",54,10167
fox,fast,6,16,8,1.6666666666666667,9.0,9.0,"[0, 8, 4, 2, 1]",54,10167
fox,fast,6,16,12,1.5,9.0,9.0,"[0, 8, 4, 2, 1]",54,10167
fox,balanced,1,4,4,6.0,84.0,84.0,"[0, 8, 4, 2, 1]",84,10167
fox,balanced,1,4,8,6.666666666666667,84.0,84.0,"[0, 8, 4, 2, 1]",84,10167
fox,balanced,1,4,12,6.0,84.0,84.0,"[0, 8, 4, 2, 1]",84,10167
fox,balanced,1,8,4,3.0,84.0,84.0,"[0, 8, 4, 2, 1]",84,10167
fox,balanced,1,8,8,3.3333333333333335,84.0,84.0,"[0, 8, 4, 2, 1]",84,10167
fox,balanced,1,8,12,3.0,84.0,84.0,"[0, 8, 4, 2, 1]",84,10167
fox,balanced,1,16,4,1.5,84.0,84.0,"[0, 8, 4, 2, 1]",84,10167
fox,balanced,1,16,8,1.6666666666666667,84.0,84.0,"[0, 8, 4, 2, 1]",84,10167
fox,balanced,1,16,12,1.5,84.0,84.0,"[0, 8, 4, 2, 1]",84,10167
fox,balanced,2,4,4,6.0,42.0,42.0,"[0, 8, 4, 2, 1]",84,10167
fox,balanced,2,4,8,6.666666666666667,42.0,42.0,"[0, 8, 4, 2, 1]",84,10167
fox,balanced,2,4,12,6.0,42.0,42.0,"[0, 8, 4, 2, 1]",84,10167
fox,balanced,2,8,4,3.0,42.0,42.0,"[0, 8, 4, 2, 1]",84,10167
fox,balanced,2,8,8,3.3333333333333335,42.0,42.0,"[0, 8, 4, 2, 1]",84,10167
fox,balanced,2,8,12,3.0,42.0,42.0,"[0, 8, 4, 2, 1]",84,10167
fox,balanced,2,16,4,1.5,42.0,42.0,"[0, 8, 4, 2, 1]",84,10167
fox,balanced,2,16,8,1.6666666666666667,42.0,42.0,"[0, 8, 4, 2, 1]",84,10167
fox,balanced,2,16,12,1.5,42.0,42.0,"[0, 8, 4, 2, 1]",84,10167
fox,balanced,3,4,4,6.0,28.0,28.0,"[0, 8, 4, 2, 1]",84,10167
fox,balanced,3,4,8,6.666666666666667,28.0,28.0,"[0, 8, 4, 2, 1]",84,10167
fox,balanced,3,4,12,6.0,28.0,28.0,"[0, 8, 4, 2, 1]",84,10167
fox,balanced,3,8,4,3.0,28.0,28.0,"[0, 8, 4, 2, 1]",84,10167
fox,balanced,3,8,8,3.3333333333333335,28.0,28.0,"[0, 8, 4, 2, 1]",84,10167
fox,balanced,3,8,12,3.0,28.0,28.0,"[0, 8, 4, 2, 1]",84,10167
fox,balanced,3,16,4,1.5,28.0,28.0,"[0, 8, 4, 2, 1]",84,10167
fox,balanced,3,16,8,1.6666666666666667,28.0,28.0,"[0, 8, 4, 2, 1]",84,10167
fox,balanced,3,16,12,1.5,28.0,28.0,"[0, 8, 4, 2, 1]",84,10167
fox,balanced,6,4,4,6.0,14.0,14.0,"[0, 8, 4, 2, 1]",84,10167
fox,balanced,6,4,8,6.666666666666667,14.0,14.0,"[0, 8, 4, 2, 1]",84,10167
fox,balanced,6,4,12,6.0,14.0,14.0,"[0, 8, 4, 2, 1]",84,10167
fox,balanced,6,8,4,3.0,14.0,14.0,"[0, 8, 4, 2, 1]",84,10167
fox,balanced,6,8,8,3.3333333333333335,14.0,14.0,"[0, 8, 4, 2, 1]",84,10167
fox,balanced,6,8,12,3.0,14.0,14.0,"[0, 8, 4, 2, 1]",84,10167
fox,balanced,6,16,4,1.5,14.0,14.0,"[0, 8, 4, 2, 1]",84,10167
fox,balanced,6,16,8,1.6666666666666667,14.0,14.0,"[0, 8, 4, 2, 1]",84,10167
fox,balanced,6,16,12,1.5,14.0,14.0,"[0, 8, 4, 2, 1]",84,10167
fox,slow,1,4,4,6.0,140.0,140.0,"[0, 8, 4, 2, 1]",140,10167
fox,slow,1,4,8,6.666666666666667,140.0,140.0,"[0, 8, 4, 2, 1]",140,10167
fox,slow,1,4,12,6.0,140.0,140.0,"[0, 8, 4, 2, 1]",140,10167
fox,slow,1,8,4,3.0,140.0,140.0,"[0, 8, 4, 2, 1]",140,10167
fox,slow,1,8,8,3.3333333333333335,140.0,140.0,"[0, 8, 4, 2, 1]",140,10167
fox,slow,1,8,12,3.0,140.0,140.0,"[0, 8, 4, 2, 1]",140,10167
fox,slow,1,16,4,1.5,140.0,140.0,"[0, 8, 4, 2, 1]",140,10167
fox,slow,1,16,8,1.6666666666666667,140.0,140.0,"[0, 8, 4, 2, 1]",140,10167
fox,slow,1,16,12,1.5,140.0,140.0,"[0, 8, 4, 2, 1]",140,10167
fox,slow,2,4,4,6.0,70.0,70.0,"[0, 8, 4, 2, 1]",140,10167
fox,slow,2,4,8,6.666666666666667,70.0,70.0,"[0, 8, 4, 2, 1]",140,10167
fox,slow,2,4,12,6.0,70.0,70.0,"[0, 8, 4, 2, 1]",140,10167
fox,slow,2,8,4,3.0,70.0,70.0,"[0, 8, 4, 2, 1]",140,10167
fox,slow,2,8,8,3.3333333333333335,70.0,70.0,"[0, 8, 4, 2, 1]",140,10167
fox,slow,2,8,12,3.0,70.0,70.0,"[0, 8, 4, 2, 1]",140,10167
fox,slow,2,16,4,1.5,70.0,70.0,"[0, 8, 4, 2, 1]",140,10167
fox,slow,2,16,8,1.6666666666666667,70.0,70.0,"[0, 8, 4, 2, 1]",140,10167
fox,slow,2,16,12,1.5,70.0,70.0,"[0, 8, 4, 2, 1]",140,10167
fox,slow,3,4,4,6.0,46.666666666666664,46.666666666666664,"[0, 8, 4, 2, 1]",140,10167
fox,slow,3,4,8,6.666666666666667,46.666666666666664,46.666666666666664,"[0, 8, 4, 2, 1]",140,10167
fox,slow,3,4,12,6.0,46.666666666666664,46.666666666666664,"[0, 8, 4, 2, 1]",140,10167
fox,slow,3,8,4,3.0,46.666666666666664,46.666666666666664,"[0, 8, 4, 2, 1]",140,10167
fox,slow,3,8,8,3.3333333333333335,46.666666666666664,46.666666666666664,"[0, 8, 4, 2, 1]",140,10167
fox,slow,3,8,12,3.0,46.666666666666664,46.666666666666664,"[0, 8, 4, 2, 1]",140,10167
fox,slow,3,16,4,1.5,46.666666666666664,46.666666666666664,"[0, 8, 4, 2, 1]",140,10167
fox,slow,3,16,8,1.6666666666666667,46.666666666666664,46.666666666666664,"[0, 8, 4, 2, 1]",140,10167
fox,slow,3,16,12,1.5,46.666666666666664,46.666666666666664,"[0, 8, 4, 2, 1]",140,10167
fox,slow,6,4,4,6.0,23.333333333333332,23.333333333333332,"[0, 8, 4, 2, 1]",140,10167
fox,slow,6,4,8,6.666666666666667,23.333333333333332,23.333333333333332,"[0, 8, 4, 2, 1]",140,10167
fox,slow,6,4,12,6.0,23.333333333333332,23.333333333333332,"[0, 8, 4, 2, 1]",140,10167
fox,slow,6,8,4,3.0,23.333333333333332,23.333333333333332,"[0, 8, 4, 2, 1]",140,10167
fox,slow,6,8,8,3.3333333333333335,23.333333333333332,23.333333333333332,"[0, 8, 4, 2, 1]",140,10167
fox,slow,6,8,12,3.0,23.333333333333332,23.333333333333332,"[0, 8, 4, 2, 1]",140,10167
fox,slow,6,16,4,1.5,23.333333333333332,23.333333333333332,"[0, 8, 4, 2, 1]",140,10167
fox,slow,6,16,8,1.6666666666666667,23.333333333333332,23.333333333333332,"[0, 8, 4, 2, 1]",140,10167
fox,slow,6,16,12,1.5,23.333333333333332,23.333333333333332,"[0, 8, 4, 2, 1]",140,10167
alpaca,fast,1,4,4,8.666666666666666,54.0,54.0,"[0, 8, 4, 2, 1]",54,16620
alpaca,fast,1,4,8,9.333333333333334,54.0,54.0,"[0, 8, 4, 2, 1]",54,16620
alpaca,fast,1,4,12,10.0,54.0,54.0,"[0, 8, 4, 2, 1]",54,16620
alpaca,fast,1,8,4,4.333333333333333,54.0,54.0,"[0, 8, 4, 2, 1]",54,16620
alpaca,fast,1,8,8,4.666666666666667,54.0,54.0,"[0, 8, 4, 2, 1]",54,16620
alpaca,fast,1,8,12,5.0,54.0,54.0,"[0, 8, 4, 2, 1]",54,16620
alpaca,fast,1,16,4,2.1666666666666665,54.0,54.0,"[0, 8, 4, 2, 1]",54,16620
alpaca,fast,1,16,8,2.3333333333333335,54.0,54.0,"[0, 8, 4, 2, 1]",54,16620
alpaca,fast,1,16,12,2.5,54.0,54.0,"[0, 8, 4, 2, 1]",54,16620
alpaca,fast,2,4,4,8.666666666666666,27.0,27.0,"[0, 8, 4, 2, 1]",54,16620
alpaca,fast,2,4,8,9.333333333333334,27.0,27.0,"[0, 8, 4, 2, 1]",54,16620
alpaca,fast,2,4,12,10.0,27.0,27.0,"[0, 8, 4, 2, 1]",54,16620
alpaca,fast,2,8,4,4.333333333333333,27.0,27.0,"[0, 8, 4, 2, 1]",54,16620
alpaca,fast,2,8,8,4.666666666666667,27.0,27.0,"[0, 8, 4, 2, 1]",54,16620
alpaca,fast,2,8,12,5.0,27.0,27.0,"[0, 8, 4, 2, 1]",54,16620
alpaca,fast,2,16,4,2.1666666666666665,27.0,27.0,"[0, 8, 4, 2, 1]",54,16620
alpaca,fast,2,16,8,2.3333333333333335,27.0,27.0,"[0, 8, 4, 2, 1]",54,16620
alpaca,fast,2,16,12,2.5,27.0,27.0,"[0, 8, 4, 2, 1]",54,16620
alpaca,fast,3,4,4,8.666666666666666,18.0,18.0,"[0, 8, 4, 2, 1]",54,16620
alpaca,fast,3,4,8,9.333333333333334,18.0,18.0,"[0, 8, 4, 2, 1]",54,16620
alpaca,fast,3,4,12,10.0,18.0,18.0,"[0, 8, 4, 2, 1]",54,16620
alpaca,fast,3,8,4,4.333333333333333,18.0,18.0,"[0, 8, 4, 2, 1]",54,16620
alpaca,fast,3,8,8,4.666666666666667,18.0,18.0,"[0, 8, 4, 2, 1]",54,16620
alpaca,fast,3,8,12,5.0,18.0,18.0,"[0, 8, 4, 2, 1]",54,16620
alpaca,fast,3,16,4,2.1666666666666665,18.0,18.0,"[0, 8, 4, 2, 1]",54,16620
alpaca,fast,3,16,8,2.3333333333333335,18.0,18.0,"[0, 8, 4, 2, 1]",54,16620
alpaca,fast,3,16,12,2.5,18.0,18.0,"[0, 8, 4, 2, 1]",54,16620
alpaca,fast,6,4,4,8.666666666666666,9.0,9.0,"[0, 8, 4, 2, 1]",54,16620
alpaca,fast,6,4,8,9.333333333333334,9.0,9.333333333333334,"[0, 8, 4, 2, 1]",54,16620
alpaca,fast,6,4,12,10.0,9.0,10.0,"[0, 8, 4, 2, 1]",54,16620
alpaca,fast,6,8,4,4.333333333333333,9.0,9.0,"[0, 8, 4, 2, 1]",54,16620
alpaca,fast,6,8,8,4.666666666666667,9.0,9.0,"[0, 8, 4, 2, 1]",54,16620
alpaca,fast,6,8,12,5.0,9.0,9.0,"[0, 8, 4, 2, 1]",54,16620
alpaca,fast,6,16,4,2.1666666666666665,9.0,9.0,"[0, 8, 4, 2, 1]",54,16620
alpaca,fast,6,16,8,2.3333333333333335,9.0,9.0,"[0, 8, 4, 2, 1]",54,16620
alpaca,fast,6,16,12,2.5,9.0,9.0,"[0, 8, 4, 2, 1]",54,16620
alpaca,balanced,1,4,4,8.666666666666666,84.0,84.0,"[0, 8, 4, 2, 1]",84,16620
alpaca,balanced,1,4,8,9.333333333333334,84.0,84.0,"[0, 8, 4, 2, 1]",84,16620
alpaca,balanced,1,4,12,10.0,84.0,84.0,"[0, 8, 4, 2, 1]",84,16620
alpaca,balanced,1,8,4,4.333333333333333,84.0,84.0,"[0, 8, 4, 2, 1]",84,16620
alpaca,balanced,1,8,8,4.666666666666667,84.0,84.0,"[0, 8, 4, 2, 1]",84,16620
alpaca,balanced,1,8,12,5.0,84.0,84.0,"[0, 8, 4, 2, 1]",84,16620
alpaca,balanced,1,16,4,2.1666666666666665,84.0,84.0,"[0, 8, 4, 2, 1]",84,16620
alpaca,balanced,1,16,8,2.3333333333333335,84.0,84.0,"[0, 8, 4, 2, 1]",84,16620
alpaca,balanced,1,16,12,2.5,84.0,84.0,"[0, 8, 4, 2, 1]",84,16620
alpaca,balanced,2,4,4,8.666666666666666,42.0,42.0,"[0, 8, 4, 2, 1]",84,16620
alpaca,balanced,2,4,8,9.333333333333334,42.0,42.0,"[0, 8, 4, 2, 1]",84,16620
alpaca,balanced,2,4,12,10.0,42.0,42.0,"[0, 8, 4, 2, 1]",84,16620
alpaca,balanced,2,8,4,4.333333333333333,42.0,42.0,"[0, 8, 4, 2, 1]",84,16620
alpaca,balanced,2,8,8,4.666666666666667,42.0,42.0,"[0, 8, 4, 2, 1]",84,16620
alpaca,balanced,2,8,12,5.0,42.0,42.0,"[0, 8, 4, 2, 1]",84,16620
alpaca,balanced,2,16,4,2.1666666666666665,42.0,42.0,"[0, 8, 4, 2, 1]",84,16620
alpaca,balanced,2,16,8,2.3333333333333335,42.0,42.0,"[0, 8, 4, 2, 1]",84,16620
alpaca,balanced,2,16,12,2.5,42.0,42.0,"[0, 8, 4, 2, 1]",84,16620
alpaca,balanced,3,4,4,8.666666666666666,28.0,28.0,"[0, 8, 4, 2, 1]",84,16620
alpaca,balanced,3,4,8,9.333333333333334,28.0,28.0,"[0, 8, 4, 2, 1]",84,16620
alpaca,balanced,3,4,12,10.0,28.0,28.0,"[0, 8, 4, 2, 1]",84,16620
alpaca,balanced,3,8,4,4.333333333333333,28.0,28.0,"[0, 8, 4, 2, 1]",84,16620
alpaca,balanced,3,8,8,4.666666666666667,28.0,28.0,"[0, 8, 4, 2, 1]",84,16620
alpaca,balanced,3,8,12,5.0,28.0,28.0,"[0, 8, 4, 2, 1]",84,16620
alpaca,balanced,3,16,4,2.1666666666666665,28.0,28.0,"[0, 8, 4, 2, 1]",84,16620
alpaca,balanced,3,16,8,2.3333333333333335,28.0,28.0,"[0, 8, 4, 2, 1]",84,16620
alpaca,balanced,3,16,12,2.5,28.0,28.0,"[0, 8, 4, 2, 1]",84,16620
alpaca,balanced,6,4,4,8.666666666666666,14.0,14.0,"[0, 8, 4, 2, 1]",84,16620
alpaca,balanced,6,4,8,9.333333333333334,14.0,14.0,"[0, 8, 4, 2, 1]",84,16620
alpaca,balanced,6,4,12,10.0,14.0,14.0,"[0, 8, 4, 2, 1]",84,16620
alpaca,balanced,6,8,4,4.333333333333333,14.0,14.0,"[0, 8, 4, 2, 1]",84,16620
alpaca,balanced,6,8,8,4.666666666666667,14.0,14.0,"[0, 8, 4, 2, 1]",84,16620
alpaca,balanced,6,8,12,5.0,14.0,14.0,"[0, 8, 4, 2, 1]",84,16620
alpaca,balanced,6,16,4,2.1666666666666665,14.0,14.0,"[0, 8, 4, 2, 1]",84,16620
alpaca,balanced,6,16,8,2.3333333333333335,14.0,14.0,"[0, 8, 4, 2, 1]",84,16620
alpaca,balanced,6,16,12,2.5,14.0,14.0,"[0, 8, 4, 2, 1]",84,16620
alpaca,slow,1,4,4,8.666666666666666,140.0,140.0,"[0, 8, 4, 2, 1]",140,16620
alpaca,slow,1,4,8,9.333333333333334,140.0,140.0,"[0, 8, 4, 2, 1]",140,16620
alpaca,slow,1,4,12,10.0,140.0,140.0,"[0, 8, 4, 2, 1]",140,16620
alpaca,slow,1,8,4,4.333333333333333,140.0,140.0,"[0, 8, 4, 2, 1]",140,16620
alpaca,slow,1,8,8,4.666666666666667,140.0,140.0,"[0, 8, 4, 2, 1]",140,16620
alpaca,slow,1,8,12,5.0,140.0,140.0,"[0, 8, 4, 2, 1]",140,16620
alpaca,slow,1,16,4,2.1666666666666665,140.0,140.0,"[0, 8, 4, 2, 1]",140,16620
alpaca,slow,1,16,8,2.3333333333333335,140.0,140.0,"[0, 8, 4, 2, 1]",140,16620
alpaca,slow,1,16,12,2.5,140.0,140.0,"[0, 8, 4, 2, 1]",140,16620
alpaca,slow,2,4,4,8.666666666666666,70.0,70.0,"[0, 8, 4, 2, 1]",140,16620
alpaca,slow,2,4,8,9.333333333333334,70.0,70.0,"[0, 8, 4, 2, 1]",140,16620
alpaca,slow,2,4,12,10.0,70.0,70.0,"[0, 8, 4, 2, 1]",140,16620
alpaca,slow,2,8,4,4.333333333333333,70.0,70.0,"[0, 8, 4, 2, 1]",140,16620
alpaca,slow,2,8,8,4.666666666666667,70.0,70.0,"[0, 8, 4, 2, 1]",140,16620
alpaca,slow,2,8,12,5.0,70.0,70.0,"[0, 8, 4, 2, 1]",140,16620
alpaca,slow,2,16,4,2.1666666666666665,70.0,70.0,"[0, 8, 4, 2, 1]",140,16620
alpaca,slow,2,16,8,2.3333333333333335,70.0,70.0,"[0, 8, 4, 2, 1]",140,16620
alpaca,slow,2,16,12,2.5,70.0,70.0,"[0, 8, 4, 2, 1]",140,16620
alpaca,slow,3,4,4,8.666666666666666,46.666666666666664,46.666666666666664,"[0, 8, 4, 2, 1]",140,16620
alpaca,slow,3,4,8,9.333333333333334,46.666666666666664,46.666666666666664,"[0, 8, 4, 2, 1]",140,16620
alpaca,slow,3,4,12,10.0,46.666666666666664,46.666666666666664,"[0, 8, 4, 2, 1]",140,16620
alpaca,slow,3,8,4,4.333333333333333,46.666666666666664,46.666666666666664,"[0, 8, 4, 2, 1]",140,16620
alpaca,slow,3,8,8,4.666666666666667,46.666666666666664,46.666666666666664,"[0, 8, 4, 2, 1]",140,16620
alpaca,slow,3,8,12,5.0,46.666666666666664,46.666666666666664,"[0, 8, 4, 2, 1]",140,16620
alpaca,slow,3,16,4,2.1666666666666665,46.666666666666664,46.666666666666664,"[0, 8, 4, 2, 1]",140,16620
alpaca,slow,3,16,8,2.3333333333333335,46.666666666666664,46.666666666666664,"[0, 8, 4, 2, 1]",140,16620
alpaca,slow,3,16,12,2.5,46.666666666666664,46.666666666666664,"[0, 8, 4, 2, 1]",140,16620
alpaca,slow,6,4,4,8.666666666666666,23.333333333333332,23.333333333333332,"[0, 8, 4, 2, 1]",140,16620
alpaca,slow,6,4,8,9.333333333333334,23.333333333333332,23.333333333333332,"[0, 8, 4, 2, 1]",140,16620
alpaca,slow,6,4,12,10.0,23.333333333333332,23.333333333333332,"[0, 8, 4, 2, 1]",140,16620
alpaca,slow,6,8,4,4.333333333333333,23.333333333333332,23.333333333333332,"[0, 8, 4, 2, 1]",140,16620
alpaca,slow,6,8,8,4.666666666666667,23.333333333333332,23.333333333333332,"[0, 8, 4, 2, 1]",140,16620
alpaca,slow,6,8,12,5.0,23.333333333333332,23.333333333333332,"[0, 8, 4, 2, 1]",140,16620
alpaca,slow,6,16,4,2.1666666666666665,23.333333333333332,23.333333333333332,"[0, 8, 4, 2, 1]",140,16620
alpaca,slow,6,16,8,2.3333333333333335,23.333333333333332,23.333333333333332,"[0, 8, 4, 2, 1]",140,16620
alpaca,slow,6,16,12,2.5,23.333333333333332,23.333333333333332,"[0, 8, 4, 2, 1]",140,16620
hedgehog,fast,1,4,4,6.0,54.0,54.0,"[0, 8, 4, 2, 1]",54,11267
hedgehog,fast,1,4,8,6.666666666666667,54.0,54.0,"[0, 8, 4, 2, 1]",54,11267
hedgehog,fast,1,4,12,6.0,54.0,54.0,"[0, 8, 4, 2, 1]",54,11267
hedgehog,fast,1,8,4,3.0,54.0,54.0,"[0, 8, 4, 2, 1]",54,11267
hedgehog,fast,1,8,8,3.3333333333333335,54.0,54.0,"[0, 8, 4, 2, 1]",54,11267
hedgehog,fast,1,8,12,3.0,54.0,54.0,"[0, 8, 4, 2, 1]",54,11267
hedgehog,fast,1,16,4,1.5,54.0,54.0,"[0, 8, 4, 2, 1]",54,11267
hedgehog,fast,1,16,8,1.6666666666666667,54.0,54.0,"[0, 8, 4, 2, 1]",54,11267
hedgehog,fast,1,16,12,1.5,54.0,54.0,"[0, 8, 4, 2, 1]",54,11267
hedgehog,fast,2,4,4,6.0,27.0,27.0,"[0, 8, 4, 2, 1]",54,11267
hedgehog,fast,2,4,8,6.666666666666667,27.0,27.0,"[0, 8, 4, 2, 1]",54,11267
hedgehog,fast,2,4,12,6.0,27.0,27.0,"[0, 8, 4, 2, 1]",54,11267
hedgehog,fast,2,8,4,3.0,27.0,27.0,"[0, 8, 4, 2, 1]",54,11267
hedgehog,fast,2,8,8,3.3333333333333335,27.0,27.0,"[0, 8, 4, 2, 1]",54,11267
hedgehog,fast,2,8,12,3.0,27.0,27.0,"[0, 8, 4, 2, 1]",54,11267
hedgehog,fast,2,16,4,1.5,27.0,27.0,"[0, 8, 4, 2, 1]",54,11267
hedgehog,fast,2,16,8,1.6666666666666667,27.0,27.0,"[0, 8, 4, 2, 1]",54,11267
hedgehog,fast,2,16,12,1.5,27.0,27.0,"[0, 8, 4, 2, 1]",54,11267
hedgehog,fast,3,4,4,6.0,18.0,18.0,"[0, 8, 4, 2, 1]",54,11267
hedgehog,fast,3,4,8,6.666666666666667,18.0,18.0,"[0, 8, 4, 2, 1]",54,11267
hedgehog,fast,3,4,12,6.0,18.0,18.0,"[0, 8, 4, 2, 1]",54,11267
hedgehog,fast,3,8,4,3.0,18.0,18.0,"[0, 8, 4, 2, 1]",54,11267
hedgehog,fast,3,8,8,3.3333333333333335,18.0,18.0,"[0, 8, 4, 2, 1]",54,11267
hedgehog,fast,3,8,12,3.0,18.0,18.0,"[0, 8, 4, 2, 1]",54,11267
hedgehog,fast,3,16,4,1.5,18.0,18.0,"[0, 8, 4, 2, 1]",54,11267
hedgehog,fast,3,16,8,1.6666666666666667,18.0,18.0,"[0, 8, 4, 2, 1]",54,11267
hedgehog,fast,3,16,12,1.5,18.0,18.0,"[0, 8, 4, 2, 1]",54,11267
hedgehog,fast,6,4,4,6.0,9.0,9.0,"[0, 8, 4, 2, 1]",54,11267
hedgehog,fast,6,4,8,6.666666666666667,9.0,9.0,"[0, 8, 4, 2, 1]",54,11267
hedgehog,fast,6,4,12,6.0,9.0,9.0,"[0, 8, 4, 2, 1]",54,11267
hedgehog,fast,6,8,4,3.0,9.0,9.0,"[0, 8, 4, 2, 1]",54,11267
hedgehog,fast,6,8,8,3.3333333333333335,9.0,9.0,"[0, 8, 4, 2, 1]",54,11267
hedgehog,fast,6,8,12,3.0,9.0,9.0,"[0, 8, 4, 2, 1]",54,11267
hedgehog,fast,6,16,4,1.5,9.0,9.0,"[0, 8, 4, 2, 1]",54,11267
hedgehog,fast,6,16,8,1.6666666666666667,9.0,9.0,"[0, 8, 4, 2, 1]",54,11267
hedgehog,fast,6,16,12,1.5,9.0,9.0,"[0, 8, 4, 2, 1]",54,11267
hedgehog,balanced,1,4,4,6.0,84.0,84.0,"[0, 8, 4, 2, 1]",84,11267
hedgehog,balanced,1,4,8,6.666666666666667,84.0,84.0,"[0, 8, 4, 2, 1]",84,11267
hedgehog,balanced,1,4,12,6.0,84.0,84.0,"[0, 8, 4, 2, 1]",84,11267
hedgehog,balanced,1,8,4,3.0,84.0,84.0,"[0, 8, 4, 2, 1]",84,11267
hedgehog,balanced,1,8,8,3.3333333333333335,84.0,84.0,"[0, 8, 4, 2, 1]",84,11267
hedgehog,balanced,1,8,12,3.0,84.0,84.0,"[0, 8, 4, 2, 1]",84,11267
hedgehog,balanced,1,16,4,1.5,84.0,84.0,"[0, 8, 4, 2, 1]",84,11267
hedgehog,balanced,1,16,8,1.6666666666666667,84.0,84.0,"[0, 8, 4, 2, 1]",84,11267
hedgehog,balanced,1,16,12,1.5,84.0,84.0,"[0, 8, 4, 2, 1]",84,11267
hedgehog,balanced,2,4,4,6.0,42.0,42.0,"[0, 8, 4, 2, 1]",84,11267
hedgehog,balanced,2,4,8,6.666666666666667,42.0,42.0,"[0, 8, 4, 2, 1]",84,11267
hedgehog,balanced,2,4,12,6.0,42.0,42.0,"[0, 8, 4, 2, 1]",84,11267
hedgehog,balanced,2,8,4,3.0,42.0,42.0,"[0, 8, 4, 2, 1]",84,11267
hedgehog,balanced,2,8,8,3.3333333333333335,42.0,42.0,"[0, 8, 4, 2, 1]",84,11267
hedgehog,balanced,2,8,12,3.0,42.0,42.0,"[0, 8, 4, 2, 1]",84,11267
hedgehog,balanced,2,16,4,1.5,42.0,42.0,"[0, 8, 4, 2, 1]",84,11267
hedgehog,balanced,2,16,8,1.6666666666666667,42.0,42.0,"[0, 8, 4, 2, 1]",84,11267
hedgehog,balanced,2,16,12,1.5,42.0,42.0,"[0, 8, 4, 2, 1]",84,11267
hedgehog,balanced,3,4,4,6.0,28.0,28.0,"[0, 8, 4, 2, 1]",84,11267
hedgehog,balanced,3,4,8,6.666666666666667,28.0,28.0,"[0, 8, 4, 2, 1]",84,11267
hedgehog,balanced,3,4,12,6.0,28.0,28.0,"[0, 8, 4, 2, 1]",84,11267
hedgehog,balanced,3,8,4,3.0,28.0,28.0,"[0, 8, 4, 2, 1]",84,11267
hedgehog,balanced,3,8,8,3.3333333333333335,28.0,28.0,"[0, 8, 4, 2, 1]",84,11267
hedgehog,balanced,3,8,12,3.0,28.0,28.0,"[0, 8, 4, 2, 1]",84,11267
hedgehog,balanced,3,16,4,1.5,28.0,28.0,"[0, 8, 4, 2, 1]",84,11267
hedgehog,balanced,3,16,8,1.6666666666666667,28.0,28.0,"[0, 8, 4, 2, 1]",84,11267
hedgehog,balanced,3,16,12,1.5,28.0,28.0,"[0, 8, 4, 2, 1]",84,11267
hedgehog,balanced,6,4,4,6.0,14.0,14.0,"[0, 8, 4, 2, 1]",84,11267
hedgehog,balanced,6,4,8,6.666666666666667,14.0,14.0,"[0, 8, 4, 2, 1]",84,11267
hedgehog,balanced,6,4,12,6.0,14.0,14.0,"[0, 8, 4, 2, 1]",84,11267
hedgehog,balanced,6,8,4,3.0,14.0,14.0,"[0, 8, 4, 2, 1]",84,11267
hedgehog,balanced,6,8,8,3.3333333333333335,14.0,14.0,"[0, 8, 4, 2, 1]",84,11267
hedgehog,balanced,6,8,12,3.0,14.0,14.0,"[0, 8, 4, 2, 1]",84,11267
hedgehog,balanced,6,16,4,1.5,14.0,14.0,"[0, 8, 4, 2, 1]",84,11267
hedgehog,balanced,6,16,8,1.6666666666666667,14.0,14.0,"[0, 8, 4, 2, 1]",84,11267
hedgehog,balanced,6,16,12,1.5,14.0,14.0,"[0, 8, 4, 2, 1]",84,11267
hedgehog,slow,1,4,4,6.0,140.0,140.0,"[0, 8, 4, 2, 1]",140,11267
hedgehog,slow,1,4,8,6.666666666666667,140.0,140.0,"[0, 8, 4, 2, 1]",140,11267
hedgehog,slow,1,4,12,6.0,140.0,140.0,"[0, 8, 4, 2, 1]",140,11267
hedgehog,slow,1,8,4,3.0,140.0,140.0,"[0, 8, 4, 2, 1]",140,11267
hedgehog,slow,1,8,8,3.3333333333333335,140.0,140.0,"[0, 8, 4, 2, 1]",140,11267
hedgehog,slow,1,8,12,3.0,140.0,140.0,"[0, 8, 4, 2, 1]",140,11267
hedgehog,slow,1,16,4,1.5,140.0,140.0,"[0, 8, 4, 2, 1]",140,11267
hedgehog,slow,1,16,8,1.6666666666666667,140.0,140.0,"[0, 8, 4, 2, 1]",140,11267
hedgehog,slow,1,16,12,1.5,140.0,140.0,"[0, 8, 4, 2, 1]",140,11267
hedgehog,slow,2,4,4,6.0,70.0,70.0,"[0, 8, 4, 2, 1]",140,11267
hedgehog,slow,2,4,8,6.666666666666667,70.0,70.0,"[0, 8, 4, 2, 1]",140,11267
hedgehog,slow,2,4,12,6.0,70.0,70.0,"[0, 8, 4, 2, 1]",140,11267
hedgehog,slow,2,8,4,3.0,70.0,70.0,"[0, 8, 4, 2, 1]",140,11267
hedgehog,slow,2,8,8,3.3333333333333335,70.0,70.0,"[0, 8, 4, 2, 1]",140,11267
hedgehog,slow,2,8,12,3.0,70.0,70.0,"[0, 8, 4, 2, 1]",140,11267
hedgehog,slow,2,16,4,1.5,70.0,70.0,"[0, 8, 4, 2, 1]",140,11267
hedgehog,slow,2,16,8,1.6666666666666667,70.0,70.0,"[0, 8, 4, 2, 1]",140,11267
hedgehog,slow,2,16,12,1.5,70.0,70.0,"[0, 8, 4, 2, 1]",140,11267
hedgehog,slow,3,4,4,6.0,46.666666666666664,46.666666666666664,"[0, 8, 4, 2, 1]",140,11267
hedgehog,slow,3,4,8,6.666666666666667,46.666666666666664,46.666666666666664,"[0, 8, 4, 2, 1]",140,11267
hedgehog,slow,3,4,12,6.0,46.666666666666664,46.666666666666664,"[0, 8, 4, 2, 1]",140,11267
hedgehog,slow,3,8,4,3.0,46.666666666666664,46.666666666666664,"[0, 8, 4, 2, 1]",140,11267
hedgehog,slow,3,8,8,3.3333333333333335,46.666666666666664,46.666666666666664,"[0, 8, 4, 2, 1]",140,11267
hedgehog,slow,3,8,12,3.0,46.666666666666664,46.666666666666664,"[0, 8, 4, 2, 1]",140,11267
hedgehog,slow,3,16,4,1.5,46.666666666666664,46.666666666666664,"[0, 8, 4, 2, 1]",140,11267
hedgehog,slow,3,16,8,1.6666666666666667,46.666666666666664,46.666666666666664,"[0, 8, 4, 2, 1]",140,11267
hedgehog,slow,3,16,12,1.5,46.666666666666664,46.666666666666664,"[0, 8, 4, 2, 1]",140,11267
hedgehog,slow,6,4,4,6.0,23.333333333333332,23.333333333333332,"[0, 8, 4, 2, 1]",140,11267
hedgehog,slow,6,4,8,6.666666666666667,23.333333333333332,23.333333333333332,"[0, 8, 4, 2, 1]",140,11267
hedgehog,slow,6,4,12,6.0,23.333333333333332,23.333333333333332,"[0, 8, 4, 2, 1]",140,11267
hedgehog,slow,6,8,4,3.0,23.333333333333332,23.333333333333332,"[0, 8, 4, 2, 1]",140,11267
hedgehog,slow,6,8,8,3.3333333333333335,23.333333333333332,23.333333333333332,"[0, 8, 4, 2, 1]",140,11267
hedgehog,slow,6,8,12,3.0,23.333333333333332,23.333333333333332,"[0, 8, 4, 2, 1]",140,11267
hedgehog,slow,6,16,4,1.5,23.333333333333332,23.333333333333332,"[0, 8, 4, 2, 1]",140,11267
hedgehog,slow,6,16,8,1.6666666666666667,23.333333333333332,23.333333333333332,"[0, 8, 4, 2, 1]",140,11267
hedgehog,slow,6,16,12,1.5,23.333333333333332,23.333333333333332,"[0, 8, 4, 2, 1]",140,11267
deer,fast,1,4,4,8.666666666666666,54.0,54.0,"[0, 8, 4, 2, 1]",54,18184
deer,fast,1,4,8,9.333333333333334,54.0,54.0,"[0, 8, 4, 2, 1]",54,18184
deer,fast,1,4,12,10.0,54.0,54.0,"[0, 8, 4, 2, 1]",54,18184
deer,fast,1,8,4,4.333333333333333,54.0,54.0,"[0, 8, 4, 2, 1]",54,18184
deer,fast,1,8,8,4.666666666666667,54.0,54.0,"[0, 8, 4, 2, 1]",54,18184
deer,fast,1,8,12,5.0,54.0,54.0,"[0, 8, 4, 2, 1]",54,18184
deer,fast,1,16,4,2.1666666666666665,54.0,54.0,"[0, 8, 4, 2, 1]",54,18184
deer,fast,1,16,8,2.3333333333333335,54.0,54.0,"[0, 8, 4, 2, 1]",54,18184
deer,fast,1,16,12,2.5,54.0,54.0,"[0, 8, 4, 2, 1]",54,18184
deer,fast,2,4,4,8.666666666666666,27.0,27.0,"[0, 8, 4, 2, 1]",54,18184
deer,fast,2,4,8,9.333333333333334,27.0,27.0,"[0, 8, 4, 2, 1]",54,18184
deer,fast,2,4,12,10.0,27.0,27.0,"[0, 8, 4, 2, 1]",54,18184
deer,fast,2,8,4,4.333333333333333,27.0,27.0,"[0, 8, 4, 2, 1]",54,18184
deer,fast,2,8,8,4.666666666666667,27.0,27.0,"[0, 8, 4, 2, 1]",54,18184
deer,fast,2,8,12,5.0,27.0,27.0,"[0, 8, 4, 2, 1]",54,18184
deer,fast,2,16,4,2.1666666666666665,27.0,27.0,"[0, 8, 4, 2, 1]",54,18184
deer,fast,2,16,8,2.3333333333333335,27.0,27.0,"[0, 8, 4, 2, 1]",54,18184
deer,fast,2,16,12,2.5,27.0,27.0,"[0, 8, 4, 2, 1]",54,18184
deer,fast,3,4,4,8.666666666666666,18.0,18.0,"[0, 8, 4, 2, 1]",54,18184
deer,fast,3,4,8,9.333333333333334,18.0,18.0,"[0, 8, 4, 2, 1]",54,18184
deer,fast,3,4,12,10.0,18.0,18.0,"[0, 8, 4, 2, 1]",54,18184
deer,fast,3,8,4,4.333333333333333,18.0,18.0,"[0, 8, 4, 2, 1]",54,18184
deer,fast,3,8,8,4.666666666666667,18.0,18.0,"[0, 8, 4, 2, 1]",54,18184
deer,fast,3,8,12,5.0,18.0,18.0,"[0, 8, 4, 2, 1]",54,18184
deer,fast,3,16,4,2.1666666666666665,18.0,18.0,"[0, 8, 4, 2, 1]",54,18184
deer,fast,3,16,8,2.3333333333333335,18.0,18.0,"[0, 8, 4, 2, 1]",54,18184
deer,fast,3,16,12,2.5,18.0,18.0,"[0, 8, 4, 2, 1]",54,18184
deer,fast,6,4,4,8.666666666666666,9.0,9.0,"[0, 8, 4, 2, 1]",54,18184
deer,fast,6,4,8,9.333333333333334,9.0,9.333333333333334,"[0, 8, 4, 2, 1]",54,18184
deer,fast,6,4,12,10.0,9.0,10.0,"[0, 8, 4, 2, 1]",54,18184
deer,fast,6,8,4,4.333333333333333,9.0,9.0,"[0, 8, 4, 2, 1]",54,18184
deer,fast,6,8,8,4.666666666666667,9.0,9.0,"[0, 8, 4, 2, 1]",54,18184
deer,fast,6,8,12,5.0,9.0,9.0,"[0, 8, 4, 2, 1]",54,18184
deer,fast,6,16,4,2.1666666666666665,9.0,9.0,"[0, 8, 4, 2, 1]",54,18184
deer,fast,6,16,8,2.3333333333333335,9.0,9.0,"[0, 8, 4, 2, 1]",54,18184
deer,fast,6,16,12,2.5,9.0,9.0,"[0, 8, 4, 2, 1]",54,18184
deer,balanced,1,4,4,8.666666666666666,84.0,84.0,"[0, 8, 4, 2, 1]",84,18184
deer,balanced,1,4,8,9.333333333333334,84.0,84.0,"[0, 8, 4, 2, 1]",84,18184
deer,balanced,1,4,12,10.0,84.0,84.0,"[0, 8, 4, 2, 1]",84,18184
deer,balanced,1,8,4,4.333333333333333,84.0,84.0,"[0, 8, 4, 2, 1]",84,18184
deer,balanced,1,8,8,4.666666666666667,84.0,84.0,"[0, 8, 4, 2, 1]",84,18184
deer,balanced,1,8,12,5.0,84.0,84.0,"[0, 8, 4, 2, 1]",84,18184
deer,balanced,1,16,4,2.1666666666666665,84.0,84.0,"[0, 8, 4, 2, 1]",84,18184
deer,balanced,1,16,8,2.3333333333333335,84.0,84.0,"[0, 8, 4, 2, 1]",84,18184
deer,balanced,1,16,12,2.5,84.0,84.0,"[0, 8, 4, 2, 1]",84,18184
deer,balanced,2,4,4,8.666666666666666,42.0,42.0,"[0, 8, 4, 2, 1]",84,18184
deer,balanced,2,4,8,9.333333333333334,42.0,42.0,"[0, 8, 4, 2, 1]",84,18184
deer,balanced,2,4,12,10.0,42.0,42.0,"[0, 8, 4, 2, 1]",84,18184
deer,balanced,2,8,4,4.333333333333333,42.0,42.0,"[0, 8, 4, 2, 1]",84,18184
deer,balanced,2,8,8,4.666666666666667,42.0,42.0,"[0, 8, 4, 2, 1]",84,18184
deer,balanced,2,8,12,5.0,42.0,42.0,"[0, 8, 4, 2, 1]",84,18184
deer,balanced,2,16,4,2.1666666666666665,42.0,42.0,"[0, 8, 4, 2, 1]",84,18184
deer,balanced,2,16,8,2.3333333333333335,42.0,42.0,"[0, 8, 4, 2, 1]",84,18184
deer,balanced,2,16,12,2.5,42.0,42.0,"[0, 8, 4, 2, 1]",84,18184
deer,balanced,3,4,4,8.666666666666666,28.0,28.0,"[0, 8, 4, 2, 1]",84,18184
deer,balanced,3,4,8,9.333333333333334,28.0,28.0,"[0, 8, 4, 2, 1]",84,18184
deer,balanced,3,4,12,10.0,28.0,28.0,"[0, 8, 4, 2, 1]",84,18184
deer,balanced,3,8,4,4.333333333333333,28.0,28.0,"[0, 8, 4, 2, 1]",84,18184
deer,balanced,3,8,8,4.666666666666667,28.0,28.0,"[0, 8, 4, 2, 1]",84,18184
deer,balanced,3,8,12,5.0,28.0,28.0,"[0, 8, 4, 2, 1]",84,18184
deer,balanced,3,16,4,2.1666666666666665,28.0,28.0,"[0, 8, 4, 2, 1]",84,18184
deer,balanced,3,16,8,2.3333333333333335,28.0,28.0,"[0, 8, 4, 2, 1]",84,18184
deer,balanced,3,16,12,2.5,28.0,28.0,"[0, 8, 4, 2, 1]",84,18184
deer,balanced,6,4,4,8.666666666666666,14.0,14.0,"[0, 8, 4, 2, 1]",84,18184
deer,balanced,6,4,8,9.333333333333334,14.0,14.0,"[0, 8, 4, 2, 1]",84,18184
deer,balanced,6,4,12,10.0,14.0,14.0,"[0, 8, 4, 2, 1]",84,18184
deer,balanced,6,8,4,4.333333333333333,14.0,14.0,"[0, 8, 4, 2, 1]",84,18184
deer,balanced,6,8,8,4.666666666666667,14.0,14.0,"[0, 8, 4, 2, 1]",84,18184
deer,balanced,6,8,12,5.0,14.0,14.0,"[0, 8, 4, 2, 1]",84,18184
deer,balanced,6,16,4,2.1666666666666665,14.0,14.0,"[0, 8, 4, 2, 1]",84,18184
deer,balanced,6,16,8,2.3333333333333335,14.0,14.0,"[0, 8, 4, 2, 1]",84,18184
deer,balanced,6,16,12,2.5,14.0,14.0,"[0, 8, 4, 2, 1]",84,18184
deer,slow,1,4,4,8.666666666666666,140.0,140.0,"[0, 8, 4, 2, 1]",140,18184
deer,slow,1,4,8,9.333333333333334,140.0,140.0,"[0, 8, 4, 2, 1]",140,18184
deer,slow,1,4,12,10.0,140.0,140.0,"[0, 8, 4, 2, 1]",140,18184
deer,slow,1,8,4,4.333333333333333,140.0,140.0,"[0, 8, 4, 2, 1]",140,18184
deer,slow,1,8,8,4.666666666666667,140.0,140.0,"[0, 8, 4, 2, 1]",140,18184
deer,slow,1,8,12,5.0,140.0,140.0,"[0, 8, 4, 2, 1]",140,18184
deer,slow,1,16,4,2.1666666666666665,140.0,140.0,"[0, 8, 4, 2, 1]",140,18184
deer,slow,1,16,8,2.3333333333333335,140.0,140.0,"[0, 8, 4, 2, 1]",140,18184
deer,slow,1,16,12,2.5,140.0,140.0,"[0, 8, 4, 2, 1]",140,18184
deer,slow,2,4,4,8.666666666666666,70.0,70.0,"[0, 8, 4, 2, 1]",140,18184
deer,slow,2,4,8,9.333333333333334,70.0,70.0,"[0, 8, 4, 2, 1]",140,18184
deer,slow,2,4,12,10.0,70.0,70.0,"[0, 8, 4, 2, 1]",140,18184
deer,slow,2,8,4,4.333333333333333,70.0,70.0,"[0, 8, 4, 2, 1]",140,18184
deer,slow,2,8,8,4.666666666666667,70.0,70.0,"[0, 8, 4, 2, 1]",140,18184
deer,slow,2,8,12,5.0,70.0,70.0,"[0, 8, 4, 2, 1]",140,18184
deer,slow,2,16,4,2.1666666666666665,70.0,70.0,"[0, 8, 4, 2, 1]",140,18184
deer,slow,2,16,8,2.3333333333333335,70.0,70.0,"[0, 8, 4, 2, 1]",140,18184
deer,slow,2,16,12,2.5,70.0,70.0,"[0, 8, 4, 2, 1]",140,18184
deer,slow,3,4,4,8.666666666666666,46.666666666666664,46.666666666666664,"[0, 8, 4, 2, 1]",140,18184
deer,slow,3,4,8,9.333333333333334,46.666666666666664,46.666666666666664,"[0, 8, 4, 2, 1]",140,18184
deer,slow,3,4,12,10.0,46.666666666666664,46.666666666666664,"[0, 8, 4, 2, 1]",140,18184
deer,slow,3,8,4,4.333333333333333,46.666666666666664,46.666666666666664,"[0, 8, 4, 2, 1]",140,18184
deer,slow,3,8,8,4.666666666666667,46.666666666666664,46.666666666666664,"[0, 8, 4, 2, 1]",140,18184
deer,slow,3,8,12,5.0,46.666666666666664,46.666666666666664,"[0, 8, 4, 2, 1]",140,18184
deer,slow,3,16,4,2.1666666666666665,46.666666666666664,46.666666666666664,"[0, 8, 4, 2, 1]",140,18184
deer,slow,3,16,8,2.3333333333333335,46.666666666666664,46.666666666666664,"[0, 8, 4, 2, 1]",140,18184
deer,slow,3,16,12,2.5,46.666666666666664,46.666666666666664,"[0, 8, 4, 2, 1]",140,18184
deer,slow,6,4,4,8.666666666666666,23.333333333333332,23.333333333333332,"[0, 8, 4, 2, 1]",140,18184
deer,slow,6,4,8,9.333333333333334,23.333333333333332,23.333333333333332,"[0, 8, 4, 2, 1]",140,18184
deer,slow,6,4,12,10.0,23.333333333333332,23.333333333333332,"[0, 8, 4, 2, 1]",140,18184
deer,slow,6,8,4,4.333333333333333,23.333333333333332,23.333333333333332,"[0, 8, 4, 2, 1]",140,18184
deer,slow,6,8,8,4.666666666666667,23.333333333333332,23.333333333333332,"[0, 8, 4, 2, 1]",140,18184
deer,slow,6,8,12,5.0,23.333333333333332,23.333333333333332,"[0, 8, 4, 2, 1]",140,18184
deer,slow,6,16,4,2.1666666666666665,23.333333333333332,23.333333333333332,"[0, 8, 4, 2, 1]",140,18184
deer,slow,6,16,8,2.3333333333333335,23.333333333333332,23.333333333333332,"[0, 8, 4, 2, 1]",140,18184
deer,slow,6,16,12,2.5,23.333333333333332,23.333333333333332,"[0, 8, 4, 2, 1]",140,18184
owl,fast,1,4,4,8.666666666666666,54.0,54.0,"[0, 8, 4, 2, 1]",54,18184
owl,fast,1,4,8,9.333333333333334,54.0,54.0,"[0, 8, 4, 2, 1]",54,18184
owl,fast,1,4,12,10.0,54.0,54.0,"[0, 8, 4, 2, 1]",54,18184
owl,fast,1,8,4,4.333333333333333,54.0,54.0,"[0, 8, 4, 2, 1]",54,18184
owl,fast,1,8,8,4.666666666666667,54.0,54.0,"[0, 8, 4, 2, 1]",54,18184
owl,fast,1,8,12,5.0,54.0,54.0,"[0, 8, 4, 2, 1]",54,18184
owl,fast,1,16,4,2.1666666666666665,54.0,54.0,"[0, 8, 4, 2, 1]",54,18184
owl,fast,1,16,8,2.3333333333333335,54.0,54.0,"[0, 8, 4, 2, 1]",54,18184
owl,fast,1,16,12,2.5,54.0,54.0,"[0, 8, 4, 2, 1]",54,18184
owl,fast,2,4,4,8.666666666666666,27.0,27.0,"[0, 8, 4, 2, 1]",54,18184
owl,fast,2,4,8,9.333333333333334,27.0,27.0,"[0, 8, 4, 2, 1]",54,18184
owl,fast,2,4,12,10.0,27.0,27.0,"[0, 8, 4, 2, 1]",54,18184
owl,fast,2,8,4,4.333333333333333,27.0,27.0,"[0, 8, 4, 2, 1]",54,18184
owl,fast,2,8,8,4.666666666666667,27.0,27.0,"[0, 8, 4, 2, 1]",54,18184
owl,fast,2,8,12,5.0,27.0,27.0,"[0, 8, 4, 2, 1]",54,18184
owl,fast,2,16,4,2.1666666666666665,27.0,27.0,"[0, 8, 4, 2, 1]",54,18184
owl,fast,2,16,8,2.3333333333333335,27.0,27.0,"[0, 8, 4, 2, 1]",54,18184
owl,fast,2,16,12,2.5,27.0,27.0,"[0, 8, 4, 2, 1]",54,18184
owl,fast,3,4,4,8.666666666666666,18.0,18.0,"[0, 8, 4, 2, 1]",54,18184
owl,fast,3,4,8,9.333333333333334,18.0,18.0,"[0, 8, 4, 2, 1]",54,18184
owl,fast,3,4,12,10.0,18.0,18.0,"[0, 8, 4, 2, 1]",54,18184
owl,fast,3,8,4,4.333333333333333,18.0,18.0,"[0, 8, 4, 2, 1]",54,18184
owl,fast,3,8,8,4.666666666666667,18.0,18.0,"[0, 8, 4, 2, 1]",54,18184
owl,fast,3,8,12,5.0,18.0,18.0,"[0, 8, 4, 2, 1]",54,18184
owl,fast,3,16,4,2.1666666666666665,18.0,18.0,"[0, 8, 4, 2, 1]",54,18184
owl,fast,3,16,8,2.3333333333333335,18.0,18.0,"[0, 8, 4, 2, 1]",54,18184
owl,fast,3,16,12,2.5,18.0,18.0,"[0, 8, 4, 2, 1]",54,18184
owl,fast,6,4,4,8.666666666666666,9.0,9.0,"[0, 8, 4, 2, 1]",54,18184
owl,fast,6,4,8,9.333333333333334,9.0,9.333333333333334,"[0, 8, 4, 2, 1]",54,18184
owl,fast,6,4,12,10.0,9.0,10.0,"[0, 8, 4, 2, 1]",54,18184
owl,fast,6,8,4,4.333333333333333,9.0,9.0,"[0, 8, 4, 2, 1]",54,18184
owl,fast,6,8,8,4.666666666666667,9.0,9.0,"[0, 8, 4, 2, 1]",54,18184
owl,fast,6,8,12,5.0,9.0,9.0,"[0, 8, 4, 2, 1]",54,18184
owl,fast,6,16,4,2.1666666666666665,9.0,9.0,"[0, 8, 4, 2, 1]",54,18184
owl,fast,6,16,8,2.3333333333333335,9.0,9.0,"[0, 8, 4, 2, 1]",54,18184
owl,fast,6,16,12,2.5,9.0,9.0,"[0, 8, 4, 2, 1]",54,18184
owl,balanced,1,4,4,8.666666666666666,84.0,84.0,"[0, 8, 4, 2, 1]",84,18184
owl,balanced,1,4,8,9.333333333333334,84.0,84.0,"[0, 8, 4, 2, 1]",84,18184
owl,balanced,1,4,12,10.0,84.0,84.0,"[0, 8, 4, 2, 1]",84,18184
owl,balanced,1,8,4,4.333333333333333,84.0,84.0,"[0, 8, 4, 2, 1]",84,18184
owl,balanced,1,8,8,4.666666666666667,84.0,84.0,"[0, 8, 4, 2, 1]",84,18184
owl,balanced,1,8,12,5.0,84.0,84.0,"[0, 8, 4, 2, 1]",84,18184
owl,balanced,1,16,4,2.1666666666666665,84.0,84.0,"[0, 8, 4, 2, 1]",84,18184
owl,balanced,1,16,8,2.3333333333333335,84.0,84.0,"[0, 8, 4, 2, 1]",84,18184
owl,balanced,1,16,12,2.5,84.0,84.0,"[0, 8, 4, 2, 1]",84,18184
owl,balanced,2,4,4,8.666666666666666,42.0,42.0,"[0, 8, 4, 2, 1]",84,18184
owl,balanced,2,4,8,9.333333333333334,42.0,42.0,"[0, 8, 4, 2, 1]",84,18184
owl,balanced,2,4,12,10.0,42.0,42.0,"[0, 8, 4, 2, 1]",84,18184
owl,balanced,2,8,4,4.333333333333333,42.0,42.0,"[0, 8, 4, 2, 1]",84,18184
owl,balanced,2,8,8,4.666666666666667,42.0,42.0,"[0, 8, 4, 2, 1]",84,18184
owl,balanced,2,8,12,5.0,42.0,42.0,"[0, 8, 4, 2, 1]",84,18184
owl,balanced,2,16,4,2.1666666666666665,42.0,42.0,"[0, 8, 4, 2, 1]",84,18184
owl,balanced,2,16,8,2.3333333333333335,42.0,42.0,"[0, 8, 4, 2, 1]",84,18184
owl,balanced,2,16,12,2.5,42.0,42.0,"[0, 8, 4, 2, 1]",84,18184
owl,balanced,3,4,4,8.666666666666666,28.0,28.0,"[0, 8, 4, 2, 1]",84,18184
owl,balanced,3,4,8,9.333333333333334,28.0,28.0,"[0, 8, 4, 2, 1]",84,18184
owl,balanced,3,4,12,10.0,28.0,28.0,"[0, 8, 4, 2, 1]",84,18184
owl,balanced,3,8,4,4.333333333333333,28.0,28.0,"[0, 8, 4, 2, 1]",84,18184
owl,balanced,3,8,8,4.666666666666667,28.0,28.0,"[0, 8, 4, 2, 1]",84,18184
owl,balanced,3,8,12,5.0,28.0,28.0,"[0, 8, 4, 2, 1]",84,18184
owl,balanced,3,16,4,2.1666666666666665,28.0,28.0,"[0, 8, 4, 2, 1]",84,18184
owl,balanced,3,16,8,2.3333333333333335,28.0,28.0,"[0, 8, 4, 2, 1]",84,18184
owl,balanced,3,16,12,2.5,28.0,28.0,"[0, 8, 4, 2, 1]",84,18184
owl,balanced,6,4,4,8.666666666666666,14.0,14.0,"[0, 8, 4, 2, 1]",84,18184
owl,balanced,6,4,8,9.333333333333334,14.0,14.0,"[0, 8, 4, 2, 1]",84,18184
owl,balanced,6,4,12,10.0,14.0,14.0,"[0, 8, 4, 2, 1]",84,18184
owl,balanced,6,8,4,4.333333333333333,14.0,14.0,"[0, 8, 4, 2, 1]",84,18184
owl,balanced,6,8,8,4.666666666666667,14.0,14.0,"[0, 8, 4, 2, 1]",84,18184
owl,balanced,6,8,12,5.0,14.0,14.0,"[0, 8, 4, 2, 1]",84,18184
owl,balanced,6,16,4,2.1666666666666665,14.0,14.0,"[0, 8, 4, 2, 1]",84,18184
owl,balanced,6,16,8,2.3333333333333335,14.0,14.0,"[0, 8, 4, 2, 1]",84,18184
owl,balanced,6,16,12,2.5,14.0,14.0,"[0, 8, 4, 2, 1]",84,18184
owl,slow,1,4,4,8.666666666666666,140.0,140.0,"[0, 8, 4, 2, 1]",140,18184
owl,slow,1,4,8,9.333333333333334,140.0,140.0,"[0, 8, 4, 2, 1]",140,18184
owl,slow,1,4,12,10.0,140.0,140.0,"[0, 8, 4, 2, 1]",140,18184
owl,slow,1,8,4,4.333333333333333,140.0,140.0,"[0, 8, 4, 2, 1]",140,18184
owl,slow,1,8,8,4.666666666666667,140.0,140.0,"[0, 8, 4, 2, 1]",140,18184
owl,slow,1,8,12,5.0,140.0,140.0,"[0, 8, 4, 2, 1]",140,18184
owl,slow,1,16,4,2.1666666666666665,140.0,140.0,"[0, 8, 4, 2, 1]",140,18184
owl,slow,1,16,8,2.3333333333333335,140.0,140.0,"[0, 8, 4, 2, 1]",140,18184
owl,slow,1,16,12,2.5,140.0,140.0,"[0, 8, 4, 2, 1]",140,18184
owl,slow,2,4,4,8.666666666666666,70.0,70.0,"[0, 8, 4, 2, 1]",140,18184
owl,slow,2,4,8,9.333333333333334,70.0,70.0,"[0, 8, 4, 2, 1]",140,18184
owl,slow,2,4,12,10.0,70.0,70.0,"[0, 8, 4, 2, 1]",140,18184
owl,slow,2,8,4,4.333333333333333,70.0,70.0,"[0, 8, 4, 2, 1]",140,18184
owl,slow,2,8,8,4.666666666666667,70.0,70.0,"[0, 8, 4, 2, 1]",140,18184
owl,slow,2,8,12,5.0,70.0,70.0,"[0, 8, 4, 2, 1]",140,18184
owl,slow,2,16,4,2.1666666666666665,70.0,70.0,"[0, 8, 4, 2, 1]",140,18184
owl,slow,2,16,8,2.3333333333333335,70.0,70.0,"[0, 8, 4, 2, 1]",140,18184
owl,slow,2,16,12,2.5,70.0,70.0,"[0, 8, 4, 2, 1]",140,18184
owl,slow,3,4,4,8.666666666666666,46.666666666666664,46.666666666666664,"[0, 8, 4, 2, 1]",140,18184
owl,slow,3,4,8,9.333333333333334,46.666666666666664,46.666666666666664,"[0, 8, 4, 2, 1]",140,18184
owl,slow,3,4,12,10.0,46.666666666666664,46.666666666666664,"[0, 8, 4, 2, 1]",140,18184
owl,slow,3,8,4,4.333333333333333,46.666666666666664,46.666666666666664,"[0, 8, 4, 2, 1]",140,18184
owl,slow,3,8,8,4.666666666666667,46.666666666666664,46.666666666666664,"[0, 8, 4, 2, 1]",140,18184
owl,slow,3,8,12,5.0,46.666666666666664,46.666666666666664,"[0, 8, 4, 2, 1]",140,18184
owl,slow,3,16,4,2.1666666666666665,46.666666666666664,46.666666666666664,"[0, 8, 4, 2, 1]",140,18184
owl,slow,3,16,8,2.3333333333333335,46.666666666666664,46.666666666666664,"[0, 8, 4, 2, 1]",140,18184
owl,slow,3,16,12,2.5,46.666666666666664,46.666666666666664,"[0, 8, 4, 2, 1]",140,18184
owl,slow,6,4,4,8.666666666666666,23.333333333333332,23.333333333333332,"[0, 8, 4, 2, 1]",140,18184
owl,slow,6,4,8,9.333333333333334,23.333333333333332,23.333333333333332,"[0, 8, 4, 2, 1]",140,18184
owl,slow,6,4,12,10.0,23.333333333333332,23.333333333333332,"[0, 8, 4, 2, 1]",140,18184
owl,slow,6,8,4,4.333333333333333,23.333333333333332,23.333333333333332,"[0, 8, 4, 2, 1]",140,18184
owl,slow,6,8,8,4.666666666666667,23.333333333333332,23.333333333333332,"[0, 8, 4, 2, 1]",140,18184
owl,slow,6,8,12,5.0,23.333333333333332,23.333333333333332,"[0, 8, 4, 2, 1]",140,18184
owl,slow,6,16,4,2.1666666666666665,23.333333333333332,23.333333333333332,"[0, 8, 4, 2, 1]",140,18184
owl,slow,6,16,8,2.3333333333333335,23.333333333333332,23.333333333333332,"[0, 8, 4, 2, 1]",140,18184
owl,slow,6,16,12,2.5,23.333333333333332,23.333333333333332,"[0, 8, 4, 2, 1]",140,18184
penguin,fast,1,4,4,12.0,54.0,54.0,"[0, 8, 4, 2, 1]",54,27392
penguin,fast,1,4,8,12.0,54.0,54.0,"[0, 8, 4, 2, 1]",54,27392
penguin,fast,1,4,12,12.0,54.0,54.0,"[0, 8, 4, 2, 1]",54,27392
penguin,fast,1,8,4,6.0,54.0,54.0,"[0, 8, 4, 2, 1]",54,27392
penguin,fast,1,8,8,6.0,54.0,54.0,"[0, 8, 4, 2, 1]",54,27392
penguin,fast,1,8,12,6.0,54.0,54.0,"[0, 8, 4, 2, 1]",54,27392
penguin,fast,1,16,4,3.0,54.0,54.0,"[0, 8, 4, 2, 1]",54,27392
penguin,fast,1,16,8,3.0,54.0,54.0,"[0, 8, 4, 2, 1]",54,27392
penguin,fast,1,16,12,3.0,54.0,54.0,"[0, 8, 4, 2, 1]",54,27392
penguin,fast,2,4,4,12.0,27.0,27.0,"[0, 8, 4, 2, 1]",54,27392
penguin,fast,2,4,8,12.0,27.0,27.0,"[0, 8, 4, 2, 1]",54,27392
penguin,fast,2,4,12,12.0,27.0,27.0,"[0, 8, 4, 2, 1]",54,27392
penguin,fast,2,8,4,6.0,27.0,27.0,"[0, 8, 4, 2, 1]",54,27392
penguin,fast,2,8,8,6.0,27.0,27.0,"[0, 8, 4, 2, 1]",54,27392
penguin,fast,2,8,12,6.0,27.0,27.0,"[0, 8, 4, 2, 1]",54,27392
penguin,fast,2,16,4,3.0,27.0,27.0,"[0, 8, 4, 2, 1]",54,27392
penguin,fast,2,16,8,3.0,27.0,27.0,"[0, 8, 4, 2, 1]",54,27392
penguin,fast,2,16,12,3.0,27.0,27.0,"[0, 8, 4, 2, 1]",54,27392
penguin,fast,3,4,4,12.0,18.0,18.0,"[0, 8, 4, 2, 1]",54,27392
penguin,fast,3,4,8,12.0,18.0,18.0,"[0, 8, 4, 2, 1]",54,27392
penguin,fast,3,4,12,12.0,18.0,18.0,"[0, 8, 4, 2, 1]",54,27392
penguin,fast,3,8,4,6.0,18.0,18.0,"[0, 8, 4, 2, 1]",54,27392
penguin,fast,3,8,8,6.0,18.0,18.0,"[0, 8, 4, 2, 1]",54,27392
penguin,fast,3,8,12,6.0,18.0,18.0,"[0, 8, 4, 2, 1]",54,27392
penguin,fast,3,16,4,3.0,18.0,18.0,"[0, 8, 4, 2, 1]",54,27392
penguin,fast,3,16,8,3.0,18.0,18.0,"[0, 8, 4, 2, 1]",54,27392
penguin,fast,3,16,12,3.0,18.0,18.0,"[0, 8, 4, 2, 1]",54,27392
penguin,fast,6,4,4,12.0,9.0,12.0,"[0, 8, 4, 2, 1]",54,27392
penguin,fast,6,4,8,12.0,9.0,12.0,"[0, 8, 4, 2, 1]",54,27392
penguin,fast,6,4,12,12.0,9.0,12.0,"[0, 8, 4, 2, 1]",54,27392
penguin,fast,6,8,4,6.0,9.0,9.0,"[0, 8, 4, 2, 1]",54,27392
penguin,fast,6,8,8,6.0,9.0,9.0,"[0, 8, 4, 2, 1]",54,27392
penguin,fast,6,8,12,6.0,9.0,9.0,"[0, 8, 4, 2, 1]",54,27392
penguin,fast,6,16,4,3.0,9.0,9.0,"[0, 8, 4, 2, 1]",54,27392
penguin,fast,6,16,8,3.0,9.0,9.0,"[0, 8, 4, 2, 1]",54,27392
penguin,fast,6,16,12,3.0,9.0,9.0,"[0, 8, 4, 2, 1]",54,27392
penguin,balanced,1,4,4,12.0,84.0,84.0,"[0, 8, 4, 2, 1]",84,27392
penguin,balanced,1,4,8,12.0,84.0,84.0,"[0, 8, 4, 2, 1]",84,27392
penguin,balanced,1,4,12,12.0,84.0,84.0,"[0, 8, 4, 2, 1]",84,27392
penguin,balanced,1,8,4,6.0,84.0,84.0,"[0, 8, 4, 2, 1]",84,27392
penguin,balanced,1,8,8,6.0,84.0,84.0,"[0, 8, 4, 2, 1]",84,27392
penguin,balanced,1,8,12,6.0,84.0,84.0,"[0, 8, 4, 2, 1]",84,27392
penguin,balanced,1,16,4,3.0,84.0,84.0,"[0, 8, 4, 2, 1]",84,27392
penguin,balanced,1,16,8,3.0,84.0,84.0,"[0, 8, 4, 2, 1]",84,27392
penguin,balanced,1,16,12,3.0,84.0,84.0,"[0, 8, 4, 2, 1]",84,27392
penguin,balanced,2,4,4,12.0,42.0,42.0,"[0, 8, 4, 2, 1]",84,27392
penguin,balanced,2,4,8,12.0,42.0,42.0,"[0, 8, 4, 2, 1]",84,27392
penguin,balanced,2,4,12,12.0,42.0,42.0,"[0, 8, 4, 2, 1]",84,27392
penguin,balanced,2,8,4,6.0,42.0,42.0,"[0, 8, 4, 2, 1]",84,27392
penguin,balanced,2,8,8,6.0,42.0,42.0,"[0, 8, 4, 2, 1]",84,27392
penguin,balanced,2,8,12,6.0,42.0,42.0,"[0, 8, 4, 2, 1]",84,27392
penguin,balanced,2,16,4,3.0,42.0,42.0,"[0, 8, 4, 2, 1]",84,27392
penguin,balanced,2,16,8,3.0,42.0,42.0,"[0, 8, 4, 2, 1]",84,27392
penguin,balanced,2,16,12,3.0,42.0,42.0,"[0, 8, 4, 2, 1]",84,27392
penguin,balanced,3,4,4,12.0,28.0,28.0,"[0, 8, 4, 2, 1]",84,27392
penguin,balanced,3,4,8,12.0,28.0,28.0,"[0, 8, 4, 2, 1]",84,27392
penguin,balanced,3,4,12,12.0,28.0,28.0,"[0, 8, 4, 2, 1]",84,27392
penguin,balanced,3,8,4,6.0,28.0,28.0,"[0, 8, 4, 2, 1]",84,27392
penguin,balanced,3,8,8,6.0,28.0,28.0,"[0, 8, 4, 2, 1]",84,27392
penguin,balanced,3,8,12,6.0,28.0,28.0,"[0, 8, 4, 2, 1]",84,27392
penguin,balanced,3,16,4,3.0,28.0,28.0,"[0, 8, 4, 2, 1]",84,27392
penguin,balanced,3,16,8,3.0,28.0,28.0,"[0, 8, 4, 2, 1]",84,27392
penguin,balanced,3,16,12,3.0,28.0,28.0,"[0, 8, 4, 2, 1]",84,27392
penguin,balanced,6,4,4,12.0,14.0,14.0,"[0, 8, 4, 2, 1]",84,27392
penguin,balanced,6,4,8,12.0,14.0,14.0,"[0, 8, 4, 2, 1]",84,27392
penguin,balanced,6,4,12,12.0,14.0,14.0,"[0, 8, 4, 2, 1]",84,27392
penguin,balanced,6,8,4,6.0,14.0,14.0,"[0, 8, 4, 2, 1]",84,27392
penguin,balanced,6,8,8,6.0,14.0,14.0,"[0, 8, 4, 2, 1]",84,27392
penguin,balanced,6,8,12,6.0,14.0,14.0,"[0, 8, 4, 2, 1]",84,27392
penguin,balanced,6,16,4,3.0,14.0,14.0,"[0, 8, 4, 2, 1]",84,27392
penguin,balanced,6,16,8,3.0,14.0,14.0,"[0, 8, 4, 2, 1]",84,27392
penguin,balanced,6,16,12,3.0,14.0,14.0,"[0, 8, 4, 2, 1]",84,27392
penguin,slow,1,4,4,12.0,140.0,140.0,"[0, 8, 4, 2, 1]",140,27392
penguin,slow,1,4,8,12.0,140.0,140.0,"[0, 8, 4, 2, 1]",140,27392
penguin,slow,1,4,12,12.0,140.0,140.0,"[0, 8, 4, 2, 1]",140,27392
penguin,slow,1,8,4,6.0,140.0,140.0,"[0, 8, 4, 2, 1]",140,27392
penguin,slow,1,8,8,6.0,140.0,140.0,"[0, 8, 4, 2, 1]",140,27392
penguin,slow,1,8,12,6.0,140.0,140.0,"[0, 8, 4, 2, 1]",140,27392
penguin,slow,1,16,4,3.0,140.0,140.0,"[0, 8, 4, 2, 1]",140,27392
penguin,slow,1,16,8,3.0,140.0,140.0,"[0, 8, 4, 2, 1]",140,27392
penguin,slow,1,16,12,3.0,140.0,140.0,"[0, 8, 4, 2, 1]",140,27392
penguin,slow,2,4,4,12.0,70.0,70.0,"[0, 8, 4, 2, 1]",140,27392
penguin,slow,2,4,8,12.0,70.0,70.0,"[0, 8, 4, 2, 1]",140,27392
penguin,slow,2,4,12,12.0,70.0,70.0,"[0, 8, 4, 2, 1]",140,27392
penguin,slow,2,8,4,6.0,70.0,70.0,"[0, 8, 4, 2, 1]",140,27392
penguin,slow,2,8,8,6.0,70.0,70.0,"[0, 8, 4, 2, 1]",140,27392
penguin,slow,2,8,12,6.0,70.0,70.0,"[0, 8, 4, 2, 1]",140,27392
penguin,slow,2,16,4,3.0,70.0,70.0,"[0, 8, 4, 2, 1]",140,27392
penguin,slow,2,16,8,3.0,70.0,70.0,"[0, 8, 4, 2, 1]",140,27392
penguin,slow,2,16,12,3.0,70.0,70.0,"[0, 8, 4, 2, 1]",140,27392
penguin,slow,3,4,4,12.0,46.666666666666664,46.666666666666664,"[0, 8, 4, 2, 1]",140,27392
penguin,slow,3,4,8,12.0,46.666666666666664,46.666666666666664,"[0, 8, 4, 2, 1]",140,27392
penguin,slow,3,4,12,12.0,46.666666666666664,46.666666666666664,"[0, 8, 4, 2, 1]",140,27392
penguin,slow,3,8,4,6.0,46.666666666666664,46.666666666666664,"[0, 8, 4, 2, 1]",140,27392
penguin,slow,3,8,8,6.0,46.666666666666664,46.666666666666664,"[0, 8, 4, 2, 1]",140,27392
penguin,slow,3,8,12,6.0,46.666666666666664,46.666666666666664,"[0, 8, 4, 2, 1]",140,27392
penguin,slow,3,16,4,3.0,46.666666666666664,46.666666666666664,"[0, 8, 4, 2, 1]",140,27392
penguin,slow,3,16,8,3.0,46.666666666666664,46.666666666666664,"[0, 8, 4, 2, 1]",140,27392
penguin,slow,3,16,12,3.0,46.666666666666664,46.666666666666664,"[0, 8, 4, 2, 1]",140,27392
penguin,slow,6,4,4,12.0,23.333333333333332,23.333333333333332,"[0, 8, 4, 2, 1]",140,27392
penguin,slow,6,4,8,12.0,23.333333333333332,23.333333333333332,"[0, 8, 4, 2, 1]",140,27392
penguin,slow,6,4,12,12.0,23.333333333333332,23.333333333333332,"[0, 8, 4, 2, 1]",140,27392
penguin,slow,6,8,4,6.0,23.333333333333332,23.333333333333332,"[0, 8, 4, 2, 1]",140,27392
penguin,slow,6,8,8,6.0,23.333333333333332,23.333333333333332,"[0, 8, 4, 2, 1]",140,27392
penguin,slow,6,8,12,6.0,23.333333333333332,23.333333333333332,"[0, 8, 4, 2, 1]",140,27392
penguin,slow,6,16,4,3.0,23.333333333333332,23.333333333333332,"[0, 8, 4, 2, 1]",140,27392
penguin,slow,6,16,8,3.0,23.333333333333332,23.333333333333332,"[0, 8, 4, 2, 1]",140,27392
penguin,slow,6,16,12,3.0,23.333333333333332,23.333333333333332,"[0, 8, 4, 2, 1]",140,27392
snake,fast,1,4,4,9.333333333333334,54.0,54.0,"[0, 8, 4, 2, 1]",54,21344
snake,fast,1,4,8,9.333333333333334,54.0,54.0,"[0, 8, 4, 2, 1]",54,21344
snake,fast,1,4,12,10.0,54.0,54.0,"[0, 8, 4, 2, 1]",54,21344
snake,fast,1,8,4,4.666666666666667,54.0,54.0,"[0, 8, 4, 2, 1]",54,21344
snake,fast,1,8,8,4.666666666666667,54.0,54.0,"[0, 8, 4, 2, 1]",54,21344
snake,fast,1,8,12,5.0,54.0,54.0,"[0, 8, 4, 2, 1]",54,21344
snake,fast,1,16,4,2.3333333333333335,54.0,54.0,"[0, 8, 4, 2, 1]",54,21344
snake,fast,1,16,8,2.3333333333333335,54.0,54.0,"[0, 8, 4, 2, 1]",54,21344
snake,fast,1,16,12,2.5,54.0,54.0,"[0, 8, 4, 2, 1]",54,21344
snake,fast,2,4,4,9.333333333333334,27.0,27.0,"[0, 8, 4, 2, 1]",54,21344
snake,fast,2,4,8,9.333333333333334,27.0,27.0,"[0, 8, 4, 2, 1]",54,21344
snake,fast,2,4,12,10.0,27.0,27.0,"[0, 8, 4, 2, 1]",54,21344
snake,fast,2,8,4,4.666666666666667,27.0,27.0,"[0, 8, 4, 2, 1]",54,21344
snake,fast,2,8,8,4.666666666666667,27.0,27.0,"[0, 8, 4, 2, 1]",54,21344
snake,fast,2,8,12,5.0,27.0,27.0,"[0, 8, 4, 2, 1]",54,21344
snake,fast,2,16,4,2.3333333333333335,27.0,27.0,"[0, 8, 4, 2, 1]",54,21344
snake,fast,2,16,8,2.3333333333333335,27.0,27.0,"[0, 8, 4, 2, 1]",54,21344
snake,fast,2,16,12,2.5,27.0,27.0,"[0, 8, 4, 2, 1]",54,21344
snake,fast,3,4,4,9.333333333333334,18.0,18.0,"[0, 8, 4, 2, 1]",54,21344
snake,fast,3,4,8,9.333333333333334,18.0,18.0,"[0, 8, 4, 2, 1]",54,21344
snake,fast,3,4,12,10.0,18.0,18.0,"[0, 8, 4, 2, 1]",54,21344
snake,fast,3,8,4,4.666666666666667,18.0,18.0,"[0, 8, 4, 2, 1]",54,21344
snake,fast,3,8,8,4.666666666666667,18.0,18.0,"[0, 8, 4, 2, 1]",54,21344
snake,fast,3,8,12,5.0,18.0,18.0,"[0, 8, 4, 2, 1]",54,21344
snake,fast,3,16,4,2.3333333333333335,18.0,18.0,"[0, 8, 4, 2, 1]",54,21344
snake,fast,3,16,8,2.3333333333333335,18.0,18.0,"[0, 8, 4, 2, 1]",54,21344
snake,fast,3,16,12,2.5,18.0,18.0,"[0, 8, 4, 2, 1]",54,21344
snake,fast,6,4,4,9.333333333333334,9.0,9.333333333333334,"[0, 8, 4, 2, 1]",54,21344
snake,fast,6,4,8,9.333333333333334,9.0,9.333333333333334,"[0, 8, 4, 2, 1]",54,21344
snake,fast,6,4,12,10.0,9.0,10.0,"[0, 8, 4, 2, 1]",54,21344
snake,fast,6,8,4,4.666666666666667,9.0,9.0,"[0, 8, 4, 2, 1]",54,21344
snake,fast,6,8,8,4.666666666666667,9.0,9.0,"[0, 8, 4, 2, 1]",54,21344
snake,fast,6,8,12,5.0,9.0,9.0,"[0, 8, 4, 2, 1]",54,21344
snake,fast,6,16,4,2.3333333333333335,9.0,9.0,"[0, 8, 4, 2, 1]",54,21344
snake,fast,6,16,8,2.3333333333333335,9.0,9.0,"[0, 8, 4, 2, 1]",54,21344
snake,fast,6,16,12,2.5,9.0,9.0,"[0, 8, 4, 2, 1]",54,21344
snake,balanced,1,4,4,9.333333333333334,84.0,84.0,"[0, 8, 4, 2, 1]",84,21344
snake,balanced,1,4,8,9.333333333333334,84.0,84.0,"[0, 8, 4, 2, 1]",84,21344
snake,balanced,1,4,12,10.0,84.0,84.0,"[0, 8, 4, 2, 1]",84,21344
snake,balanced,1,8,4,4.666666666666667,84.0,84.0,"[0, 8, 4, 2, 1]",84,21344
snake,balanced,1,8,8,4.666666666666667,84.0,84.0,"[0, 8, 4, 2, 1]",84,21344
snake,balanced,1,8,12,5.0,84.0,84.0,"[0, 8, 4, 2, 1]",84,21344
snake,balanced,1,16,4,2.3333333333333335,84.0,84.0,"[0, 8, 4, 2, 1]",84,21344
snake,balanced,1,16,8,2.3333333333333335,84.0,84.0,"[0, 8, 4, 2, 1]",84,21344
snake,balanced,1,16,12,2.5,84.0,84.0,"[0, 8, 4, 2, 1]",84,21344
snake,balanced,2,4,4,9.333333333333334,42.0,42.0,"[0, 8, 4, 2, 1]",84,21344
snake,balanced,2,4,8,9.333333333333334,42.0,42.0,"[0, 8, 4, 2, 1]",84,21344
snake,balanced,2,4,12,10.0,42.0,42.0,"[0, 8, 4, 2, 1]",84,21344
snake,balanced,2,8,4,4.666666666666667,42.0,42.0,"[0, 8, 4, 2, 1]",84,21344
snake,balanced,2,8,8,4.666666666666667,42.0,42.0,"[0, 8, 4, 2, 1]",84,21344
snake,balanced,2,8,12,5.0,42.0,42.0,"[0, 8, 4, 2, 1]",84,21344
snake,balanced,2,16,4,2.3333333333333335,42.0,42.0,"[0, 8, 4, 2, 1]",84,21344
snake,balanced,2,16,8,2.3333333333333335,42.0,42.0,"[0, 8, 4, 2, 1]",84,21344
snake,balanced,2,16,12,2.5,42.0,42.0,"[0, 8, 4, 2, 1]",84,21344
snake,balanced,3,4,4,9.333333333333334,28.0,28.0,"[0, 8, 4, 2, 1]",84,21344
snake,balanced,3,4,8,9.333333333333334,28.0,28.0,"[0, 8, 4, 2, 1]",84,21344
snake,balanced,3,4,12,10.0,28.0,28.0,"[0, 8, 4, 2, 1]",84,21344
snake,balanced,3,8,4,4.666666666666667,28.0,28.0,"[0, 8, 4, 2, 1]",84,21344
snake,balanced,3,8,8,4.666666666666667,28.0,28.0,"[0, 8, 4, 2, 1]",84,21344
snake,balanced,3,8,12,5.0,28.0,28.0,"[0, 8, 4, 2, 1]",84,21344
snake,balanced,3,16,4,2.3333333333333335,28.0,28.0,"[0, 8, 4, 2, 1]",84,21344
snake,balanced,3,16,8,2.3333333333333335,28.0,28.0,"[0, 8, 4, 2, 1]",84,21344
snake,balanced,3,16,12,2.5,28.0,28.0,"[0, 8, 4, 2, 1]",84,21344
snake,balanced,6,4,4,9.333333333333334,14.0,14.0,"[0, 8, 4, 2, 1]",84,21344
snake,balanced,6,4,8,9.333333333333334,14.0,14.0,"[0, 8, 4, 2, 1]",84,21344
snake,balanced,6,4,12,10.0,14.0,14.0,"[0, 8, 4, 2, 1]",84,21344
snake,balanced,6,8,4,4.666666666666667,14.0,14.0,"[0, 8, 4, 2, 1]",84,21344
snake,balanced,6,8,8,4.666666666666667,14.0,14.0,"[0, 8, 4, 2, 1]",84,21344
snake,balanced,6,8,12,5.0,14.0,14.0,"[0, 8, 4, 2, 1]",84,21344
snake,balanced,6,16,4,2.3333333333333335,14.0,14.0,"[0, 8, 4, 2, 1]",84,21344
snake,balanced,6,16,8,2.3333333333333335,14.0,14.0,"[0, 8, 4, 2, 1]",84,21344
snake,balanced,6,16,12,2.5,14.0,14.0,"[0, 8, 4, 2, 1]",84,21344
snake,slow,1,4,4,9.333333333333334,140.0,140.0,"[0, 8, 4, 2, 1]",140,21344
snake,slow,1,4,8,9.333333333333334,140.0,140.0,"[0, 8, 4, 2, 1]",140,21344
snake,slow,1,4,12,10.0,140.0,140.0,"[0, 8, 4, 2, 1]",140,21344
snake,slow,1,8,4,4.666666666666667,140.0,140.0,"[0, 8, 4, 2, 1]",140,21344
snake,slow,1,8,8,4.666666666666667,140.0,140.0,"[0, 8, 4, 2, 1]",140,21344
snake,slow,1,8,12,5.0,140.0,140.0,"[0, 8, 4, 2, 1]",140,21344
snake,slow,1,16,4,2.3333333333333335,140.0,140.0,"[0, 8, 4, 2, 1]",140,21344
snake,slow,1,16,8,2.3333333333333335,140.0,140.0,"[0, 8, 4, 2, 1]",140,21344
snake,slow,1,16,12,2.5,140.0,140.0,"[0, 8, 4, 2, 1]",140,21344
snake,slow,2,4,4,9.333333333333334,70.0,70.0,"[0, 8, 4, 2, 1]",140,21344
snake,slow,2,4,8,9.333333333333334,70.0,70.0,"[0, 8, 4, 2, 1]",140,21344
snake,slow,2,4,12,10.0,70.0,70.0,"[0, 8, 4, 2, 1]",140,21344
snake,slow,2,8,4,4.666666666666667,70.0,70.0,"[0, 8, 4, 2, 1]",140,21344
snake,slow,2,8,8,4.666666666666667,70.0,70.0,"[0, 8, 4, 2, 1]",140,21344
snake,slow,2,8,12,5.0,70.0,70.0,"[0, 8, 4, 2, 1]",140,21344
snake,slow,2,16,4,2.3333333333333335,70.0,70.0,"[0, 8, 4, 2, 1]",140,21344
snake,slow,2,16,8,2.3333333333333335,70.0,70.0,"[0, 8, 4, 2, 1]",140,21344
snake,slow,2,16,12,2.5,70.0,70.0,"[0, 8, 4, 2, 1]",140,21344
snake,slow,3,4,4,9.333333333333334,46.666666666666664,46.666666666666664,"[0, 8, 4, 2, 1]",140,21344
snake,slow,3,4,8,9.333333333333334,46.666666666666664,46.666666666666664,"[0, 8, 4, 2, 1]",140,21344
snake,slow,3,4,12,10.0,46.666666666666664,46.666666666666664,"[0, 8, 4, 2, 1]",140,21344
snake,slow,3,8,4,4.666666666666667,46.666666666666664,46.666666666666664,"[0, 8, 4, 2, 1]",140,21344
snake,slow,3,8,8,4.666666666666667,46.666666666666664,46.666666666666664,"[0, 8, 4, 2, 1]",140,21344
snake,slow,3,8,12,5.0,46.666666666666664,46.666666666666664,"[0, 8, 4, 2, 1]",140,21344
snake,slow,3,16,4,2.3333333333333335,46.666666666666664,46.666666666666664,"[0, 8, 4, 2, 1]",140,21344
snake,slow,3,16,8,2.3333333333333335,46.666666666666664,46.666666666666664,"[0, 8, 4, 2, 1]",140,21344
snake,slow,3,16,12,2.5,46.666666666666664,46.666666666666664,"[0, 8, 4, 2, 1]",140,21344
snake,slow,6,4,4,9.333333333333334,23.333333333333332,23.333333333333332,"[0, 8, 4, 2, 1]",140,21344
snake,slow,6,4,8,9.333333333333334,23.333333333333332,23.333333333333332,"[0, 8, 4, 2, 1]",140,21344
snake,slow,6,4,12,10.0,23.333333333333332,23.333333333333332,"[0, 8, 4, 2, 1]",140,21344
snake,slow,6,8,4,4.666666666666667,23.333333333333332,23.333333333333332,"[0, 8, 4, 2, 1]",140,21344
snake,slow,6,8,8,4.666666666666667,23.333333333333332,23.333333333333332,"[0, 8, 4, 2, 1]",140,21344
snake,slow,6,8,12,5.0,23.333333333333332,23.333333333333332,"[0, 8, 4, 2, 1]",140,21344
snake,slow,6,16,4,2.3333333333333335,23.333333333333332,23.333333333333332,"[0, 8, 4, 2, 1]",140,21344
snake,slow,6,16,8,2.3333333333333335,23.333333333333332,23.333333333333332,"[0, 8, 4, 2, 1]",140,21344
snake,slow,6,16,12,2.5,23.333333333333332,23.333333333333332,"[0, 8, 4, 2, 1]",140,21344
buffalo,fast,1,4,4,13.333333333333334,54.0,54.0,"[0, 8, 4, 2, 1]",54,32864
buffalo,fast,1,4,8,13.333333333333334,54.0,54.0,"[0, 8, 4, 2, 1]",54,32864
buffalo,fast,1,4,12,14.0,54.0,54.0,"[0, 8, 4, 2, 1]",54,32864
buffalo,fast,1,8,4,6.666666666666667,54.0,54.0,"[0, 8, 4, 2, 1]",54,32864
buffalo,fast,1,8,8,6.666666666666667,54.0,54.0,"[0, 8, 4, 2, 1]",54,32864
buffalo,fast,1,8,12,7.0,54.0,54.0,"[0, 8, 4, 2, 1]",54,32864
buffalo,fast,1,16,4,3.3333333333333335,54.0,54.0,"[0, 8, 4, 2, 1]",54,32864
buffalo,fast,1,16,8,3.3333333333333335,54.0,54.0,"[0, 8, 4, 2, 1]",54,32864
buffalo,fast,1,16,12,3.5,54.0,54.0,"[0, 8, 4, 2, 1]",54,32864
buffalo,fast,2,4,4,13.333333333333334,27.0,27.0,"[0, 8, 4, 2, 1]",54,32864
buffalo,fast,2,4,8,13.333333333333334,27.0,27.0,"[0, 8, 4, 2, 1]",54,32864
buffalo,fast,2,4,12,14.0,27.0,27.0,"[0, 8, 4, 2, 1]",54,32864
buffalo,fast,2,8,4,6.666666666666667,27.0,27.0,"[0, 8, 4, 2, 1]",54,32864
buffalo,fast,2,8,8,6.666666666666667,27.0,27.0,"[0, 8, 4, 2, 1]",54,32864
buffalo,fast,2,8,12,7.0,27.0,27.0,"[0, 8, 4, 2, 1]",54,32864
buffalo,fast,2,16,4,3.3333333333333335,27.0,27.0,"[0, 8, 4, 2, 1]",54,32864
buffalo,fast,2,16,8,3.3333333333333335,27.0,27.0,"[0, 8, 4, 2, 1]",54,32864
buffalo,fast,2,16,12,3.5,27.0,27.0,"[0, 8, 4, 2, 1]",54,32864
buffalo,fast,3,4,4,13.333333333333334,18.0,18.0,"[0, 8, 4, 2, 1]",54,32864
buffalo,fast,3,4,8,13.333333333333334,18.0,18.0,"[0, 8, 4, 2, 1]",54,32864
buffalo,fast,3,4,12,14.0,18.0,18.0,"[0, 8, 4, 2, 1]",54,32864
buffalo,fast,3,8,4,6.666666666666667,18.0,18.0,"[0, 8, 4, 2, 1]",54,32864
buffalo,fast,3,8,8,6.666666666666667,18.0,18.0,"[0, 8, 4, 2, 1]",54,32864
buffalo,fast,3,8,12,7.0,18.0,18.0,"[0, 8, 4, 2, 1]",54,32864
buffalo,fast,3,16,4,3.3333333333333335,18.0,18.0,"[0, 8, 4, 2, 1]",54,32864
buffalo,fast,3,16,8,3.3333333333333335,18.0,18.0,"[0, 8, 4, 2, 1]",54,32864
buffalo,fast,3,16,12,3.5,18.0,18.0,"[0, 8, 4, 2, 1]",54,32864
buffalo,fast,6,4,4,13.333333333333334,9.0,13.333333333333334,"[0, 8, 4, 2, 1]",54,32864
buffalo,fast,6,4,8,13.333333333333334,9.0,13.333333333333334,"[0, 8, 4, 2, 1]",54,32864
buffalo,fast,6,4,12,14.0,9.0,14.0,"[0, 8, 4, 2, 1]",54,32864
buffalo,fast,6,8,4,6.666666666666667,9.0,9.0,"[0, 8, 4, 2, 1]",54,32864
buffalo,fast,6,8,8,6.666666666666667,9.0,9.0,"[0, 8, 4, 2, 1]",54,32864
buffalo,fast,6,8,12,7.0,9.0,9.0,"[0, 8, 4, 2, 1]",54,32864
buffalo,fast,6,16,4,3.3333333333333335,9.0,9.0,"[0, 8, 4, 2, 1]",54,32864
buffalo,fast,6,16,8,3.3333333333333335,9.0,9.0,"[0, 8, 4, 2, 1]",54,32864
buffalo,fast,6,16,12,3.5,9.0,9.0,"[0, 8, 4, 2, 1]",54,32864
buffalo,balanced,1,4,4,13.333333333333334,84.0,84.0,"[0, 8, 4, 2, 1]",84,32864
buffalo,balanced,1,4,8,13.333333333333334,84.0,84.0,"[0, 8, 4, 2, 1]",84,32864
buffalo,balanced,1,4,12,14.0,84.0,84.0,"[0, 8, 4, 2, 1]",84,32864
buffalo,balanced,1,8,4,6.666666666666667,84.0,84.0,"[0, 8, 4, 2, 1]",84,32864
buffalo,balanced,1,8,8,6.666666666666667,84.0,84.0,"[0, 8, 4, 2, 1]",84,32864
buffalo,balanced,1,8,12,7.0,84.0,84.0,"[0, 8, 4, 2, 1]",84,32864
buffalo,balanced,1,16,4,3.3333333333333335,84.0,84.0,"[0, 8, 4, 2, 1]",84,32864
buffalo,balanced,1,16,8,3.3333333333333335,84.0,84.0,"[0, 8, 4, 2, 1]",84,32864
buffalo,balanced,1,16,12,3.5,84.0,84.0,"[0, 8, 4, 2, 1]",84,32864
buffalo,balanced,2,4,4,13.333333333333334,42.0,42.0,"[0, 8, 4, 2, 1]",84,32864
buffalo,balanced,2,4,8,13.333333333333334,42.0,42.0,"[0, 8, 4, 2, 1]",84,32864
buffalo,balanced,2,4,12,14.0,42.0,42.0,"[0, 8, 4, 2, 1]",84,32864
buffalo,balanced,2,8,4,6.666666666666667,42.0,42.0,"[0, 8, 4, 2, 1]",84,32864
buffalo,balanced,2,8,8,6.666666666666667,42.0,42.0,"[0, 8, 4, 2, 1]",84,32864
buffalo,balanced,2,8,12,7.0,42.0,42.0,"[0, 8, 4, 2, 1]",84,32864
buffalo,balanced,2,16,4,3.3333333333333335,42.0,42.0,"[0, 8, 4, 2, 1]",84,32864
buffalo,balanced,2,16,8,3.3333333333333335,42.0,42.0,"[0, 8, 4, 2, 1]",84,32864
buffalo,balanced,2,16,12,3.5,42.0,42.0,"[0, 8, 4, 2, 1]",84,32864
buffalo,balanced,3,4,4,13.333333333333334,28.0,28.0,"[0, 8, 4, 2, 1]",84,32864
buffalo,balanced,3,4,8,13.333333333333334,28.0,28.0,"[0, 8, 4, 2, 1]",84,32864
buffalo,balanced,3,4,12,14.0,28.0,28.0,"[0, 8, 4, 2, 1]",84,32864
buffalo,balanced,3,8,4,6.666666666666667,28.0,28.0,"[0, 8, 4, 2, 1]",84,32864
buffalo,balanced,3,8,8,6.666666666666667,28.0,28.0,"[0, 8, 4, 2, 1]",84,32864
buffalo,balanced,3,8,12,7.0,28.0,28.0,"[0, 8, 4, 2, 1]",84,32864
buffalo,balanced,3,16,4,3.3333333333333335,28.0,28.0,"[0, 8, 4, 2, 1]",84,32864
buffalo,balanced,3,16,8,3.3333333333333335,28.0,28.0,"[0, 8, 4, 2, 1]",84,32864
buffalo,balanced,3,16,12,3.5,28.0,28.0,"[0, 8, 4, 2, 1]",84,32864
buffalo,balanced,6,4,4,13.333333333333334,14.0,14.0,"[0, 8, 4, 2, 1]",84,32864
buffalo,balanced,6,4,8,13.333333333333334,14.0,14.0,"[0, 8, 4, 2, 1]",84,32864
buffalo,balanced,6,4,12,14.0,14.0,14.0,"[0, 8, 4, 2, 1]",84,32864
buffalo,balanced,6,8,4,6.666666666666667,14.0,14.0,"[0, 8, 4, 2, 1]",84,32864
buffalo,balanced,6,8,8,6.666666666666667,14.0,14.0,"[0, 8, 4, 2, 1]",84,32864
buffalo,balanced,6,8,12,7.0,14.0,14.0,"[0, 8, 4, 2, 1]",84,32864
buffalo,balanced,6,16,4,3.3333333333333335,14.0,14.0,"[0, 8, 4, 2, 1]",84,32864
buffalo,balanced,6,16,8,3.3333333333333335,14.0,14.0,"[0, 8, 4, 2, 1]",84,32864
buffalo,balanced,6,16,12,3.5,14.0,14.0,"[0, 8, 4, 2, 1]",84,32864
buffalo,slow,1,4,4,13.333333333333334,140.0,140.0,"[0, 8, 4, 2, 1]",140,32864
buffalo,slow,1,4,8,13.333333333333334,140.0,140.0,"[0, 8, 4, 2, 1]",140,32864
buffalo,slow,1,4,12,14.0,140.0,140.0,"[0, 8, 4, 2, 1]",140,32864
buffalo,slow,1,8,4,6.666666666666667,140.0,140.0,"[0, 8, 4, 2, 1]",140,32864
buffalo,slow,1,8,8,6.666666666666667,140.0,140.0,"[0, 8, 4, 2, 1]",140,32864
buffalo,slow,1,8,12,7.0,140.0,140.0,"[0, 8, 4, 2, 1]",140,32864
buffalo,slow,1,16,4,3.3333333333333335,140.0,140.0,"[0, 8, 4, 2, 1]",140,32864
buffalo,slow,1,16,8,3.3333333333333335,140.0,140.0,"[0, 8, 4, 2, 1]",140,32864
buffalo,slow,1,16,12,3.5,140.0,140.0,"[0, 8, 4, 2, 1]",140,32864
buffalo,slow,2,4,4,13.333333333333334,70.0,70.0,"[0, 8, 4, 2, 1]",140,32864
buffalo,slow,2,4,8,13.333333333333334,70.0,70.0,"[0, 8, 4, 2, 1]",140,32864
buffalo,slow,2,4,12,14.0,70.0,70.0,"[0, 8, 4, 2, 1]",140,32864
buffalo,slow,2,8,4,6.666666666666667,70.0,70.0,"[0, 8, 4, 2, 1]",140,32864
buffalo,slow,2,8,8,6.666666666666667,70.0,70.0,"[0, 8, 4, 2, 1]",140,32864
buffalo,slow,2,8,12,7.0,70.0,70.0,"[0, 8, 4, 2, 1]",140,32864
buffalo,slow,2,16,4,3.3333333333333335,70.0,70.0,"[0, 8, 4, 2, 1]",140,32864
buffalo,slow,2,16,8,3.3333333333333335,70.0,70.0,"[0, 8, 4, 2, 1]",140,32864
buffalo,slow,2,16,12,3.5,70.0,70.0,"[0, 8, 4, 2, 1]",140,32864
buffalo,slow,3,4,4,13.333333333333334,46.666666666666664,46.666666666666664,"[0, 8, 4, 2, 1]",140,32864
buffalo,slow,3,4,8,13.333333333333334,46.666666666666664,46.666666666666664,"[0, 8, 4, 2, 1]",140,32864
buffalo,slow,3,4,12,14.0,46.666666666666664,46.666666666666664,"[0, 8, 4, 2, 1]",140,32864
buffalo,slow,3,8,4,6.666666666666667,46.666666666666664,46.666666666666664,"[0, 8, 4, 2, 1]",140,32864
buffalo,slow,3,8,8,6.666666666666667,46.666666666666664,46.666666666666664,"[0, 8, 4, 2, 1]",140,32864
buffalo,slow,3,8,12,7.0,46.666666666666664,46.666666666666664,"[0, 8, 4, 2, 1]",140,32864
buffalo,slow,3,16,4,3.3333333333333335,46.666666666666664,46.666666666666664,"[0, 8, 4, 2, 1]",140,32864
buffalo,slow,3,16,8,3.3333333333333335,46.666666666666664,46.666666666666664,"[0, 8, 4, 2, 1]",140,32864
buffalo,slow,3,16,12,3.5,46.666666666666664,46.666666666666664,"[0, 8, 4, 2, 1]",140,32864
buffalo,slow,6,4,4,13.333333333333334,23.333333333333332,23.333333333333332,"[0, 8, 4, 2, 1]",140,32864
buffalo,slow,6,4,8,13.333333333333334,23.333333333333332,23.333333333333332,"[0, 8, 4, 2, 1]",140,32864
buffalo,slow,6,4,12,14.0,23.333333333333332,23.333333333333332,"[0, 8, 4, 2, 1]",140,32864
buffalo,slow,6,8,4,6.666666666666667,23.333333333333332,23.333333333333332,"[0, 8, 4, 2, 1]",140,32864
buffalo,slow,6,8,8,6.666666666666667,23.333333333333332,23.333333333333332,"[0, 8, 4, 2, 1]",140,32864
buffalo,slow,6,8,12,7.0,23.333333333333332,23.333333333333332,"[0, 8, 4, 2, 1]",140,32864
buffalo,slow,6,16,4,3.3333333333333335,23.333333333333332,23.333333333333332,"[0, 8, 4, 2, 1]",140,32864
buffalo,slow,6,16,8,3.3333333333333335,23.333333333333332,23.333333333333332,"[0, 8, 4, 2, 1]",140,32864
buffalo,slow,6,16,12,3.5,23.333333333333332,23.333333333333332,"[0, 8, 4, 2, 1]",140,32864
moose,fast,1,4,4,13.333333333333334,54.0,54.0,"[0, 8, 4, 2, 1]",54,32848
moose,fast,1,4,8,13.333333333333334,54.0,54.0,"[0, 8, 4, 2, 1]",54,32848
moose,fast,1,4,12,14.0,54.0,54.0,"[0, 8, 4, 2, 1]",54,32848
moose,fast,1,8,4,6.666666666666667,54.0,54.0,"[0, 8, 4, 2, 1]",54,32848
moose,fast,1,8,8,6.666666666666667,54.0,54.0,"[0, 8, 4, 2, 1]",54,32848
moose,fast,1,8,12,7.0,54.0,54.0,"[0, 8, 4, 2, 1]",54,32848
moose,fast,1,16,4,3.3333333333333335,54.0,54.0,"[0, 8, 4, 2, 1]",54,32848
moose,fast,1,16,8,3.3333333333333335,54.0,54.0,"[0, 8, 4, 2, 1]",54,32848
moose,fast,1,16,12,3.5,54.0,54.0,"[0, 8, 4, 2, 1]",54,32848
moose,fast,2,4,4,13.333333333333334,27.0,27.0,"[0, 8, 4, 2, 1]",54,32848
moose,fast,2,4,8,13.333333333333334,27.0,27.0,"[0, 8, 4, 2, 1]",54,32848
moose,fast,2,4,12,14.0,27.0,27.0,"[0, 8, 4, 2, 1]",54,32848
moose,fast,2,8,4,6.666666666666667,27.0,27.0,"[0, 8, 4, 2, 1]",54,32848
moose,fast,2,8,8,6.666666666666667,27.0,27.0,"[0, 8, 4, 2, 1]",54,32848
moose,fast,2,8,12,7.0,27.0,27.0,"[0, 8, 4, 2, 1]",54,32848
moose,fast,2,16,4,3.3333333333333335,27.0,27.0,"[0, 8, 4, 2, 1]",54,32848
moose,fast,2,16,8,3.3333333333333335,27.0,27.0,"[0, 8, 4, 2, 1]",54,32848
moose,fast,2,16,12,3.5,27.0,27.0,"[0, 8, 4, 2, 1]",54,32848
moose,fast,3,4,4,13.333333333333334,18.0,18.0,"[0, 8, 4, 2, 1]",54,32848
moose,fast,3,4,8,13.333333333333334,18.0,18.0,"[0, 8, 4, 2, 1]",54,32848
moose,fast,3,4,12,14.0,18.0,18.0,"[0, 8, 4, 2, 1]",54,32848
moose,fast,3,8,4,6.666666666666667,18.0,18.0,"[0, 8, 4, 2, 1]",54,32848
moose,fast,3,8,8,6.666666666666667,18.0,18.0,"[0, 8, 4, 2, 1]",54,32848
moose,fast,3,8,12,7.0,18.0,18.0,"[0, 8, 4, 2, 1]",54,32848
moose,fast,3,16,4,3.3333333333333335,18.0,18.0,"[0, 8, 4, 2, 1]",54,32848
moose,fast,3,16,8,3.3333333333333335,18.0,18.0,"[0, 8, 4, 2, 1]",54,32848
moose,fast,3,16,12,3.5,18.0,18.0,"[0, 8, 4, 2, 1]",54,32848
moose,fast,6,4,4,13.333333333333334,9.0,13.333333333333334,"[0, 8, 4, 2, 1]",54,32848
moose,fast,6,4,8,13.333333333333334,9.0,13.333333333333334,"[0, 8, 4, 2, 1]",54,32848
moose,fast,6,4,12,14.0,9.0,14.0,"[0, 8, 4, 2, 1]",54,32848
moose,fast,6,8,4,6.666666666666667,9.0,9.0,"[0, 8, 4, 2, 1]",54,32848
moose,fast,6,8,8,6.666666666666667,9.0,9.0,"[0, 8, 4, 2, 1]",54,32848
moose,fast,6,8,12,7.0,9.0,9.0,"[0, 8, 4, 2, 1]",54,32848
moose,fast,6,16,4,3.3333333333333335,9.0,9.0,"[0, 8, 4, 2, 1]",54,32848
moose,fast,6,16,8,3.3333333333333335,9.0,9.0,"[0, 8, 4, 2, 1]",54,32848
moose,fast,6,16,12,3.5,9.0,9.0,"[0, 8, 4, 2, 1]",54,32848
moose,balanced,1,4,4,13.333333333333334,84.0,84.0,"[0, 8, 4, 2, 1]",84,32848
moose,balanced,1,4,8,13.333333333333334,84.0,84.0,"[0, 8, 4, 2, 1]",84,32848
moose,balanced,1,4,12,14.0,84.0,84.0,"[0, 8, 4, 2, 1]",84,32848
moose,balanced,1,8,4,6.666666666666667,84.0,84.0,"[0, 8, 4, 2, 1]",84,32848
moose,balanced,1,8,8,6.666666666666667,84.0,84.0,"[0, 8, 4, 2, 1]",84,32848
moose,balanced,1,8,12,7.0,84.0,84.0,"[0, 8, 4, 2, 1]",84,32848
moose,balanced,1,16,4,3.3333333333333335,84.0,84.0,"[0, 8, 4, 2, 1]",84,32848
moose,balanced,1,16,8,3.3333333333333335,84.0,84.0,"[0, 8, 4, 2, 1]",84,32848
moose,balanced,1,16,12,3.5,84.0,84.0,"[0, 8, 4, 2, 1]",84,32848
moose,balanced,2,4,4,13.333333333333334,42.0,42.0,"[0, 8, 4, 2, 1]",84,32848
moose,balanced,2,4,8,13.333333333333334,42.0,42.0,"[0, 8, 4, 2, 1]",84,32848
moose,balanced,2,4,12,14.0,42.0,42.0,"[0, 8, 4, 2, 1]",84,32848
moose,balanced,2,8,4,6.666666666666667,42.0,42.0,"[0, 8, 4, 2, 1]",84,32848
moose,balanced,2,8,8,6.666666666666667,42.0,42.0,"[0, 8, 4, 2, 1]",84,32848
moose,balanced,2,8,12,7.0,42.0,42.0,"[0, 8, 4, 2, 1]",84,32848
moose,balanced,2,16,4,3.3333333333333335,42.0,42.0,"[0, 8, 4, 2, 1]",84,32848
moose,balanced,2,16,8,3.3333333333333335,42.0,42.0,"[0, 8, 4, 2, 1]",84,32848
moose,balanced,2,16,12,3.5,42.0,42.0,"[0, 8, 4, 2, 1]",84,32848
moose,balanced,3,4,4,13.333333333333334,28.0,28.0,"[0, 8, 4, 2, 1]",84,32848
moose,balanced,3,4,8,13.333333333333334,28.0,28.0,"[0, 8, 4, 2, 1]",84,32848
moose,balanced,3,4,12,14.0,28.0,28.0,"[0, 8, 4, 2, 1]",84,32848
moose,balanced,3,8,4,6.666666666666667,28.0,28.0,"[0, 8, 4, 2, 1]",84,32848
moose,balanced,3,8,8,6.666666666666667,28.0,28.0,"[0, 8, 4, 2, 1]",84,32848
moose,balanced,3,8,12,7.0,28.0,28.0,"[0, 8, 4, 2, 1]",84,32848
moose,balanced,3,16,4,3.3333333333333335,28.0,28.0,"[0, 8, 4, 2, 1]",84,32848
moose,balanced,3,16,8,3.3333333333333335,28.0,28.0,"[0, 8, 4, 2, 1]",84,32848
moose,balanced,3,16,12,3.5,28.0,28.0,"[0, 8, 4, 2, 1]",84,32848
moose,balanced,6,4,4,13.333333333333334,14.0,14.0,"[0, 8, 4, 2, 1]",84,32848
moose,balanced,6,4,8,13.333333333333334,14.0,14.0,"[0, 8, 4, 2, 1]",84,32848
moose,balanced,6,4,12,14.0,14.0,14.0,"[0, 8, 4, 2, 1]",84,32848
moose,balanced,6,8,4,6.666666666666667,14.0,14.0,"[0, 8, 4, 2, 1]",84,32848
moose,balanced,6,8,8,6.666666666666667,14.0,14.0,"[0, 8, 4, 2, 1]",84,32848
moose,balanced,6,8,12,7.0,14.0,14.0,"[0, 8, 4, 2, 1]",84,32848
moose,balanced,6,16,4,3.3333333333333335,14.0,14.0,"[0, 8, 4, 2, 1]",84,32848
moose,balanced,6,16,8,3.3333333333333335,14.0,14.0,"[0, 8, 4, 2, 1]",84,32848
moose,balanced,6,16,12,3.5,14.0,14.0,"[0, 8, 4, 2, 1]",84,32848
moose,slow,1,4,4,13.333333333333334,140.0,140.0,"[0, 8, 4, 2, 1]",140,32848
moose,slow,1,4,8,13.333333333333334,140.0,140.0,"[0, 8, 4, 2, 1]",140,32848
moose,slow,1,4,12,14.0,140.0,140.0,"[0, 8, 4, 2, 1]",140,32848
moose,slow,1,8,4,6.666666666666667,140.0,140.0,"[0, 8, 4, 2, 1]",140,32848
moose,slow,1,8,8,6.666666666666667,140.0,140.0,"[0, 8, 4, 2, 1]",140,32848
moose,slow,1,8,12,7.0,140.0,140.0,"[0, 8, 4, 2, 1]",140,32848
moose,slow,1,16,4,3.3333333333333335,140.0,140.0,"[0, 8, 4, 2, 1]",140,32848
moose,slow,1,16,8,3.3333333333333335,140.0,140.0,"[0, 8, 4, 2, 1]",140,32848
moose,slow,1,16,12,3.5,140.0,140.0,"[0, 8, 4, 2, 1]",140,32848
moose,slow,2,4,4,13.333333333333334,70.0,70.0,"[0, 8, 4, 2, 1]",140,32848
moose,slow,2,4,8,13.333333333333334,70.0,70.0,"[0, 8, 4, 2, 1]",140,32848
moose,slow,2,4,12,14.0,70.0,70.0,"[0, 8, 4, 2, 1]",140,32848
moose,slow,2,8,4,6.666666666666667,70.0,70.0,"[0, 8, 4, 2, 1]",140,32848
moose,slow,2,8,8,6.666666666666667,70.0,70.0,"[0, 8, 4, 2, 1]",140,32848
moose,slow,2,8,12,7.0,70.0,70.0,"[0, 8, 4, 2, 1]",140,32848
moose,slow,2,16,4,3.3333333333333335,70.0,70.0,"[0, 8, 4, 2, 1]",140,32848
moose,slow,2,16,8,3.3333333333333335,70.0,70.0,"[0, 8, 4, 2, 1]",140,32848
moose,slow,2,16,12,3.5,70.0,70.0,"[0, 8, 4, 2, 1]",140,32848
moose,slow,3,4,4,13.333333333333334,46.666666666666664,46.666666666666664,"[0, 8, 4, 2, 1]",140,32848
moose,slow,3,4,8,13.333333333333334,46.666666666666664,46.666666666666664,"[0, 8, 4, 2, 1]",140,32848
moose,slow,3,4,12,14.0,46.666666666666664,46.666666666666664,"[0, 8, 4, 2, 1]",140,32848
moose,slow,3,8,4,6.666666666666667,46.666666666666664,46.666666666666664,"[0, 8, 4, 2, 1]",140,32848
moose,slow,3,8,8,6.666666666666667,46.666666666666664,46.666666666666664,"[0, 8, 4, 2, 1]",140,32848
moose,slow,3,8,12,7.0,46.666666666666664,46.666666666666664,"[0, 8, 4, 2, 1]",140,32848
moose,slow,3,16,4,3.3333333333333335,46.666666666666664,46.666666666666664,"[0, 8, 4, 2, 1]",140,32848
moose,slow,3,16,8,3.3333333333333335,46.666666666666664,46.666666666666664,"[0, 8, 4, 2, 1]",140,32848
moose,slow,3,16,12,3.5,46.666666666666664,46.666666666666664,"[0, 8, 4, 2, 1]",140,32848
moose,slow,6,4,4,13.333333333333334,23.333333333333332,23.333333333333332,"[0, 8, 4, 2, 1]",140,32848
moose,slow,6,4,8,13.333333333333334,23.333333333333332,23.333333333333332,"[0, 8, 4, 2, 1]",140,32848
moose,slow,6,4,12,14.0,23.333333333333332,23.333333333333332,"[0, 8, 4, 2, 1]",140,32848
moose,slow,6,8,4,6.666666666666667,23.333333333333332,23.333333333333332,"[0, 8, 4, 2, 1]",140,32848
moose,slow,6,8,8,6.666666666666667,23.333333333333332,23.333333333333332,"[0, 8, 4, 2, 1]",140,32848
moose,slow,6,8,12,7.0,23.333333333333332,23.333333333333332,"[0, 8, 4, 2, 1]",140,32848
moose,slow,6,16,4,3.3333333333333335,23.333333333333332,23.333333333333332,"[0, 8, 4, 2, 1]",140,32848
moose,slow,6,16,8,3.3333333333333335,23.333333333333332,23.333333333333332,"[0, 8, 4, 2, 1]",140,32848
moose,slow,6,16,12,3.5,23.333333333333332,23.333333333333332,"[0, 8, 4, 2, 1]",140,32848
zebra,fast,1,4,4,14.0,54.0,54.0,"[0, 8, 4, 2, 1]",54,37076
zebra,fast,1,4,8,14.666666666666666,54.0,54.0,"[0, 8, 4, 2, 1]",54,37076
zebra,fast,1,4,12,14.0,54.0,54.0,"[0, 8, 4, 2, 1]",54,37076
zebra,fast,1,8,4,7.0,54.0,54.0,"[0, 8, 4, 2, 1]",54,37076
zebra,fast,1,8,8,7.333333333333333,54.0,54.0,"[0, 8, 4, 2, 1]",54,37076
zebra,fast,1,8,12,7.0,54.0,54.0,"[0, 8, 4, 2, 1]",54,37076
zebra,fast,1,16,4,3.5,54.0,54.0,"[0, 8, 4, 2, 1]",54,37076
zebra,fast,1,16,8,3.6666666666666665,54.0,54.0,"[0, 8, 4, 2, 1]",54,37076
zebra,fast,1,16,12,3.5,54.0,54.0,"[0, 8, 4, 2, 1]",54,37076
zebra,fast,2,4,4,14.0,27.0,27.0,"[0, 8, 4, 2, 1]",54,37076
zebra,fast,2,4,8,14.666666666666666,27.0,27.0,"[0, 8, 4, 2, 1]",54,37076
zebra,fast,2,4,12,14.0,27.0,27.0,"[0, 8, 4, 2, 1]",54,37076
zebra,fast,2,8,4,7.0,27.0,27.0,"[0, 8, 4, 2, 1]",54,37076
zebra,fast,2,8,8,7.333333333333333,27.0,27.0,"[0, 8, 4, 2, 1]",54,37076
zebra,fast,2,8,12,7.0,27.0,27.0,"[0, 8, 4, 2, 1]",54,37076
zebra,fast,2,16,4,3.5,27.0,27.0,"[0, 8, 4, 2, 1]",54,37076
zebra,fast,2,16,8,3.6666666666666665,27.0,27.0,"[0, 8, 4, 2, 1]",54,37076
zebra,fast,2,16,12,3.5,27.0,27.0,"[0, 8, 4, 2, 1]",54,37076
zebra,fast,3,4,4,14.0,18.0,18.0,"[0, 8, 4, 2, 1]",54,37076
zebra,fast,3,4,8,14.666666666666666,18.0,18.0,"[0, 8, 4, 2, 1]",54,37076
zebra,fast,3,4,12,14.0,18.0,18.0,"[0, 8, 4, 2, 1]",54,37076
zebra,fast,3,8,4,7.0,18.0,18.0,"[0, 8, 4, 2, 1]",54,37076
zebra,fast,3,8,8,7.333333333333333,18.0,18.0,"[0, 8, 4, 2, 1]",54,37076
zebra,fast,3,8,12,7.0,18.0,18.0,"[0, 8, 4, 2, 1]",54,37076
zebra,fast,3,16,4,3.5,18.0,18.0,"[0, 8, 4, 2, 1]",54,37076
zebra,fast,3,16,8,3.6666666666666665,18.0,18.0,"[0, 8, 4, 2, 1]",54,37076
zebra,fast,3,16,12,3.5,18.0,18.0,"[0, 8, 4, 2, 1]",54,37076
zebra,fast,6,4,4,14.0,9.0,14.0,"[0, 8, 4, 2, 1]",54,37076
zebra,fast,6,4,8,14.666666666666666,9.0,14.666666666666666,"[0, 8, 4, 2, 1]",54,37076
zebra,fast,6,4,12,14.0,9.0,14.0,"[0, 8, 4, 2, 1]",54,37076
zebra,fast,6,8,4,7.0,9.0,9.0,"[0, 8, 4, 2, 1]",54,37076
zebra,fast,6,8,8,7.333333333333333,9.0,9.0,"[0, 8, 4, 2, 1]",54,37076
zebra,fast,6,8,12,7.0,9.0,9.0,"[0, 8, 4, 2, 1]",54,37076
zebra,fast,6,16,4,3.5,9.0,9.0,"[0, 8, 4, 2, 1]",54,37076
zebra,fast,6,16,8,3.6666666666666665,9.0,9.0,"[0, 8, 4, 2, 1]",54,37076
zebra,fast,6,16,12,3.5,9.0,9.0,"[0, 8, 4, 2, 1]",54,37076
zebra,balanced,1,4,4,14.0,84.0,84.0,"[0, 8, 4, 2, 1]",84,37076
zebra,balanced,1,4,8,14.666666666666666,84.0,84.0,"[0, 8, 4, 2, 1]",84,37076
zebra,balanced,1,4,12,14.0,84.0,84.0,"[0, 8, 4, 2, 1]",84,37076
zebra,balanced,1,8,4,7.0,84.0,84.0,"[0, 8, 4, 2, 1]",84,37076
zebra,balanced,1,8,8,7.333333333333333,84.0,84.0,"[0, 8, 4, 2, 1]",84,37076
zebra,balanced,1,8,12,7.0,84.0,84.0,"[0, 8, 4, 2, 1]",84,37076
zebra,balanced,1,16,4,3.5,84.0,84.0,"[0, 8, 4, 2, 1]",84,37076
zebra,balanced,1,16,8,3.6666666666666665,84.0,84.0,"[0, 8, 4, 2, 1]",84,37076
zebra,balanced,1,16,12,3.5,84.0,84.0,"[0, 8, 4, 2, 1]",84,37076
zebra,balanced,2,4,4,14.0,42.0,42.0,"[0, 8, 4, 2, 1]",84,37076
zebra,balanced,2,4,8,14.666666666666666,42.0,42.0,"[0, 8, 4, 2, 1]",84,37076
zebra,balanced,2,4,12,14.0,42.0,42.0,"[0, 8, 4, 2, 1]",84,37076
zebra,balanced,2,8,4,7.0,42.0,42.0,"[0, 8, 4, 2, 1]",84,37076
zebra,balanced,2,8,8,7.333333333333333,42.0,42.0,"[0, 8, 4, 2, 1]",84,37076
zebra,balanced,2,8,12,7.0,42.0,42.0,"[0, 8, 4, 2, 1]",84,37076
zebra,balanced,2,16,4,3.5,42.0,42.0,"[0, 8, 4, 2, 1]",84,37076
zebra,balanced,2,16,8,3.6666666666666665,42.0,42.0,"[0, 8, 4, 2, 1]",84,37076
zebra,balanced,2,16,12,3.5,42.0,42.0,"[0, 8, 4, 2, 1]",84,37076
zebra,balanced,3,4,4,14.0,28.0,28.0,"[0, 8, 4, 2, 1]",84,37076
zebra,balanced,3,4,8,14.666666666666666,28.0,28.0,"[0, 8, 4, 2, 1]",84,37076
zebra,balanced,3,4,12,14.0,28.0,28.0,"[0, 8, 4, 2, 1]",84,37076
zebra,balanced,3,8,4,7.0,28.0,28.0,"[0, 8, 4, 2, 1]",84,37076
zebra,balanced,3,8,8,7.333333333333333,28.0,28.0,"[0, 8, 4, 2, 1]",84,37076
zebra,balanced,3,8,12,7.0,28.0,28.0,"[0, 8, 4, 2, 1]",84,37076
zebra,balanced,3,16,4,3.5,28.0,28.0,"[0, 8, 4, 2, 1]",84,37076
zebra,balanced,3,16,8,3.6666666666666665,28.0,28.0,"[0, 8, 4, 2, 1]",84,37076
zebra,balanced,3,16,12,3.5,28.0,28.0,"[0, 8, 4, 2, 1]",84,37076
zebra,balanced,6,4,4,14.0,14.0,14.0,"[0, 8, 4, 2, 1]",84,37076
zebra,balanced,6,4,8,14.666666666666666,14.0,14.666666666666666,"[0, 8, 4, 2, 1]",84,37076
zebra,balanced,6,4,12,14.0,14.0,14.0,"[0, 8, 4, 2, 1]",84,37076
zebra,balanced,6,8,4,7.0,14.0,14.0,"[0, 8, 4, 2, 1]",84,37076
zebra,balanced,6,8,8,7.333333333333333,14.0,14.0,"[0, 8, 4, 2, 1]",84,37076
zebra,balanced,6,8,12,7.0,14.0,14.0,"[0, 8, 4, 2, 1]",84,37076
zebra,balanced,6,16,4,3.5,14.0,14.0,"[0, 8, 4, 2, 1]",84,37076
zebra,balanced,6,16,8,3.6666666666666665,14.0,14.0,"[0, 8, 4, 2, 1]",84,37076
zebra,balanced,6,16,12,3.5,14.0,14.0,"[0, 8, 4, 2, 1]",84,37076
zebra,slow,1,4,4,14.0,140.0,140.0,"[0, 8, 4, 2, 1]",140,37076
zebra,slow,1,4,8,14.666666666666666,140.0,140.0,"[0, 8, 4, 2, 1]",140,37076
zebra,slow,1,4,12,14.0,140.0,140.0,"[0, 8, 4, 2, 1]",140,37076
zebra,slow,1,8,4,7.0,140.0,140.0,"[0, 8, 4, 2, 1]",140,37076
zebra,slow,1,8,8,7.333333333333333,140.0,140.0,"[0, 8, 4, 2, 1]",140,37076
zebra,slow,1,8,12,7.0,140.0,140.0,"[0, 8, 4, 2, 1]",140,37076
zebra,slow,1,16,4,3.5,140.0,140.0,"[0, 8, 4, 2, 1]",140,37076
zebra,slow,1,16,8,3.6666666666666665,140.0,140.0,"[0, 8, 4, 2, 1]",140,37076
zebra,slow,1,16,12,3.5,140.0,140.0,"[0, 8, 4, 2, 1]",140,37076
zebra,slow,2,4,4,14.0,70.0,70.0,"[0, 8, 4, 2, 1]",140,37076
zebra,slow,2,4,8,14.666666666666666,70.0,70.0,"[0, 8, 4, 2, 1]",140,37076
zebra,slow,2,4,12,14.0,70.0,70.0,"[0, 8, 4, 2, 1]",140,37076
zebra,slow,2,8,4,7.0,70.0,70.0,"[0, 8, 4, 2, 1]",140,37076
zebra,slow,2,8,8,7.333333333333333,70.0,70.0,"[0, 8, 4, 2, 1]",140,37076
zebra,slow,2,8,12,7.0,70.0,70.0,"[0, 8, 4, 2, 1]",140,37076
zebra,slow,2,16,4,3.5,70.0,70.0,"[0, 8, 4, 2, 1]",140,37076
zebra,slow,2,16,8,3.6666666666666665,70.0,70.0,"[0, 8, 4, 2, 1]",140,37076
zebra,slow,2,16,12,3.5,70.0,70.0,"[0, 8, 4, 2, 1]",140,37076
zebra,slow,3,4,4,14.0,46.666666666666664,46.666666666666664,"[0, 8, 4, 2, 1]",140,37076
zebra,slow,3,4,8,14.666666666666666,46.666666666666664,46.666666666666664,"[0, 8, 4, 2, 1]",140,37076
zebra,slow,3,4,12,14.0,46.666666666666664,46.666666666666664,"[0, 8, 4, 2, 1]",140,37076
zebra,slow,3,8,4,7.0,46.666666666666664,46.666666666666664,"[0, 8, 4, 2, 1]",140,37076
zebra,slow,3,8,8,7.333333333333333,46.666666666666664,46.666666666666664,"[0, 8, 4, 2, 1]",140,37076
zebra,slow,3,8,12,7.0,46.666666666666664,46.666666666666664,"[0, 8, 4, 2, 1]",140,37076
zebra,slow,3,16,4,3.5,46.666666666666664,46.666666666666664,"[0, 8, 4, 2, 1]",140,37076
zebra,slow,3,16,8,3.6666666666666665,46.666666666666664,46.666666666666664,"[0, 8, 4, 2, 1]",140,37076
zebra,slow,3,16,12,3.5,46.666666666666664,46.666666666666664,"[0, 8, 4, 2, 1]",140,37076
zebra,slow,6,4,4,14.0,23.333333333333332,23.333333333333332,"[0, 8, 4, 2, 1]",140,37076
zebra,slow,6,4,8,14.666666666666666,23.333333333333332,23.333333333333332,"[0, 8, 4, 2, 1]",140,37076
zebra,slow,6,4,12,14.0,23.333333333333332,23.333333333333332,"[0, 8, 4, 2, 1]",140,37076
zebra,slow,6,8,4,7.0,23.333333333333332,23.333333333333332,"[0, 8, 4, 2, 1]",140,37076
zebra,slow,6,8,8,7.333333333333333,23.333333333333332,23.333333333333332,"[0, 8, 4, 2, 1]",140,37076
zebra,slow,6,8,12,7.0,23.333333333333332,23.333333333333332,"[0, 8, 4, 2, 1]",140,37076
zebra,slow,6,16,4,3.5,23.333333333333332,23.333333333333332,"[0, 8, 4, 2, 1]",140,37076
zebra,slow,6,16,8,3.6666666666666665,23.333333333333332,23.333333333333332,"[0, 8, 4, 2, 1]",140,37076
zebra,slow,6,16,12,3.5,23.333333333333332,23.333333333333332,"[0, 8, 4, 2, 1]",140,37076
bear,fast,1,4,4,18.0,54.0,54.0,"[0, 8, 4, 2, 1]",54,47652
bear,fast,1,4,8,18.666666666666668,54.0,54.0,"[0, 8, 4, 2, 1]",54,47652
bear,fast,1,4,12,18.0,54.0,54.0,"[0, 8, 4, 2, 1]",54,47652
bear,fast,1,8,4,9.0,54.0,54.0,"[0, 8, 4, 2, 1]",54,47652
bear,fast,1,8,8,9.333333333333334,54.0,54.0,"[0, 8, 4, 2, 1]",54,47652
bear,fast,1,8,12,9.0,54.0,54.0,"[0, 8, 4, 2, 1]",54,47652
bear,fast,1,16,4,4.5,54.0,54.0,"[0, 8, 4, 2, 1]",54,47652
bear,fast,1,16,8,4.666666666666667,54.0,54.0,"[0, 8, 4, 2, 1]",54,47652
bear,fast,1,16,12,4.5,54.0,54.0,"[0, 8, 4, 2, 1]",54,47652
bear,fast,2,4,4,18.0,27.0,27.0,"[0, 8, 4, 2, 1]",54,47652
bear,fast,2,4,8,18.666666666666668,27.0,27.0,"[0, 8, 4, 2, 1]",54,47652
bear,fast,2,4,12,18.0,27.0,27.0,"[0, 8, 4, 2, 1]",54,47652
bear,fast,2,8,4,9.0,27.0,27.0,"[0, 8, 4, 2, 1]",54,47652
bear,fast,2,8,8,9.333333333333334,27.0,27.0,"[0, 8, 4, 2, 1]",54,47652
bear,fast,2,8,12,9.0,27.0,27.0,"[0, 8, 4, 2, 1]",54,47652
bear,fast,2,16,4,4.5,27.0,27.0,"[0, 8, 4, 2, 1]",54,47652
bear,fast,2,16,8,4.666666666666667,27.0,27.0,"[0, 8, 4, 2, 1]",54,47652
bear,fast,2,16,12,4.5,27.0,27.0,"[0, 8, 4, 2, 1]",54,47652
bear,fast,3,4,4,18.0,18.0,18.0,"[0, 8, 4, 2, 1]",54,47652
bear,fast,3,4,8,18.666666666666668,18.0,18.666666666666668,"[0, 8, 4, 2, 1]",54,47652
bear,fast,3,4,12,18.0,18.0,18.0,"[0, 8, 4, 2, 1]",54,47652
bear,fast,3,8,4,9.0,18.0,18.0,"[0, 8, 4, 2, 1]",54,47652
bear,fast,3,8,8,9.333333333333334,18.0,18.0,"[0, 8, 4, 2, 1]",54,47652
bear,fast,3,8,12,9.0,18.0,18.0,"[0, 8, 4, 2, 1]",54,47652
bear,fast,3,16,4,4.5,18.0,18.0,"[0, 8, 4, 2, 1]",54,47652
bear,fast,3,16,8,4.666666666666667,18.0,18.0,"[0, 8, 4, 2, 1]",54,47652
bear,fast,3,16,12,4.5,18.0,18.0,"[0, 8, 4, 2, 1]",54,47652
bear,fast,6,4,4,18.0,9.0,18.0,"[0, 8, 4, 2, 1]",54,47652
bear,fast,6,4,8,18.666666666666668,9.0,18.666666666666668,"[0, 8, 4, 2, 1]",54,47652
bear,fast,6,4,12,18.0,9.0,18.0,"[0, 8, 4, 2, 1]",54,47652
bear,fast,6,8,4,9.0,9.0,9.0,"[0, 8, 4, 2, 1]",54,47652
bear,fast,6,8,8,9.333333333333334,9.0,9.333333333333334,"[0, 8, 4, 2, 1]",54,47652
bear,fast,6,8,12,9.0,9.0,9.0,"[0, 8, 4, 2, 1]",54,47652
bear,fast,6,16,4,4.5,9.0,9.0,"[0, 8, 4, 2, 1]",54,47652
bear,fast,6,16,8,4.666666666666667,9.0,9.0,"[0, 8, 4, 2, 1]",54,47652
bear,fast,6,16,12,4.5,9.0,9.0,"[0, 8, 4, 2, 1]",54,47652
bear,balanced,1,4,4,18.0,84.0,84.0,"[0, 8, 4, 2, 1]",84,47652
bear,balanced,1,4,8,18.666666666666668,84.0,84.0,"[0, 8, 4, 2, 1]",84,47652
bear,balanced,1,4,12,18.0,84.0,84.0,"[0, 8, 4, 2, 1]",84,47652
bear,balanced,1,8,4,9.0,84.0,84.0,"[0, 8, 4, 2, 1]",84,47652
bear,balanced,1,8,8,9.333333333333334,84.0,84.0,"[0, 8, 4, 2, 1]",84,47652
bear,balanced,1,8,12,9.0,84.0,84.0,"[0, 8, 4, 2, 1]",84,47652
bear,balanced,1,16,4,4.5,84.0,84.0,"[0, 8, 4, 2, 1]",84,47652
bear,balanced,1,16,8,4.666666666666667,84.0,84.0,"[0, 8, 4, 2, 1]",84,47652
bear,balanced,1,16,12,4.5,84.0,84.0,"[0, 8, 4, 2, 1]",84,47652
bear,balanced,2,4,4,18.0,42.0,42.0,"[0, 8, 4, 2, 1]",84,47652
bear,balanced,2,4,8,18.666666666666668,42.0,42.0,"[0, 8, 4, 2, 1]",84,47652
bear,balanced,2,4,12,18.0,42.0,42.0,"[0, 8, 4, 2, 1]",84,47652
bear,balanced,2,8,4,9.0,42.0,42.0,"[0, 8, 4, 2, 1]",84,47652
bear,balanced,2,8,8,9.333333333333334,42.0,42.0,"[0, 8, 4, 2, 1]",84,47652
bear,balanced,2,8,12,9.0,42.0,42.0,"[0, 8, 4, 2, 1]",84,47652
bear,balanced,2,16,4,4.5,42.0,42.0,"[0, 8, 4, 2, 1]",84,47652
bear,balanced,2,16,8,4.666666666666667,42.0,42.0,"[0, 8, 4, 2, 1]",84,47652
bear,balanced,2,16,12,4.5,42.0,42.0,"[0, 8, 4, 2, 1]",84,47652
bear,balanced,3,4,4,18.0,28.0,28.0,"[0, 8, 4, 2, 1]",84,47652
bear,balanced,3,4,8,18.666666666666668,28.0,28.0,"[0, 8, 4, 2, 1]",84,47652
bear,balanced,3,4,12,18.0,28.0,28.0,"[0, 8, 4, 2, 1]",84,47652
bear,balanced,3,8,4,9.0,28.0,28.0,"[0, 8, 4, 2, 1]",84,47652
bear,balanced,3,8,8,9.333333333333334,28.0,28.0,"[0, 8, 4, 2, 1]",84,47652
bear,balanced,3,8,12,9.0,28.0,28.0,"[0, 8, 4, 2, 1]",84,47652
bear,balanced,3,16,4,4.5,28.0,28.0,"[0, 8, 4, 2, 1]",84,47652
bear,balanced,3,16,8,4.666666666666667,28.0,28.0,"[0, 8, 4, 2, 1]",84,47652
bear,balanced,3,16,12,4.5,28.0,28.0,"[0, 8, 4, 2, 1]",84,47652
bear,balanced,6,4,4,18.0,14.0,18.0,"[0, 8, 4, 2, 1]",84,47652
bear,balanced,6,4,8,18.666666666666668,14.0,18.666666666666668,"[0, 8, 4, 2, 1]",84,47652
bear,balanced,6,4,12,18.0,14.0,18.0,"[0, 8, 4, 2, 1]",84,47652
bear,balanced,6,8,4,9.0,14.0,14.0,"[0, 8, 4, 2, 1]",84,47652
bear,balanced,6,8,8,9.333333333333334,14.0,14.0,"[0, 8, 4, 2, 1]",84,47652
bear,balanced,6,8,12,9.0,14.0,14.0,"[0, 8, 4, 2, 1]",84,47652
bear,balanced,6,16,4,4.5,14.0,14.0,"[0, 8, 4, 2, 1]",84,47652
bear,balanced,6,16,8,4.666666666666667,14.0,14.0,"[0, 8, 4, 2, 1]",84,47652
bear,balanced,6,16,12,4.5,14.0,14.0,"[0, 8, 4, 2, 1]",84,47652
bear,slow,1,4,4,18.0,140.0,140.0,"[0, 8, 4, 2, 1]",140,47652
bear,slow,1,4,8,18.666666666666668,140.0,140.0,"[0, 8, 4, 2, 1]",140,47652
bear,slow,1,4,12,18.0,140.0,140.0,"[0, 8, 4, 2, 1]",140,47652
bear,slow,1,8,4,9.0,140.0,140.0,"[0, 8, 4, 2, 1]",140,47652
bear,slow,1,8,8,9.333333333333334,140.0,140.0,"[0, 8, 4, 2, 1]",140,47652
bear,slow,1,8,12,9.0,140.0,140.0,"[0, 8, 4, 2, 1]",140,47652
bear,slow,1,16,4,4.5,140.0,140.0,"[0, 8, 4, 2, 1]",140,47652
bear,slow,1,16,8,4.666666666666667,140.0,140.0,"[0, 8, 4, 2, 1]",140,47652
bear,slow,1,16,12,4.5,140.0,140.0,"[0, 8, 4, 2, 1]",140,47652
bear,slow,2,4,4,18.0,70.0,70.0,"[0, 8, 4, 2, 1]",140,47652
bear,slow,2,4,8,18.666666666666668,70.0,70.0,"[0, 8, 4, 2, 1]",140,47652
bear,slow,2,4,12,18.0,70.0,70.0,"[0, 8, 4, 2, 1]",140,47652
bear,slow,2,8,4,9.0,70.0,70.0,"[0, 8, 4, 2, 1]",140,47652
bear,slow,2,8,8,9.333333333333334,70.0,70.0,"[0, 8, 4, 2, 1]",140,47652
bear,slow,2,8,12,9.0,70.0,70.0,"[0, 8, 4, 2, 1]",140,47652
bear,slow,2,16,4,4.5,70.0,70.0,"[0, 8, 4, 2, 1]",140,47652
bear,slow,2,16,8,4.666666666666667,70.0,70.0,"[0, 8, 4, 2, 1]",140,47652
bear,slow,2,16,12,4.5,70.0,70.0,"[0, 8, 4, 2, 1]",140,47652
bear,slow,3,4,4,18.0,46.666666666666664,46.666666666666664,"[0, 8, 4, 2, 1]",140,47652
bear,slow,3,4,8,18.666666666666668,46.666666666666664,46.666666666666664,"[0, 8, 4, 2, 1]",140,47652
bear,slow,3,4,12,18.0,46.666666666666664,46.666666666666664,"[0, 8, 4, 2, 1]",140,47652
bear,slow,3,8,4,9.0,46.666666666666664,46.666666666666664,"[0, 8, 4, 2, 1]",140,47652
bear,slow,3,8,8,9.333333333333334,46.666666666666664,46.666666666666664,"[0, 8, 4, 2, 1]",140,47652
bear,slow,3,8,12,9.0,46.666666666666664,46.666666666666664,"[0, 8, 4, 2, 1]",140,47652
bear,slow,3,16,4,4.5,46.666666666666664,46.666666666666664,"[0, 8, 4, 2, 1]",140,47652
bear,slow,3,16,8,4.666666666666667,46.666666666666664,46.666666666666664,"[0, 8, 4, 2, 1]",140,47652
bear,slow,3,16,12,4.5,46.666666666666664,46.666666666666664,"[0, 8, 4, 2, 1]",140,47652
bear,slow,6,4,4,18.0,23.333333333333332,23.333333333333332,"[0, 8, 4, 2, 1]",140,47652
bear,slow,6,4,8,18.666666666666668,23.333333333333332,23.333333333333332,"[0, 8, 4, 2, 1]",140,47652
bear,slow,6,4,12,18.0,23.333333333333332,23.333333333333332,"[0, 8, 4, 2, 1]",140,47652
bear,slow,6,8,4,9.0,23.333333333333332,23.333333333333332,"[0, 8, 4, 2, 1]",140,47652
bear,slow,6,8,8,9.333333333333334,23.333333333333332,23.333333333333332,"[0, 8, 4, 2, 1]",140,47652
bear,slow,6,8,12,9.0,23.333333333333332,23.333333333333332,"[0, 8, 4, 2, 1]",140,47652
bear,slow,6,16,4,4.5,23.333333333333332,23.333333333333332,"[0, 8, 4, 2, 1]",140,47652
bear,slow,6,16,8,4.666666666666667,23.333333333333332,23.333333333333332,"[0, 8, 4, 2, 1]",140,47652
bear,slow,6,16,12,4.5,23.333333333333332,23.333333333333332,"[0, 8, 4, 2, 1]",140,47652
monkey,fast,1,4,4,11.333333333333334,54.0,54.0,"[0, 8, 4, 2, 1]",54,32060
monkey,fast,1,4,8,12.0,54.0,54.0,"[0, 8, 4, 2, 1]",54,32060
monkey,fast,1,4,12,12.0,54.0,54.0,"[0, 8, 4, 2, 1]",54,32060
monkey,fast,1,8,4,5.666666666666667,54.0,54.0,"[0, 8, 4, 2, 1]",54,32060
monkey,fast,1,8,8,6.0,54.0,54.0,"[0, 8, 4, 2, 1]",54,32060
monkey,fast,1,8,12,6.0,54.0,54.0,"[0, 8, 4, 2, 1]",54,32060
monkey,fast,1,16,4,2.8333333333333335,54.0,54.0,"[0, 8, 4, 2, 1]",54,32060
monkey,fast,1,16,8,3.0,54.0,54.0,"[0, 8, 4, 2, 1]",54,32060
monkey,fast,1,16,12,3.0,54.0,54.0,"[0, 8, 4, 2, 1]",54,32060
monkey,fast,2,4,4,11.333333333333334,27.0,27.0,"[0, 8, 4, 2, 1]",54,32060
monkey,fast,2,4,8,12.0,27.0,27.0,"[0, 8, 4, 2, 1]",54,32060
monkey,fast,2,4,12,12.0,27.0,27.0,"[0, 8, 4, 2, 1]",54,32060
monkey,fast,2,8,4,5.666666666666667,27.0,27.0,"[0, 8, 4, 2, 1]",54,32060
monkey,fast,2,8,8,6.0,27.0,27.0,"[0, 8, 4, 2, 1]",54,32060
monkey,fast,2,8,12,6.0,27.0,27.0,"[0, 8, 4, 2, 1]",54,32060
monkey,fast,2,16,4,2.8333333333333335,27.0,27.0,"[0, 8, 4, 2, 1]",54,32060
monkey,fast,2,16,8,3.0,27.0,27.0,"[0, 8, 4, 2, 1]",54,32060
monkey,fast,2,16,12,3.0,27.0,27.0,"[0, 8, 4, 2, 1]",54,32060
monkey,fast,3,4,4,11.333333333333334,18.0,18.0,"[0, 8, 4, 2, 1]",54,32060
monkey,fast,3,4,8,12.0,18.0,18.0,"[0, 8, 4, 2, 1]",54,32060
monkey,fast,3,4,12,12.0,18.0,18.0,"[0, 8, 4, 2, 1]",54,32060
monkey,fast,3,8,4,5.666666666666667,18.0,18.0,"[0, 8, 4, 2, 1]",54,32060
monkey,fast,3,8,8,6.0,18.0,18.0,"[0, 8, 4, 2, 1]",54,32060
monkey,fast,3,8,12,6.0,18.0,18.0,"[0, 8, 4, 2, 1]",54,32060
monkey,fast,3,16,4,2.8333333333333335,18.0,18.0,"[0, 8, 4, 2, 1]",54,32060
monkey,fast,3,16,8,3.0,18.0,18.0,"[0, 8, 4, 2, 1]",54,32060
monkey,fast,3,16,12,3.0,18.0,18.0,"[0, 8, 4, 2, 1]",54,32060
monkey,fast,6,4,4,11.333333333333334,9.0,11.333333333333334,"[0, 8, 4, 2, 1]",54,32060
monkey,fast,6,4,8,12.0,9.0,12.0,"[0, 8, 4, 2, 1]",54,32060
monkey,fast,6,4,12,12.0,9.0,12.0,"[0, 8, 4, 2, 1]",54,32060
monkey,fast,6,8,4,5.666666666666667,9.0,9.0,"[0, 8, 4, 2, 1]",54,32060
monkey,fast,6,8,8,6.0,9.0,9.0,"[0, 8, 4, 2, 1]",54,32060
monkey,fast,6,8,12,6.0,9.0,9.0,"[0, 8, 4, 2, 1]",54,32060
monkey,fast,6,16,4,2.8333333333333335,9.0,9.0,"[0, 8, 4, 2, 1]",54,32060
monkey,fast,6,16,8,3.0,9.0,9.0,"[0, 8, 4, 2, 1]",54,32060
monkey,fast,6,16,12,3.0,9.0,9.0,"[0, 8, 4, 2, 1]",54,32060
monkey,balanced,1,4,4,11.333333333333334,84.0,84.0,"[0, 8, 4, 2, 1]",84,32060
monkey,balanced,1,4,8,12.0,84.0,84.0,"[0, 8, 4, 2, 1]",84,32060
monkey,balanced,1,4,12,12.0,84.0,84.0,"[0, 8, 4, 2, 1]",84,32060
monkey,balanced,1,8,4,5.666666666666667,84.0,84.0,"[0, 8, 4, 2, 1]",84,32060
monkey,balanced,1,8,8,6.0,84.0,84.0,"[0, 8, 4, 2, 1]",84,32060
monkey,balanced,1,8,12,6.0,84.0,84.0,"[0, 8, 4, 2, 1]",84,32060
monkey,balanced,1,16,4,2.8333333333333335,84.0,84.0,"[0, 8, 4, 2, 1]",84,32060
monkey,balanced,1,16,8,3.0,84.0,84.0,"[0, 8, 4, 2, 1]",84,32060
monkey,balanced,1,16,12,3.0,84.0,84.0,"[0, 8, 4, 2, 1]",84,32060
monkey,balanced,2,4,4,11.333333333333334,42.0,42.0,"[0, 8, 4, 2, 1]",84,32060
monkey,balanced,2,4,8,12.0,42.0,42.0,"[0, 8, 4, 2, 1]",84,32060
monkey,balanced,2,4,12,12.0,42.0,42.0,"[0, 8, 4, 2, 1]",84,32060
monkey,balanced,2,8,4,5.666666666666667,42.0,42.0,"[0, 8, 4, 2, 1]",84,32060
monkey,balanced,2,8,8,6.0,42.0,42.0,"[0, 8, 4, 2, 1]",84,32060
monkey,balanced,2,8,12,6.0,42.0,42.0,"[0, 8, 4, 2, 1]",84,32060
monkey,balanced,2,16,4,2.8333333333333335,42.0,42.0,"[0, 8, 4, 2, 1]",84,32060
monkey,balanced,2,16,8,3.0,42.0,42.0,"[0, 8, 4, 2, 1]",84,32060
monkey,balanced,2,16,12,3.0,42.0,42.0,"[0, 8, 4, 2, 1]",84,32060
monkey,balanced,3,4,4,11.333333333333334,28.0,28.0,"[0, 8, 4, 2, 1]",84,32060
monkey,balanced,3,4,8,12.0,28.0,28.0,"[0, 8, 4, 2, 1]",84,32060
monkey,balanced,3,4,12,12.0,28.0,28.0,"[0, 8, 4, 2, 1]",84,32060
monkey,balanced,3,8,4,5.666666666666667,28.0,28.0,"[0, 8, 4, 2, 1]",84,32060
monkey,balanced,3,8,8,6.0,28.0,28.0,"[0, 8, 4, 2, 1]",84,32060
monkey,balanced,3,8,12,6.0,28.0,28.0,"[0, 8, 4, 2, 1]",84,32060
monkey,balanced,3,16,4,2.8333333333333335,28.0,28.0,"[0, 8, 4, 2, 1]",84,32060
monkey,balanced,3,16,8,3.0,28.0,28.0,"[0, 8, 4, 2, 1]",84,32060
monkey,balanced,3,16,12,3.0,28.0,28.0,"[0, 8, 4, 2, 1]",84,32060
monkey,balanced,6,4,4,11.333333333333334,14.0,14.0,"[0, 8, 4, 2, 1]",84,32060
monkey,balanced,6,4,8,12.0,14.0,14.0,"[0, 8, 4, 2, 1]",84,32060
monkey,balanced,6,4,12,12.0,14.0,14.0,"[0, 8, 4, 2, 1]",84,32060
monkey,balanced,6,8,4,5.666666666666667,14.0,14.0,"[0, 8, 4, 2, 1]",84,32060
monkey,balanced,6,8,8,6.0,14.0,14.0,"[0, 8, 4, 2, 1]",84,32060
monkey,balanced,6,8,12,6.0,14.0,14.0,"[0, 8, 4, 2, 1]",84,32060
monkey,balanced,6,16,4,2.8333333333333335,14.0,14.0,"[0, 8, 4, 2, 1]",84,32060
monkey,balanced,6,16,8,3.0,14.0,14.0,"[0, 8, 4, 2, 1]",84,32060
monkey,balanced,6,16,12,3.0,14.0,14.0,"[0, 8, 4, 2, 1]",84,32060
monkey,slow,1,4,4,11.333333333333334,140.0,140.0,"[0, 8, 4, 2, 1]",140,32060
monkey,slow,1,4,8,12.0,140.0,140.0,"[0, 8, 4, 2, 1]",140,32060
monkey,slow,1,4,12,12.0,140.0,140.0,"[0, 8, 4, 2, 1]",140,32060
monkey,slow,1,8,4,5.666666666666667,140.0,140.0,"[0, 8, 4, 2, 1]",140,32060
monkey,slow,1,8,8,6.0,140.0,140.0,"[0, 8, 4, 2, 1]",140,32060
monkey,slow,1,8,12,6.0,140.0,140.0,"[0, 8, 4, 2, 1]",140,32060
monkey,slow,1,16,4,2.8333333333333335,140.0,140.0,"[0, 8, 4, 2, 1]",140,32060
monkey,slow,1,16,8,3.0,140.0,140.0,"[0, 8, 4, 2, 1]",140,32060
monkey,slow,1,16,12,3.0,140.0,140.0,"[0, 8, 4, 2, 1]",140,32060
monkey,slow,2,4,4,11.333333333333334,70.0,70.0,"[0, 8, 4, 2, 1]",140,32060
monkey,slow,2,4,8,12.0,70.0,70.0,"[0, 8, 4, 2, 1]",140,32060
monkey,slow,2,4,12,12.0,70.0,70.0,"[0, 8, 4, 2, 1]",140,32060
monkey,slow,2,8,4,5.666666666666667,70.0,70.0,"[0, 8, 4, 2, 1]",140,32060
monkey,slow,2,8,8,6.0,70.0,70.0,"[0, 8, 4, 2, 1]",140,32060
monkey,slow,2,8,12,6.0,70.0,70.0,"[0, 8, 4, 2, 1]",140,32060
monkey,slow,2,16,4,2.8333333333333335,70.0,70.0,"[0, 8, 4, 2, 1]",140,32060
monkey,slow,2,16,8,3.0,70.0,70.0,"[0, 8, 4, 2, 1]",140,32060
monkey,slow,2,16,12,3.0,70.0,70.0,"[0, 8, 4, 2, 1]",140,32060
monkey,slow,3,4,4,11.333333333333334,46.666666666666664,46.666666666666664,"[0, 8, 4, 2, 1]",140,32060
monkey,slow,3,4,8,12.0,46.666666666666664,46.666666666666664,"[0, 8, 4, 2, 1]",140,32060
monkey,slow,3,4,12,12.0,46.666666666666664,46.666666666666664,"[0, 8, 4, 2, 1]",140,32060
monkey,slow,3,8,4,5.666666666666667,46.666666666666664,46.666666666666664,"[0, 8, 4, 2, 1]",140,32060
monkey,slow,3,8,8,6.0,46.666666666666664,46.666666666666664,"[0, 8, 4, 2, 1]",140,32060
monkey,slow,3,8,12,6.0,46.666666666666664,46.666666666666664,"[0, 8, 4, 2, 1]",140,32060
monkey,slow,3,16,4,2.8333333333333335,46.666666666666664,46.666666666666664,"[0, 8, 4, 2, 1]",140,32060
monkey,slow,3,16,8,3.0,46.666666666666664,46.666666666666664,"[0, 8, 4, 2, 1]",140,32060
monkey,slow,3,16,12,3.0,46.666666666666664,46.666666666666664,"[0, 8, 4, 2, 1]",140,32060
monkey,slow,6,4,4,11.333333333333334,23.333333333333332,23.333333333333332,"[0, 8, 4, 2, 1]",140,32060
monkey,slow,6,4,8,12.0,23.333333333333332,23.333333333333332,"[0, 8, 4, 2, 1]",140,32060
monkey,slow,6,4,12,12.0,23.333333333333332,23.333333333333332,"[0, 8, 4, 2, 1]",140,32060
monkey,slow,6,8,4,5.666666666666667,23.333333333333332,23.333333333333332,"[0, 8, 4, 2, 1]",140,32060
monkey,slow,6,8,8,6.0,23.333333333333332,23.333333333333332,"[0, 8, 4, 2, 1]",140,32060
monkey,slow,6,8,12,6.0,23.333333333333332,23.333333333333332,"[0, 8, 4, 2, 1]",140,32060
monkey,slow,6,16,4,2.8333333333333335,23.333333333333332,23.333333333333332,"[0, 8, 4, 2, 1]",140,32060
monkey,slow,6,16,8,3.0,23.333333333333332,23.333333333333332,"[0, 8, 4, 2, 1]",140,32060
monkey,slow,6,16,12,3.0,23.333333333333332,23.333333333333332,"[0, 8, 4, 2, 1]",140,32060
gorilla,fast,1,4,4,14.0,54.0,54.0,"[0, 8, 4, 2, 1]",54,39628
gorilla,fast,1,4,8,14.666666666666666,54.0,54.0,"[0, 8, 4, 2, 1]",54,39628
gorilla,fast,1,4,12,14.0,54.0,54.0,"[0, 8, 4, 2, 1]",54,39628
gorilla,fast,1,8,4,7.0,54.0,54.0,"[0, 8, 4, 2, 1]",54,39628
gorilla,fast,1,8,8,7.333333333333333,54.0,54.0,"[0, 8, 4, 2, 1]",54,39628
gorilla,fast,1,8,12,7.0,54.0,54.0,"[0, 8, 4, 2, 1]",54,39628
gorilla,fast,1,16,4,3.5,54.0,54.0,"[0, 8, 4, 2, 1]",54,39628
gorilla,fast,1,16,8,3.6666666666666665,54.0,54.0,"[0, 8, 4, 2, 1]",54,39628
gorilla,fast,1,16,12,3.5,54.0,54.0,"[0, 8, 4, 2, 1]",54,39628
gorilla,fast,2,4,4,14.0,27.0,27.0,"[0, 8, 4, 2, 1]",54,39628
gorilla,fast,2,4,8,14.666666666666666,27.0,27.0,"[0, 8, 4, 2, 1]",54,39628
gorilla,fast,2,4,12,14.0,27.0,27.0,"[0, 8, 4, 2, 1]",54,39628
gorilla,fast,2,8,4,7.0,27.0,27.0,"[0, 8, 4, 2, 1]",54,39628
gorilla,fast,2,8,8,7.333333333333333,27.0,27.0,"[0, 8, 4, 2, 1]",54,39628
gorilla,fast,2,8,12,7.0,27.0,27.0,"[0, 8, 4, 2, 1]",54,39628
gorilla,fast,2,16,4,3.5,27.0,27.0,"[0, 8, 4, 2, 1]",54,39628
gorilla,fast,2,16,8,3.6666666666666665,27.0,27.0,"[0, 8, 4, 2, 1]",54,39628
gorilla,fast,2,16,12,3.5,27.0,27.0,"[0, 8, 4, 2, 1]",54,39628
gorilla,fast,3,4,4,14.0,18.0,18.0,"[0, 8, 4, 2, 1]",54,39628
gorilla,fast,3,4,8,14.666666666666666,18.0,18.0,"[0, 8, 4, 2, 1]",54,39628
gorilla,fast,3,4,12,14.0,18.0,18.0,"[0, 8, 4, 2, 1]",54,39628
gorilla,fast,3,8,4,7.0,18.0,18.0,"[0, 8, 4, 2, 1]",54,39628
gorilla,fast,3,8,8,7.333333333333333,18.0,18.0,"[0, 8, 4, 2, 1]",54,39628
gorilla,fast,3,8,12,7.0,18.0,18.0,"[0, 8, 4, 2, 1]",54,39628
gorilla,fast,3,16,4,3.5,18.0,18.0,"[0, 8, 4, 2, 1]",54,39628
gorilla,fast,3,16,8,3.6666666666666665,18.0,18.0,"[0, 8, 4, 2, 1]",54,39628
gorilla,fast,3,16,12,3.5,18.0,18.0,"[0, 8, 4, 2, 1]",54,39628
gorilla,fast,6,4,4,14.0,9.0,14.0,"[0, 8, 4, 2, 1]",54,39628
gorilla,fast,6,4,8,14.666666666666666,9.0,14.666666666666666,"[0, 8, 4, 2, 1]",54,39628
gorilla,fast,6,4,12,14.0,9.0,14.0,"[0, 8, 4, 2, 1]",54,39628
gorilla,fast,6,8,4,7.0,9.0,9.0,"[0, 8, 4, 2, 1]",54,39628
gorilla,fast,6,8,8,7.333333333333333,9.0,9.0,"[0, 8, 4, 2, 1]",54,39628
gorilla,fast,6,8,12,7.0,9.0,9.0,"[0, 8, 4, 2, 1]",54,39628
gorilla,fast,6,16,4,3.5,9.0,9.0,"[0, 8, 4, 2, 1]",54,39628
gorilla,fast,6,16,8,3.6666666666666665,9.0,9.0,"[0, 8, 4, 2, 1]",54,39628
gorilla,fast,6,16,12,3.5,9.0,9.0,"[0, 8, 4, 2, 1]",54,39628
gorilla,balanced,1,4,4,14.0,84.0,84.0,"[0, 8, 4, 2, 1]",84,39628
gorilla,balanced,1,4,8,14.666666666666666,84.0,84.0,"[0, 8, 4, 2, 1]",84,39628
gorilla,balanced,1,4,12,14.0,84.0,84.0,"[0, 8, 4, 2, 1]",84,39628
gorilla,balanced,1,8,4,7.0,84.0,84.0,"[0, 8, 4, 2, 1]",84,39628
gorilla,balanced,1,8,8,7.333333333333333,84.0,84.0,"[0, 8, 4, 2, 1]",84,39628
gorilla,balanced,1,8,12,7.0,84.0,84.0,"[0, 8, 4, 2, 1]",84,39628
gorilla,balanced,1,16,4,3.5,84.0,84.0,"[0, 8, 4, 2, 1]",84,39628
gorilla,balanced,1,16,8,3.6666666666666665,84.0,84.0,"[0, 8, 4, 2, 1]",84,39628
gorilla,balanced,1,16,12,3.5,84.0,84.0,"[0, 8, 4, 2, 1]",84,39628
gorilla,balanced,2,4,4,14.0,42.0,42.0,"[0, 8, 4, 2, 1]",84,39628
gorilla,balanced,2,4,8,14.666666666666666,42.0,42.0,"[0, 8, 4, 2, 1]",84,39628
gorilla,balanced,2,4,12,14.0,42.0,42.0,"[0, 8, 4, 2, 1]",84,39628
gorilla,balanced,2,8,4,7.0,42.0,42.0,"[0, 8, 4, 2, 1]",84,39628
gorilla,balanced,2,8,8,7.333333333333333,42.0,42.0,"[0, 8, 4, 2, 1]",84,39628
gorilla,balanced,2,8,12,7.0,42.0,42.0,"[0, 8, 4, 2, 1]",84,39628
gorilla,balanced,2,16,4,3.5,42.0,42.0,"[0, 8, 4, 2, 1]",84,39628
gorilla,balanced,2,16,8,3.6666666666666665,42.0,42.0,"[0, 8, 4, 2, 1]",84,39628
gorilla,balanced,2,16,12,3.5,42.0,42.0,"[0, 8, 4, 2, 1]",84,39628
gorilla,balanced,3,4,4,14.0,28.0,28.0,"[0, 8, 4, 2, 1]",84,39628
gorilla,balanced,3,4,8,14.666666666666666,28.0,28.0,"[0, 8, 4, 2, 1]",84,39628
gorilla,balanced,3,4,12,14.0,28.0,28.0,"[0, 8, 4, 2, 1]",84,39628
gorilla,balanced,3,8,4,7.0,28.0,28.0,"[0, 8, 4, 2, 1]",84,39628
gorilla,balanced,3,8,8,7.333333333333333,28.0,28.0,"[0, 8, 4, 2, 1]",84,39628
gorilla,balanced,3,8,12,7.0,28.0,28.0,"[0, 8, 4, 2, 1]",84,39628
gorilla,balanced,3,16,4,3.5,28.0,28.0,"[0, 8, 4, 2, 1]",84,39628
gorilla,balanced,3,16,8,3.6666666666666665,28.0,28.0,"[0, 8, 4, 2, 1]",84,39628
gorilla,balanced,3,16,12,3.5,28.0,28.0,"[0, 8, 4, 2, 1]",84,39628
gorilla,balanced,6,4,4,14.0,14.0,14.0,"[0, 8, 4, 2, 1]",84,39628
gorilla,balanced,6,4,8,14.666666666666666,14.0,14.666666666666666,"[0, 8, 4, 2, 1]",84,39628
gorilla,balanced,6,4,12,14.0,14.0,14.0,"[0, 8, 4, 2, 1]",84,39628
gorilla,balanced,6,8,4,7.0,14.0,14.0,"[0, 8, 4, 2, 1]",84,39628
gorilla,balanced,6,8,8,7.333333333333333,14.0,14.0,"[0, 8, 4, 2, 1]",84,39628
gorilla,balanced,6,8,12,7.0,14.0,14.0,"[0, 8, 4, 2, 1]",84,39628
gorilla,balanced,6,16,4,3.5,14.0,14.0,"[0, 8, 4, 2, 1]",84,39628
gorilla,balanced,6,16,8,3.6666666666666665,14.0,14.0,"[0, 8, 4, 2, 1]",84,39628
gorilla,balanced,6,16,12,3.5,14.0,14.0,"[0, 8, 4, 2, 1]",84,39628
gorilla,slow,1,4,4,14.0,140.0,140.0,"[0, 8, 4, 2, 1]",140,39628
gorilla,slow,1,4,8,14.666666666666666,140.0,140.0,"[0, 8, 4, 2, 1]",140,39628
gorilla,slow,1,4,12,14.0,140.0,140.0,"[0, 8, 4, 2, 1]",140,39628
gorilla,slow,1,8,4,7.0,140.0,140.0,"[0, 8, 4, 2, 1]",140,39628
gorilla,slow,1,8,8,7.333333333333333,140.0,140.0,"[0, 8, 4, 2, 1]",140,39628
gorilla,slow,1,8,12,7.0,140.0,140.0,"[0, 8, 4, 2, 1]",140,39628
gorilla,slow,1,16,4,3.5,140.0,140.0,"[0, 8, 4, 2, 1]",140,39628
gorilla,slow,1,16,8,3.6666666666666665,140.0,140.0,"[0, 8, 4, 2, 1]",140,39628
gorilla,slow,1,16,12,3.5,140.0,140.0,"[0, 8, 4, 2, 1]",140,39628
gorilla,slow,2,4,4,14.0,70.0,70.0,"[0, 8, 4, 2, 1]",140,39628
gorilla,slow,2,4,8,14.666666666666666,70.0,70.0,"[0, 8, 4, 2, 1]",140,39628
gorilla,slow,2,4,12,14.0,70.0,70.0,"[0, 8, 4, 2, 1]",140,39628
gorilla,slow,2,8,4,7.0,70.0,70.0,"[0, 8, 4, 2, 1]",140,39628
gorilla,slow,2,8,8,7.333333333333333,70.0,70.0,"[0, 8, 4, 2, 1]",140,39628
gorilla,slow,2,8,12,7.0,70.0,70.0,"[0, 8, 4, 2, 1]",140,39628
gorilla,slow,2,16,4,3.5,70.0,70.0,"[0, 8, 4, 2, 1]",140,39628
gorilla,slow,2,16,8,3.6666666666666665,70.0,70.0,"[0, 8, 4, 2, 1]",140,39628
gorilla,slow,2,16,12,3.5,70.0,70.0,"[0, 8, 4, 2, 1]",140,39628
gorilla,slow,3,4,4,14.0,46.666666666666664,46.666666666666664,"[0, 8, 4, 2, 1]",140,39628
gorilla,slow,3,4,8,14.666666666666666,46.666666666666664,46.666666666666664,"[0, 8, 4, 2, 1]",140,39628
gorilla,slow,3,4,12,14.0,46.666666666666664,46.666666666666664,"[0, 8, 4, 2, 1]",140,39628
gorilla,slow,3,8,4,7.0,46.666666666666664,46.666666666666664,"[0, 8, 4, 2, 1]",140,39628
gorilla,slow,3,8,8,7.333333333333333,46.666666666666664,46.666666666666664,"[0, 8, 4, 2, 1]",140,39628
gorilla,slow,3,8,12,7.0,46.666666666666664,46.666666666666664,"[0, 8, 4, 2, 1]",140,39628
gorilla,slow,3,16,4,3.5,46.666666666666664,46.666666666666664,"[0, 8, 4, 2, 1]",140,39628
gorilla,slow,3,16,8,3.6666666666666665,46.666666666666664,46.666666666666664,"[0, 8, 4, 2, 1]",140,39628
gorilla,slow,3,16,12,3.5,46.666666666666664,46.666666666666664,"[0, 8, 4, 2, 1]",140,39628
gorilla,slow,6,4,4,14.0,23.333333333333332,23.333333333333332,"[0, 8, 4, 2, 1]",140,39628
gorilla,slow,6,4,8,14.666666666666666,23.333333333333332,23.333333333333332,"[0, 8, 4, 2, 1]",140,39628
gorilla,slow,6,4,12,14.0,23.333333333333332,23.333333333333332,"[0, 8, 4, 2, 1]",140,39628
gorilla,slow,6,8,4,7.0,23.333333333333332,23.333333333333332,"[0, 8, 4, 2, 1]",140,39628
gorilla,slow,6,8,8,7.333333333333333,23.333333333333332,23.333333333333332,"[0, 8, 4, 2, 1]",140,39628
gorilla,slow,6,8,12,7.0,23.333333333333332,23.333333333333332,"[0, 8, 4, 2, 1]",140,39628
gorilla,slow,6,16,4,3.5,23.333333333333332,23.333333333333332,"[0, 8, 4, 2, 1]",140,39628
gorilla,slow,6,16,8,3.6666666666666665,23.333333333333332,23.333333333333332,"[0, 8, 4, 2, 1]",140,39628
gorilla,slow,6,16,12,3.5,23.333333333333332,23.333333333333332,"[0, 8, 4, 2, 1]",140,39628
giraffe,fast,1,4,4,18.0,54.0,54.0,"[0, 8, 4, 2, 1]",54,54220
giraffe,fast,1,4,8,18.666666666666668,54.0,54.0,"[0, 8, 4, 2, 1]",54,54220
giraffe,fast,1,4,12,18.0,54.0,54.0,"[0, 8, 4, 2, 1]",54,54220
giraffe,fast,1,8,4,9.0,54.0,54.0,"[0, 8, 4, 2, 1]",54,54220
giraffe,fast,1,8,8,9.333333333333334,54.0,54.0,"[0, 8, 4, 2, 1]",54,54220
giraffe,fast,1,8,12,9.0,54.0,54.0,"[0, 8, 4, 2, 1]",54,54220
giraffe,fast,1,16,4,4.5,54.0,54.0,"[0, 8, 4, 2, 1]",54,54220
giraffe,fast,1,16,8,4.666666666666667,54.0,54.0,"[0, 8, 4, 2, 1]",54,54220
giraffe,fast,1,16,12,4.5,54.0,54.0,"[0, 8, 4, 2, 1]",54,54220
giraffe,fast,2,4,4,18.0,27.0,27.0,"[0, 8, 4, 2, 1]",54,54220
giraffe,fast,2,4,8,18.666666666666668,27.0,27.0,"[0, 8, 4, 2, 1]",54,54220
giraffe,fast,2,4,12,18.0,27.0,27.0,"[0, 8, 4, 2, 1]",54,54220
giraffe,fast,2,8,4,9.0,27.0,27.0,"[0, 8, 4, 2, 1]",54,54220
giraffe,fast,2,8,8,9.333333333333334,27.0,27.0,"[0, 8, 4, 2, 1]",54,54220
giraffe,fast,2,8,12,9.0,27.0,27.0,"[0, 8, 4, 2, 1]",54,54220
giraffe,fast,2,16,4,4.5,27.0,27.0,"[0, 8, 4, 2, 1]",54,54220
giraffe,fast,2,16,8,4.666666666666667,27.0,27.0,"[0, 8, 4, 2, 1]",54,54220
giraffe,fast,2,16,12,4.5,27.0,27.0,"[0, 8, 4, 2, 1]",54,54220
giraffe,fast,3,4,4,18.0,18.0,18.0,"[0, 8, 4, 2, 1]",54,54220
giraffe,fast,3,4,8,18.666666666666668,18.0,18.666666666666668,"[0, 8, 4, 2, 1]",54,54220
giraffe,fast,3,4,12,18.0,18.0,18.0,"[0, 8, 4, 2, 1]",54,54220
giraffe,fast,3,8,4,9.0,18.0,18.0,"[0, 8, 4, 2, 1]",54,54220
giraffe,fast,3,8,8,9.333333333333334,18.0,18.0,"[0, 8, 4, 2, 1]",54,54220
giraffe,fast,3,8,12,9.0,18.0,18.0,"[0, 8, 4, 2, 1]",54,54220
giraffe,fast,3,16,4,4.5,18.0,18.0,"[0, 8, 4, 2, 1]",54,54220
giraffe,fast,3,16,8,4.666666666666667,18.0,18.0,"[0, 8, 4, 2, 1]",54,54220
giraffe,fast,3,16,12,4.5,18.0,18.0,"[0, 8, 4, 2, 1]",54,54220
giraffe,fast,6,4,4,18.0,9.0,18.0,"[0, 8, 4, 2, 1]",54,54220
giraffe,fast,6,4,8,18.666666666666668,9.0,18.666666666666668,"[0, 8, 4, 2, 1]",54,54220
giraffe,fast,6,4,12,18.0,9.0,18.0,"[0, 8, 4, 2, 1]",54,54220
giraffe,fast,6,8,4,9.0,9.0,9.0,"[0, 8, 4, 2, 1]",54,54220
giraffe,fast,6,8,8,9.333333333333334,9.0,9.333333333333334,"[0, 8, 4, 2, 1]",54,54220
giraffe,fast,6,8,12,9.0,9.0,9.0,"[0, 8, 4, 2, 1]",54,54220
giraffe,fast,6,16,4,4.5,9.0,9.0,"[0, 8, 4, 2, 1]",54,54220
giraffe,fast,6,16,8,4.666666666666667,9.0,9.0,"[0, 8, 4, 2, 1]",54,54220
giraffe,fast,6,16,12,4.5,9.0,9.0,"[0, 8, 4, 2, 1]",54,54220
giraffe,balanced,1,4,4,18.0,84.0,84.0,"[0, 8, 4, 2, 1]",84,54220
giraffe,balanced,1,4,8,18.666666666666668,84.0,84.0,"[0, 8, 4, 2, 1]",84,54220
giraffe,balanced,1,4,12,18.0,84.0,84.0,"[0, 8, 4, 2, 1]",84,54220
giraffe,balanced,1,8,4,9.0,84.0,84.0,"[0, 8, 4, 2, 1]",84,54220
giraffe,balanced,1,8,8,9.333333333333334,84.0,84.0,"[0, 8, 4, 2, 1]",84,54220
giraffe,balanced,1,8,12,9.0,84.0,84.0,"[0, 8, 4, 2, 1]",84,54220
giraffe,balanced,1,16,4,4.5,84.0,84.0,"[0, 8, 4, 2, 1]",84,54220
giraffe,balanced,1,16,8,4.666666666666667,84.0,84.0,"[0, 8, 4, 2, 1]",84,54220
giraffe,balanced,1,16,12,4.5,84.0,84.0,"[0, 8, 4, 2, 1]",84,54220
giraffe,balanced,2,4,4,18.0,42.0,42.0,"[0, 8, 4, 2, 1]",84,54220
giraffe,balanced,2,4,8,18.666666666666668,42.0,42.0,"[0, 8, 4, 2, 1]",84,54220
giraffe,balanced,2,4,12,18.0,42.0,42.0,"[0, 8, 4, 2, 1]",84,54220
giraffe,balanced,2,8,4,9.0,42.0,42.0,"[0, 8, 4, 2, 1]",84,54220
giraffe,balanced,2,8,8,9.333333333333334,42.0,42.0,"[0, 8, 4, 2, 1]",84,54220
giraffe,balanced,2,8,12,9.0,42.0,42.0,"[0, 8, 4, 2, 1]",84,54220
giraffe,balanced,2,16,4,4.5,42.0,42.0,"[0, 8, 4, 2, 1]",84,54220
giraffe,balanced,2,16,8,4.666666666666667,42.0,42.0,"[0, 8, 4, 2, 1]",84,54220
giraffe,balanced,2,16,12,4.5,42.0,42.0,"[0, 8, 4, 2, 1]",84,54220
giraffe,balanced,3,4,4,18.0,28.0,28.0,"[0, 8, 4, 2, 1]",84,54220
giraffe,balanced,3,4,8,18.666666666666668,28.0,28.0,"[0, 8, 4, 2, 1]",84,54220
giraffe,balanced,3,4,12,18.0,28.0,28.0,"[0, 8, 4, 2, 1]",84,54220
giraffe,balanced,3,8,4,9.0,28.0,28.0,"[0, 8, 4, 2, 1]",84,54220
giraffe,balanced,3,8,8,9.333333333333334,28.0,28.0,"[0, 8, 4, 2, 1]",84,54220
giraffe,balanced,3,8,12,9.0,28.0,28.0,"[0, 8, 4, 2, 1]",84,54220
giraffe,balanced,3,16,4,4.5,28.0,28.0,"[0, 8, 4, 2, 1]",84,54220
giraffe,balanced,3,16,8,4.666666666666667,28.0,28.0,"[0, 8, 4, 2, 1]",84,54220
giraffe,balanced,3,16,12,4.5,28.0,28.0,"[0, 8, 4, 2, 1]",84,54220
giraffe,balanced,6,4,4,18.0,14.0,18.0,"[0, 8, 4, 2, 1]",84,54220
giraffe,balanced,6,4,8,18.666666666666668,14.0,18.666666666666668,"[0, 8, 4, 2, 1]",84,54220
giraffe,balanced,6,4,12,18.0,14.0,18.0,"[0, 8, 4, 2, 1]",84,54220
giraffe,balanced,6,8,4,9.0,14.0,14.0,"[0, 8, 4, 2, 1]",84,54220
giraffe,balanced,6,8,8,9.333333333333334,14.0,14.0,"[0, 8, 4, 2, 1]",84,54220
giraffe,balanced,6,8,12,9.0,14.0,14.0,"[0, 8, 4, 2, 1]",84,54220
giraffe,balanced,6,16,4,4.5,14.0,14.0,"[0, 8, 4, 2, 1]",84,54220
giraffe,balanced,6,16,8,4.666666666666667,14.0,14.0,"[0, 8, 4, 2, 1]",84,54220
giraffe,balanced,6,16,12,4.5,14.0,14.0,"[0, 8, 4, 2, 1]",84,54220
giraffe,slow,1,4,4,18.0,140.0,140.0,"[0, 8, 4, 2, 1]",140,54220
giraffe,slow,1,4,8,18.666666666666668,140.0,140.0,"[0, 8, 4, 2, 1]",140,54220
giraffe,slow,1,4,12,18.0,140.0,140.0,"[0, 8, 4, 2, 1]",140,54220
giraffe,slow,1,8,4,9.0,140.0,140.0,"[0, 8, 4, 2, 1]",140,54220
giraffe,slow,1,8,8,9.333333333333334,140.0,140.0,"[0, 8, 4, 2, 1]",140,54220
giraffe,slow,1,8,12,9.0,140.0,140.0,"[0, 8, 4, 2, 1]",140,54220
giraffe,slow,1,16,4,4.5,140.0,140.0,"[0, 8, 4, 2, 1]",140,54220
giraffe,slow,1,16,8,4.666666666666667,140.0,140.0,"[0, 8, 4, 2, 1]",140,54220
giraffe,slow,1,16,12,4.5,140.0,140.0,"[0, 8, 4, 2, 1]",140,54220
giraffe,slow,2,4,4,18.0,70.0,70.0,"[0, 8, 4, 2, 1]",140,54220
giraffe,slow,2,4,8,18.666666666666668,70.0,70.0,"[0, 8, 4, 2, 1]",140,54220
giraffe,slow,2,4,12,18.0,70.0,70.0,"[0, 8, 4, 2, 1]",140,54220
giraffe,slow,2,8,4,9.0,70.0,70.0,"[0, 8, 4, 2, 1]",140,54220
giraffe,slow,2,8,8,9.333333333333334,70.0,70.0,"[0, 8, 4, 2, 1]",140,54220
giraffe,slow,2,8,12,9.0,70.0,70.0,"[0, 8, 4, 2, 1]",140,54220
giraffe,slow,2,16,4,4.5,70.0,70.0,"[0, 8, 4, 2, 1]",140,54220
giraffe,slow,2,16,8,4.666666666666667,70.0,70.0,"[0, 8, 4, 2, 1]",140,54220
giraffe,slow,2,16,12,4.5,70.0,70.0,"[0, 8, 4, 2, 1]",140,54220
giraffe,slow,3,4,4,18.0,46.666666666666664,46.666666666666664,"[0, 8, 4, 2, 1]",140,54220
giraffe,slow,3,4,8,18.666666666666668,46.666666666666664,46.666666666666664,"[0, 8, 4, 2, 1]",140,54220
giraffe,slow,3,4,12,18.0,46.666666666666664,46.666666666666664,"[0, 8, 4, 2, 1]",140,54220
giraffe,slow,3,8,4,9.0,46.666666666666664,46.666666666666664,"[0, 8, 4, 2, 1]",140,54220
giraffe,slow,3,8,8,9.333333333333334,46.666666666666664,46.666666666666664,"[0, 8, 4, 2, 1]",140,54220
giraffe,slow,3,8,12,9.0,46.666666666666664,46.666666666666664,"[0, 8, 4, 2, 1]",140,54220
giraffe,slow,3,16,4,4.5,46.666666666666664,46.666666666666664,"[0, 8, 4, 2, 1]",140,54220
giraffe,slow,3,16,8,4.666666666666667,46.666666666666664,46.666666666666664,"[0, 8, 4, 2, 1]",140,54220
giraffe,slow,3,16,12,4.5,46.666666666666664,46.666666666666664,"[0, 8, 4, 2, 1]",140,54220
giraffe,slow,6,4,4,18.0,23.333333333333332,23.333333333333332,"[0, 8, 4, 2, 1]",140,54220
giraffe,slow,6,4,8,18.666666666666668,23.333333333333332,23.333333333333332,"[0, 8, 4, 2, 1]",140,54220
giraffe,slow,6,4,12,18.0,23.333333333333332,23.333333333333332,"[0, 8, 4, 2, 1]",140,54220
giraffe,slow,6,8,4,9.0,23.333333333333332,23.333333333333332,"[0, 8, 4, 2, 1]",140,54220
giraffe,slow,6,8,8,9.333333333333334,23.333333333333332,23.333333333333332,"[0, 8, 4, 2, 1]",140,54220
giraffe,slow,6,8,12,9.0,23.333333333333332,23.333333333333332,"[0, 8, 4, 2, 1]",140,54220
giraffe,slow,6,16,4,4.5,23.333333333333332,23.333333333333332,"[0, 8, 4, 2, 1]",140,54220
giraffe,slow,6,16,8,4.666666666666667,23.333333333333332,23.333333333333332,"[0, 8, 4, 2, 1]",140,54220
giraffe,slow,6,16,12,4.5,23.333333333333332,23.333333333333332,"[0, 8, 4, 2, 1]",140,54220
rhino,fast,1,4,4,26.0,54.0,54.0,"[0, 8, 4, 2, 1]",54,78300
rhino,fast,1,4,8,26.666666666666668,54.0,54.0,"[0, 8, 4, 2, 1]",54,78300
rhino,fast,1,4,12,26.0,54.0,54.0,"[0, 8, 4, 2, 1]",54,78300
rhino,fast,1,8,4,13.0,54.0,54.0,"[0, 8, 4, 2, 1]",54,78300
rhino,fast,1,8,8,13.333333333333334,54.0,54.0,"[0, 8, 4, 2, 1]",54,78300
rhino,fast,1,8,12,13.0,54.0,54.0,"[0, 8, 4, 2, 1]",54,78300
rhino,fast,1,16,4,6.5,54.0,54.0,"[0, 8, 4, 2, 1]",54,78300
rhino,fast,1,16,8,6.666666666666667,54.0,54.0,"[0, 8, 4, 2, 1]",54,78300
rhino,fast,1,16,12,6.5,54.0,54.0,"[0, 8, 4, 2, 1]",54,78300
rhino,fast,2,4,4,26.0,27.0,27.0,"[0, 8, 4, 2, 1]",54,78300
rhino,fast,2,4,8,26.666666666666668,27.0,27.0,"[0, 8, 4, 2, 1]",54,78300
rhino,fast,2,4,12,26.0,27.0,27.0,"[0, 8, 4, 2, 1]",54,78300
rhino,fast,2,8,4,13.0,27.0,27.0,"[0, 8, 4, 2, 1]",54,78300
rhino,fast,2,8,8,13.333333333333334,27.0,27.0,"[0, 8, 4, 2, 1]",54,78300
rhino,fast,2,8,12,13.0,27.0,27.0,"[0, 8, 4, 2, 1]",54,78300
rhino,fast,2,16,4,6.5,27.0,27.0,"[0, 8, 4, 2, 1]",54,78300
rhino,fast,2,16,8,6.666666666666667,27.0,27.0,"[0, 8, 4, 2, 1]",54,78300
rhino,fast,2,16,12,6.5,27.0,27.0,"[0, 8, 4, 2, 1]",54,78300
rhino,fast,3,4,4,26.0,18.0,26.0,"[0, 8, 4, 2, 1]",54,78300
rhino,fast,3,4,8,26.666666666666668,18.0,26.666666666666668,"[0, 8, 4, 2, 1]",54,78300
rhino,fast,3,4,12,26.0,18.0,26.0,"[0, 8, 4, 2, 1]",54,78300
rhino,fast,3,8,4,13.0,18.0,18.0,"[0, 8, 4, 2, 1]",54,78300
rhino,fast,3,8,8,13.333333333333334,18.0,18.0,"[0, 8, 4, 2, 1]",54,78300
rhino,fast,3,8,12,13.0,18.0,18.0,"[0, 8, 4, 2, 1]",54,78300
rhino,fast,3,16,4,6.5,18.0,18.0,"[0, 8, 4, 2, 1]",54,78300
rhino,fast,3,16,8,6.666666666666667,18.0,18.0,"[0, 8, 4, 2, 1]",54,78300
rhino,fast,3,16,12,6.5,18.0,18.0,"[0, 8, 4, 2, 1]",54,78300
rhino,fast,6,4,4,26.0,9.0,26.0,"[0, 8, 4, 2, 1]",54,78300
rhino,fast,6,4,8,26.666666666666668,9.0,26.666666666666668,"[0, 8, 4, 2, 1]",54,78300
rhino,fast,6,4,12,26.0,9.0,26.0,"[0, 8, 4, 2, 1]",54,78300
rhino,fast,6,8,4,13.0,9.0,13.0,"[0, 8, 4, 2, 1]",54,78300
rhino,fast,6,8,8,13.333333333333334,9.0,13.333333333333334,"[0, 8, 4, 2, 1]",54,78300
rhino,fast,6,8,12,13.0,9.0,13.0,"[0, 8, 4, 2, 1]",54,78300
rhino,fast,6,16,4,6.5,9.0,9.0,"[0, 8, 4, 2, 1]",54,78300
rhino,fast,6,16,8,6.666666666666667,9.0,9.0,"[0, 8, 4, 2, 1]",54,78300
rhino,fast,6,16,12,6.5,9.0,9.0,"[0, 8, 4, 2, 1]",54,78300
rhino,balanced,1,4,4,26.0,84.0,84.0,"[0, 8, 4, 2, 1]",84,78300
rhino,balanced,1,4,8,26.666666666666668,84.0,84.0,"[0, 8, 4, 2, 1]",84,78300
rhino,balanced,1,4,12,26.0,84.0,84.0,"[0, 8, 4, 2, 1]",84,78300
rhino,balanced,1,8,4,13.0,84.0,84.0,"[0, 8, 4, 2, 1]",84,78300
rhino,balanced,1,8,8,13.333333333333334,84.0,84.0,"[0, 8, 4, 2, 1]",84,78300
rhino,balanced,1,8,12,13.0,84.0,84.0,"[0, 8, 4, 2, 1]",84,78300
rhino,balanced,1,16,4,6.5,84.0,84.0,"[0, 8, 4, 2, 1]",84,78300
rhino,balanced,1,16,8,6.666666666666667,84.0,84.0,"[0, 8, 4, 2, 1]",84,78300
rhino,balanced,1,16,12,6.5,84.0,84.0,"[0, 8, 4, 2, 1]",84,78300
rhino,balanced,2,4,4,26.0,42.0,42.0,"[0, 8, 4, 2, 1]",84,78300
rhino,balanced,2,4,8,26.666666666666668,42.0,42.0,"[0, 8, 4, 2, 1]",84,78300
rhino,balanced,2,4,12,26.0,42.0,42.0,"[0, 8, 4, 2, 1]",84,78300
rhino,balanced,2,8,4,13.0,42.0,42.0,"[0, 8, 4, 2, 1]",84,78300
rhino,balanced,2,8,8,13.333333333333334,42.0,42.0,"[0, 8, 4, 2, 1]",84,78300
rhino,balanced,2,8,12,13.0,42.0,42.0,"[0, 8, 4, 2, 1]",84,78300
rhino,balanced,2,16,4,6.5,42.0,42.0,"[0, 8, 4, 2, 1]",84,78300
rhino,balanced,2,16,8,6.666666666666667,42.0,42.0,"[0, 8, 4, 2, 1]",84,78300
rhino,balanced,2,16,12,6.5,42.0,42.0,"[0, 8, 4, 2, 1]",84,78300
rhino,balanced,3,4,4,26.0,28.0,28.0,"[0, 8, 4, 2, 1]",84,78300
rhino,balanced,3,4,8,26.666666666666668,28.0,28.0,"[0, 8, 4, 2, 1]",84,78300
rhino,balanced,3,4,12,26.0,28.0,28.0,"[0, 8, 4, 2, 1]",84,78300
rhino,balanced,3,8,4,13.0,28.0,28.0,"[0, 8, 4, 2, 1]",84,78300
rhino,balanced,3,8,8,13.333333333333334,28.0,28.0,"[0, 8, 4, 2, 1]",84,78300
rhino,balanced,3,8,12,13.0,28.0,28.0,"[0, 8, 4, 2, 1]",84,78300
rhino,balanced,3,16,4,6.5,28.0,28.0,"[0, 8, 4, 2, 1]",84,78300
rhino,balanced,3,16,8,6.666666666666667,28.0,28.0,"[0, 8, 4, 2, 1]",84,78300
rhino,balanced,3,16,12,6.5,28.0,28.0,"[0, 8, 4, 2, 1]",84,78300
rhino,balanced,6,4,4,26.0,14.0,26.0,"[0, 8, 4, 2, 1]",84,78300
rhino,balanced,6,4,8,26.666666666666668,14.0,26.666666666666668,"[0, 8, 4, 2, 1]",84,78300
rhino,balanced,6,4,12,26.0,14.0,26.0,"[0, 8, 4, 2, 1]",84,78300
rhino,balanced,6,8,4,13.0,14.0,14.0,"[0, 8, 4, 2, 1]",84,78300
rhino,balanced,6,8,8,13.333333333333334,14.0,14.0,"[0, 8, 4, 2, 1]",84,78300
rhino,balanced,6,8,12,13.0,14.0,14.0,"[0, 8, 4, 2, 1]",84,78300
rhino,balanced,6,16,4,6.5,14.0,14.0,"[0, 8, 4, 2, 1]",84,78300
rhino,balanced,6,16,8,6.666666666666667,14.0,14.0,"[0, 8, 4, 2, 1]",84,78300
rhino,balanced,6,16,12,6.5,14.0,14.0,"[0, 8, 4, 2, 1]",84,78300
rhino,slow,1,4,4,26.0,140.0,140.0,"[0, 8, 4, 2, 1]",140,78300
rhino,slow,1,4,8,26.666666666666668,140.0,140.0,"[0, 8, 4, 2, 1]",140,78300
rhino,slow,1,4,12,26.0,140.0,140.0,"[0, 8, 4, 2, 1]",140,78300
rhino,slow,1,8,4,13.0,140.0,140.0,"[0, 8, 4, 2, 1]",140,78300
rhino,slow,1,8,8,13.333333333333334,140.0,140.0,"[0, 8, 4, 2, 1]",140,78300
rhino,slow,1,8,12,13.0,140.0,140.0,"[0, 8, 4, 2, 1]",140,78300
rhino,slow,1,16,4,6.5,140.0,140.0,"[0, 8, 4, 2, 1]",140,78300
rhino,slow,1,16,8,6.666666666666667,140.0,140.0,"[0, 8, 4, 2, 1]",140,78300
rhino,slow,1,16,12,6.5,140.0,140.0,"[0, 8, 4, 2, 1]",140,78300
rhino,slow,2,4,4,26.0,70.0,70.0,"[0, 8, 4, 2, 1]",140,78300
rhino,slow,2,4,8,26.666666666666668,70.0,70.0,"[0, 8, 4, 2, 1]",140,78300
rhino,slow,2,4,12,26.0,70.0,70.0,"[0, 8, 4, 2, 1]",140,78300
rhino,slow,2,8,4,13.0,70.0,70.0,"[0, 8, 4, 2, 1]",140,78300
rhino,slow,2,8,8,13.333333333333334,70.0,70.0,"[0, 8, 4, 2, 1]",140,78300
rhino,slow,2,8,12,13.0,70.0,70.0,"[0, 8, 4, 2, 1]",140,78300
rhino,slow,2,16,4,6.5,70.0,70.0,"[0, 8, 4, 2, 1]",140,78300
rhino,slow,2,16,8,6.666666666666667,70.0,70.0,"[0, 8, 4, 2, 1]",140,78300
rhino,slow,2,16,12,6.5,70.0,70.0,"[0, 8, 4, 2, 1]",140,78300
rhino,slow,3,4,4,26.0,46.666666666666664,46.666666666666664,"[0, 8, 4, 2, 1]",140,78300
rhino,slow,3,4,8,26.666666666666668,46.666666666666664,46.666666666666664,"[0, 8, 4, 2, 1]",140,78300
rhino,slow,3,4,12,26.0,46.666666666666664,46.666666666666664,"[0, 8, 4, 2, 1]",140,78300
rhino,slow,3,8,4,13.0,46.666666666666664,46.666666666666664,"[0, 8, 4, 2, 1]",140,78300
rhino,slow,3,8,8,13.333333333333334,46.666666666666664,46.666666666666664,"[0, 8, 4, 2, 1]",140,78300
rhino,slow,3,8,12,13.0,46.666666666666664,46.666666666666664,"[0, 8, 4, 2, 1]",140,78300
rhino,slow,3,16,4,6.5,46.666666666666664,46.666666666666664,"[0, 8, 4, 2, 1]",140,78300
rhino,slow,3,16,8,6.666666666666667,46.666666666666664,46.666666666666664,"[0, 8, 4, 2, 1]",140,78300
rhino,slow,3,16,12,6.5,46.666666666666664,46.666666666666664,"[0, 8, 4, 2, 1]",140,78300
rhino,slow,6,4,4,26.0,23.333333333333332,26.0,"[0, 8, 4, 2, 1]",140,78300
rhino,slow,6,4,8,26.666666666666668,23.333333333333332,26.666666666666668,"[0, 8, 4, 2, 1]",140,78300
rhino,slow,6,4,12,26.0,23.333333333333332,26.0,"[0, 8, 4, 2, 1]",140,78300
rhino,slow,6,8,4,13.0,23.333333333333332,23.333333333333332,"[0, 8, 4, 2, 1]",140,78300
rhino,slow,6,8,8,13.333333333333334,23.333333333333332,23.333333333333332,"[0, 8, 4, 2, 1]",140,78300
rhino,slow,6,8,12,13.0,23.333333333333332,23.333333333333332,"[0, 8, 4, 2, 1]",140,78300
rhino,slow,6,16,4,6.5,23.333333333333332,23.333333333333332,"[0, 8, 4, 2, 1]",140,78300
rhino,slow,6,16,8,6.666666666666667,23.333333333333332,23.333333333333332,"[0, 8, 4, 2, 1]",140,78300
rhino,slow,6,16,12,6.5,23.333333333333332,23.333333333333332,"[0, 8, 4, 2, 1]",140,78300
hippo,fast,1,4,4,18.0,54.0,54.0,"[0, 8, 4, 2, 1]",54,57532
hippo,fast,1,4,8,18.666666666666668,54.0,54.0,"[0, 8, 4, 2, 1]",54,57532
hippo,fast,1,4,12,18.0,54.0,54.0,"[0, 8, 4, 2, 1]",54,57532
hippo,fast,1,8,4,9.0,54.0,54.0,"[0, 8, 4, 2, 1]",54,57532
hippo,fast,1,8,8,9.333333333333334,54.0,54.0,"[0, 8, 4, 2, 1]",54,57532
hippo,fast,1,8,12,9.0,54.0,54.0,"[0, 8, 4, 2, 1]",54,57532
hippo,fast,1,16,4,4.5,54.0,54.0,"[0, 8, 4, 2, 1]",54,57532
hippo,fast,1,16,8,4.666666666666667,54.0,54.0,"[0, 8, 4, 2, 1]",54,57532
hippo,fast,1,16,12,4.5,54.0,54.0,"[0, 8, 4, 2, 1]",54,57532
hippo,fast,2,4,4,18.0,27.0,27.0,"[0, 8, 4, 2, 1]",54,57532
hippo,fast,2,4,8,18.666666666666668,27.0,27.0,"[0, 8, 4, 2, 1]",54,57532
hippo,fast,2,4,12,18.0,27.0,27.0,"[0, 8, 4, 2, 1]",54,57532
hippo,fast,2,8,4,9.0,27.0,27.0,"[0, 8, 4, 2, 1]",54,57532
hippo,fast,2,8,8,9.333333333333334,27.0,27.0,"[0, 8, 4, 2, 1]",54,57532
hippo,fast,2,8,12,9.0,27.0,27.0,"[0, 8, 4, 2, 1]",54,57532
hippo,fast,2,16,4,4.5,27.0,27.0,"[0, 8, 4, 2, 1]",54,57532
hippo,fast,2,16,8,4.666666666666667,27.0,27.0,"[0, 8, 4, 2, 1]",54,57532
hippo,fast,2,16,12,4.5,27.0,27.0,"[0, 8, 4, 2, 1]",54,57532
hippo,fast,3,4,4,18.0,18.0,18.0,"[0, 8, 4, 2, 1]",54,57532
hippo,fast,3,4,8,18.666666666666668,18.0,18.666666666666668,"[0, 8, 4, 2, 1]",54,57532
hippo,fast,3,4,12,18.0,18.0,18.0,"[0, 8, 4, 2, 1]",54,57532
hippo,fast,3,8,4,9.0,18.0,18.0,"[0, 8, 4, 2, 1]",54,57532
hippo,fast,3,8,8,9.333333333333334,18.0,18.0,"[0, 8, 4, 2, 1]",54,57532
hippo,fast,3,8,12,9.0,18.0,18.0,"[0, 8, 4, 2, 1]",54,57532
hippo,fast,3,16,4,4.5,18.0,18.0,"[0, 8, 4, 2, 1]",54,57532
hippo,fast,3,16,8,4.666666666666667,18.0,18.0,"[0, 8, 4, 2, 1]",54,57532
hippo,fast,3,16,12,4.5,18.0,18.0,"[0, 8, 4, 2, 1]",54,57532
hippo,fast,6,4,4,18.0,9.0,18.0,"[0, 8, 4, 2, 1]",54,57532
hippo,fast,6,4,8,18.666666666666668,9.0,18.666666666666668,"[0, 8, 4, 2, 1]",54,57532
hippo,fast,6,4,12,18.0,9.0,18.0,"[0, 8, 4, 2, 1]",54,57532
hippo,fast,6,8,4,9.0,9.0,9.0,"[0, 8, 4, 2, 1]",54,57532
hippo,fast,6,8,8,9.333333333333334,9.0,9.333333333333334,"[0, 8, 4, 2, 1]",54,57532
hippo,fast,6,8,12,9.0,9.0,9.0,"[0, 8, 4, 2, 1]",54,57532
hippo,fast,6,16,4,4.5,9.0,9.0,"[0, 8, 4, 2, 1]",54,57532
hippo,fast,6,16,8,4.666666666666667,9.0,9.0,"[0, 8, 4, 2, 1]",54,57532
hippo,fast,6,16,12,4.5,9.0,9.0,"[0, 8, 4, 2, 1]",54,57532
hippo,balanced,1,4,4,18.0,84.0,84.0,"[0, 8, 4, 2, 1]",84,57532
hippo,balanced,1,4,8,18.666666666666668,84.0,84.0,"[0, 8, 4, 2, 1]",84,57532
hippo,balanced,1,4,12,18.0,84.0,84.0,"[0, 8, 4, 2, 1]",84,57532
hippo,balanced,1,8,4,9.0,84.0,84.0,"[0, 8, 4, 2, 1]",84,57532
hippo,balanced,1,8,8,9.333333333333334,84.0,84.0,"[0, 8, 4, 2, 1]",84,57532
hippo,balanced,1,8,12,9.0,84.0,84.0,"[0, 8, 4, 2, 1]",84,57532
hippo,balanced,1,16,4,4.5,84.0,84.0,"[0, 8, 4, 2, 1]",84,57532
hippo,balanced,1,16,8,4.666666666666667,84.0,84.0,"[0, 8, 4, 2, 1]",84,57532
hippo,balanced,1,16,12,4.5,84.0,84.0,"[0, 8, 4, 2, 1]",84,57532
hippo,balanced,2,4,4,18.0,42.0,42.0,"[0, 8, 4, 2, 1]",84,57532
hippo,balanced,2,4,8,18.666666666666668,42.0,42.0,"[0, 8, 4, 2, 1]",84,57532
hippo,balanced,2,4,12,18.0,42.0,42.0,"[0, 8, 4, 2, 1]",84,57532
hippo,balanced,2,8,4,9.0,42.0,42.0,"[0, 8, 4, 2, 1]",84,57532
hippo,balanced,2,8,8,9.333333333333334,42.0,42.0,"[0, 8, 4, 2, 1]",84,57532
hippo,balanced,2,8,12,9.0,42.0,42.0,"[0, 8, 4, 2, 1]",84,57532
hippo,balanced,2,16,4,4.5,42.0,42.0,"[0, 8, 4, 2, 1]",84,57532
hippo,balanced,2,16,8,4.666666666666667,42.0,42.0,"[0, 8, 4, 2, 1]",84,57532
hippo,balanced,2,16,12,4.5,42.0,42.0,"[0, 8, 4, 2, 1]",84,57532
hippo,balanced,3,4,4,18.0,28.0,28.0,"[0, 8, 4, 2, 1]",84,57532
hippo,balanced,3,4,8,18.666666666666668,28.0,28.0,"[0, 8, 4, 2, 1]",84,57532
hippo,balanced,3,4,12,18.0,28.0,28.0,"[0, 8, 4, 2, 1]",84,57532
hippo,balanced,3,8,4,9.0,28.0,28.0,"[0, 8, 4, 2, 1]",84,57532
hippo,balanced,3,8,8,9.333333333333334,28.0,28.0,"[0, 8, 4, 2, 1]",84,57532
hippo,balanced,3,8,12,9.0,28.0,28.0,"[0, 8, 4, 2, 1]",84,57532
hippo,balanced,3,16,4,4.5,28.0,28.0,"[0, 8, 4, 2, 1]",84,57532
hippo,balanced,3,16,8,4.666666666666667,28.0,28.0,"[0, 8, 4, 2, 1]",84,57532
hippo,balanced,3,16,12,4.5,28.0,28.0,"[0, 8, 4, 2, 1]",84,57532
hippo,balanced,6,4,4,18.0,14.0,18.0,"[0, 8, 4, 2, 1]",84,57532
hippo,balanced,6,4,8,18.666666666666668,14.0,18.666666666666668,"[0, 8, 4, 2, 1]",84,57532
hippo,balanced,6,4,12,18.0,14.0,18.0,"[0, 8, 4, 2, 1]",84,57532
hippo,balanced,6,8,4,9.0,14.0,14.0,"[0, 8, 4, 2, 1]",84,57532
hippo,balanced,6,8,8,9.333333333333334,14.0,14.0,"[0, 8, 4, 2, 1]",84,57532
hippo,balanced,6,8,12,9.0,14.0,14.0,"[0, 8, 4, 2, 1]",84,57532
hippo,balanced,6,16,4,4.5,14.0,14.0,"[0, 8, 4, 2, 1]",84,57532
hippo,balanced,6,16,8,4.666666666666667,14.0,14.0,"[0, 8, 4, 2, 1]",84,57532
hippo,balanced,6,16,12,4.5,14.0,14.0,"[0, 8, 4, 2, 1]",84,57532
hippo,slow,1,4,4,18.0,140.0,140.0,"[0, 8, 4, 2, 1]",140,57532
hippo,slow,1,4,8,18.666666666666668,140.0,140.0,"[0, 8, 4, 2, 1]",140,57532
hippo,slow,1,4,12,18.0,140.0,140.0,"[0, 8, 4, 2, 1]",140,57532
hippo,slow,1,8,4,9.0,140.0,140.0,"[0, 8, 4, 2, 1]",140,57532
hippo,slow,1,8,8,9.333333333333334,140.0,140.0,"[0, 8, 4, 2, 1]",140,57532
hippo,slow,1,8,12,9.0,140.0,140.0,"[0, 8, 4, 2, 1]",140,57532
hippo,slow,1,16,4,4.5,140.0,140.0,"[0, 8, 4, 2, 1]",140,57532
hippo,slow,1,16,8,4.666666666666667,140.0,140.0,"[0, 8, 4, 2, 1]",140,57532
hippo,slow,1,16,12,4.5,140.0,140.0,"[0, 8, 4, 2, 1]",140,57532
hippo,slow,2,4,4,18.0,70.0,70.0,"[0, 8, 4, 2, 1]",140,57532
hippo,slow,2,4,8,18.666666666666668,70.0,70.0,"[0, 8, 4, 2, 1]",140,57532
hippo,slow,2,4,12,18.0,70.0,70.0,"[0, 8, 4, 2, 1]",140,57532
hippo,slow,2,8,4,9.0,70.0,70.0,"[0, 8, 4, 2, 1]",140,57532
hippo,slow,2,8,8,9.333333333333334,70.0,70.0,"[0, 8, 4, 2, 1]",140,57532
hippo,slow,2,8,12,9.0,70.0,70.0,"[0, 8, 4, 2, 1]",140,57532
hippo,slow,2,16,4,4.5,70.0,70.0,"[0, 8, 4, 2, 1]",140,57532
hippo,slow,2,16,8,4.666666666666667,70.0,70.0,"[0, 8, 4, 2, 1]",140,57532
hippo,slow,2,16,12,4.5,70.0,70.0,"[0, 8, 4, 2, 1]",140,57532
hippo,slow,3,4,4,18.0,46.666666666666664,46.666666666666664,"[0, 8, 4, 2, 1]",140,57532
hippo,slow,3,4,8,18.666666666666668,46.666666666666664,46.666666666666664,"[0, 8, 4, 2, 1]",140,57532
hippo,slow,3,4,12,18.0,46.666666666666664,46.666666666666664,"[0, 8, 4, 2, 1]",140,57532
hippo,slow,3,8,4,9.0,46.666666666666664,46.666666666666664,"[0, 8, 4, 2, 1]",140,57532
hippo,slow,3,8,8,9.333333333333334,46.666666666666664,46.666666666666664,"[0, 8, 4, 2, 1]",140,57532
hippo,slow,3,8,12,9.0,46.666666666666664,46.666666666666664,"[0, 8, 4, 2, 1]",140,57532
hippo,slow,3,16,4,4.5,46.666666666666664,46.666666666666664,"[0, 8, 4, 2, 1]",140,57532
hippo,slow,3,16,8,4.666666666666667,46.666666666666664,46.666666666666664,"[0, 8, 4, 2, 1]",140,57532
hippo,slow,3,16,12,4.5,46.666666666666664,46.666666666666664,"[0, 8, 4, 2, 1]",140,57532
hippo,slow,6,4,4,18.0,23.333333333333332,23.333333333333332,"[0, 8, 4, 2, 1]",140,57532
hippo,slow,6,4,8,18.666666666666668,23.333333333333332,23.333333333333332,"[0, 8, 4, 2, 1]",140,57532
hippo,slow,6,4,12,18.0,23.333333333333332,23.333333333333332,"[0, 8, 4, 2, 1]",140,57532
hippo,slow,6,8,4,9.0,23.333333333333332,23.333333333333332,"[0, 8, 4, 2, 1]",140,57532
hippo,slow,6,8,8,9.333333333333334,23.333333333333332,23.333333333333332,"[0, 8, 4, 2, 1]",140,57532
hippo,slow,6,8,12,9.0,23.333333333333332,23.333333333333332,"[0, 8, 4, 2, 1]",140,57532
hippo,slow,6,16,4,4.5,23.333333333333332,23.333333333333332,"[0, 8, 4, 2, 1]",140,57532
hippo,slow,6,16,8,4.666666666666667,23.333333333333332,23.333333333333332,"[0, 8, 4, 2, 1]",140,57532
hippo,slow,6,16,12,4.5,23.333333333333332,23.333333333333332,"[0, 8, 4, 2, 1]",140,57532
crocodile,fast,1,4,4,26.0,54.0,54.0,"[0, 8, 4, 2, 1]",54,83044
crocodile,fast,1,4,8,26.666666666666668,54.0,54.0,"[0, 8, 4, 2, 1]",54,83044
crocodile,fast,1,4,12,26.0,54.0,54.0,"[0, 8, 4, 2, 1]",54,83044
crocodile,fast,1,8,4,13.0,54.0,54.0,"[0, 8, 4, 2, 1]",54,83044
crocodile,fast,1,8,8,13.333333333333334,54.0,54.0,"[0, 8, 4, 2, 1]",54,83044
crocodile,fast,1,8,12,13.0,54.0,54.0,"[0, 8, 4, 2, 1]",54,83044
crocodile,fast,1,16,4,6.5,54.0,54.0,"[0, 8, 4, 2, 1]",54,83044
crocodile,fast,1,16,8,6.666666666666667,54.0,54.0,"[0, 8, 4, 2, 1]",54,83044
crocodile,fast,1,16,12,6.5,54.0,54.0,"[0, 8, 4, 2, 1]",54,83044
crocodile,fast,2,4,4,26.0,27.0,27.0,"[0, 8, 4, 2, 1]",54,83044
crocodile,fast,2,4,8,26.666666666666668,27.0,27.0,"[0, 8, 4, 2, 1]",54,83044
crocodile,fast,2,4,12,26.0,27.0,27.0,"[0, 8, 4, 2, 1]",54,83044
crocodile,fast,2,8,4,13.0,27.0,27.0,"[0, 8, 4, 2, 1]",54,83044
crocodile,fast,2,8,8,13.333333333333334,27.0,27.0,"[0, 8, 4, 2, 1]",54,83044
crocodile,fast,2,8,12,13.0,27.0,27.0,"[0, 8, 4, 2, 1]",54,83044
crocodile,fast,2,16,4,6.5,27.0,27.0,"[0, 8, 4, 2, 1]",54,83044
crocodile,fast,2,16,8,6.666666666666667,27.0,27.0,"[0, 8, 4, 2, 1]",54,83044
crocodile,fast,2,16,12,6.5,27.0,27.0,"[0, 8, 4, 2, 1]",54,83044
crocodile,fast,3,4,4,26.0,18.0,26.0,"[0, 8, 4, 2, 1]",54,83044
crocodile,fast,3,4,8,26.666666666666668,18.0,26.666666666666668,"[0, 8, 4, 2, 1]",54,83044
crocodile,fast,3,4,12,26.0,18.0,26.0,"[0, 8, 4, 2, 1]",54,83044
crocodile,fast,3,8,4,13.0,18.0,18.0,"[0, 8, 4, 2, 1]",54,83044
crocodile,fast,3,8,8,13.333333333333334,18.0,18.0,"[0, 8, 4, 2, 1]",54,83044
crocodile,fast,3,8,12,13.0,18.0,18.0,"[0, 8, 4, 2, 1]",54,83044
crocodile,fast,3,16,4,6.5,18.0,18.0,"[0, 8, 4, 2, 1]",54,83044
crocodile,fast,3,16,8,6.666666666666667,18.0,18.0,"[0, 8, 4, 2, 1]",54,83044
crocodile,fast,3,16,12,6.5,18.0,18.0,"[0, 8, 4, 2, 1]",54,83044
crocodile,fast,6,4,4,26.0,9.0,26.0,"[0, 8, 4, 2, 1]",54,83044
crocodile,fast,6,4,8,26.666666666666668,9.0,26.666666666666668,"[0, 8, 4, 2, 1]",54,83044
crocodile,fast,6,4,12,26.0,9.0,26.0,"[0, 8, 4, 2, 1]",54,83044
crocodile,fast,6,8,4,13.0,9.0,13.0,"[0, 8, 4, 2, 1]",54,83044
crocodile,fast,6,8,8,13.333333333333334,9.0,13.333333333333334,"[0, 8, 4, 2, 1]",54,83044
crocodile,fast,6,8,12,13.0,9.0,13.0,"[0, 8, 4, 2, 1]",54,83044
crocodile,fast,6,16,4,6.5,9.0,9.0,"[0, 8, 4, 2, 1]",54,83044
crocodile,fast,6,16,8,6.666666666666667,9.0,9.0,"[0, 8, 4, 2, 1]",54,83044
crocodile,fast,6,16,12,6.5,9.0,9.0,"[0, 8, 4, 2, 1]",54,83044
crocodile,balanced,1,4,4,26.0,84.0,84.0,"[0, 8, 4, 2, 1]",84,83044
crocodile,balanced,1,4,8,26.666666666666668,84.0,84.0,"[0, 8, 4, 2, 1]",84,83044
crocodile,balanced,1,4,12,26.0,84.0,84.0,"[0, 8, 4, 2, 1]",84,83044
crocodile,balanced,1,8,4,13.0,84.0,84.0,"[0, 8, 4, 2, 1]",84,83044
crocodile,balanced,1,8,8,13.333333333333334,84.0,84.0,"[0, 8, 4, 2, 1]",84,83044
crocodile,balanced,1,8,12,13.0,84.0,84.0,"[0, 8, 4, 2, 1]",84,83044
crocodile,balanced,1,16,4,6.5,84.0,84.0,"[0, 8, 4, 2, 1]",84,83044
crocodile,balanced,1,16,8,6.666666666666667,84.0,84.0,"[0, 8, 4, 2, 1]",84,83044
crocodile,balanced,1,16,12,6.5,84.0,84.0,"[0, 8, 4, 2, 1]",84,83044
crocodile,balanced,2,4,4,26.0,42.0,42.0,"[0, 8, 4, 2, 1]",84,83044
crocodile,balanced,2,4,8,26.666666666666668,42.0,42.0,"[0, 8, 4, 2, 1]",84,83044
crocodile,balanced,2,4,12,26.0,42.0,42.0,"[0, 8, 4, 2, 1]",84,83044
crocodile,balanced,2,8,4,13.0,42.0,42.0,"[0, 8, 4, 2, 1]",84,83044
crocodile,balanced,2,8,8,13.333333333333334,42.0,42.0,"[0, 8, 4, 2, 1]",84,83044
crocodile,balanced,2,8,12,13.0,42.0,42.0,"[0, 8, 4, 2, 1]",84,83044
crocodile,balanced,2,16,4,6.5,42.0,42.0,"[0, 8, 4, 2, 1]",84,83044
crocodile,balanced,2,16,8,6.666666666666667,42.0,42.0,"[0, 8, 4, 2, 1]",84,83044
crocodile,balanced,2,16,12,6.5,42.0,42.0,"[0, 8, 4, 2, 1]",84,83044
crocodile,balanced,3,4,4,26.0,28.0,28.0,"[0, 8, 4, 2, 1]",84,83044
crocodile,balanced,3,4,8,26.666666666666668,28.0,28.0,"[0, 8, 4, 2, 1]",84,83044
crocodile,balanced,3,4,12,26.0,28.0,28.0,"[0, 8, 4, 2, 1]",84,83044
crocodile,balanced,3,8,4,13.0,28.0,28.0,"[0, 8, 4, 2, 1]",84,83044
crocodile,balanced,3,8,8,13.333333333333334,28.0,28.0,"[0, 8, 4, 2, 1]",84,83044
crocodile,balanced,3,8,12,13.0,28.0,28.0,"[0, 8, 4, 2, 1]",84,83044
crocodile,balanced,3,16,4,6.5,28.0,28.0,"[0, 8, 4, 2, 1]",84,83044
crocodile,balanced,3,16,8,6.666666666666667,28.0,28.0,"[0, 8, 4, 2, 1]",84,83044
crocodile,balanced,3,16,12,6.5,28.0,28.0,"[0, 8, 4, 2, 1]",84,83044
crocodile,balanced,6,4,4,26.0,14.0,26.0,"[0, 8, 4, 2, 1]",84,83044
crocodile,balanced,6,4,8,26.666666666666668,14.0,26.666666666666668,"[0, 8, 4, 2, 1]",84,83044
crocodile,balanced,6,4,12,26.0,14.0,26.0,"[0, 8, 4, 2, 1]",84,83044
crocodile,balanced,6,8,4,13.0,14.0,14.0,"[0, 8, 4, 2, 1]",84,83044
crocodile,balanced,6,8,8,13.333333333333334,14.0,14.0,"[0, 8, 4, 2, 1]",84,83044
crocodile,balanced,6,8,12,13.0,14.0,14.0,"[0, 8, 4, 2, 1]",84,83044
crocodile,balanced,6,16,4,6.5,14.0,14.0,"[0, 8, 4, 2, 1]",84,83044
crocodile,balanced,6,16,8,6.666666666666667,14.0,14.0,"[0, 8, 4, 2, 1]",84,83044
crocodile,balanced,6,16,12,6.5,14.0,14.0,"[0, 8, 4, 2, 1]",84,83044
crocodile,slow,1,4,4,26.0,140.0,140.0,"[0, 8, 4, 2, 1]",140,83044
crocodile,slow,1,4,8,26.666666666666668,140.0,140.0,"[0, 8, 4, 2, 1]",140,83044
crocodile,slow,1,4,12,26.0,140.0,140.0,"[0, 8, 4, 2, 1]",140,83044
crocodile,slow,1,8,4,13.0,140.0,140.0,"[0, 8, 4, 2, 1]",140,83044
crocodile,slow,1,8,8,13.333333333333334,140.0,140.0,"[0, 8, 4, 2, 1]",140,83044
crocodile,slow,1,8,12,13.0,140.0,140.0,"[0, 8, 4, 2, 1]",140,83044
crocodile,slow,1,16,4,6.5,140.0,140.0,"[0, 8, 4, 2, 1]",140,83044
crocodile,slow,1,16,8,6.666666666666667,140.0,140.0,"[0, 8, 4, 2, 1]",140,83044
crocodile,slow,1,16,12,6.5,140.0,140.0,"[0, 8, 4, 2, 1]",140,83044
crocodile,slow,2,4,4,26.0,70.0,70.0,"[0, 8, 4, 2, 1]",140,83044
crocodile,slow,2,4,8,26.666666666666668,70.0,70.0,"[0, 8, 4, 2, 1]",140,83044
crocodile,slow,2,4,12,26.0,70.0,70.0,"[0, 8, 4, 2, 1]",140,83044
crocodile,slow,2,8,4,13.0,70.0,70.0,"[0, 8, 4, 2, 1]",140,83044
crocodile,slow,2,8,8,13.333333333333334,70.0,70.0,"[0, 8, 4, 2, 1]",140,83044
crocodile,slow,2,8,12,13.0,70.0,70.0,"[0, 8, 4, 2, 1]",140,83044
crocodile,slow,2,16,4,6.5,70.0,70.0,"[0, 8, 4, 2, 1]",140,83044
crocodile,slow,2,16,8,6.666666666666667,70.0,70.0,"[0, 8, 4, 2, 1]",140,83044
crocodile,slow,2,16,12,6.5,70.0,70.0,"[0, 8, 4, 2, 1]",140,83044
crocodile,slow,3,4,4,26.0,46.666666666666664,46.666666666666664,"[0, 8, 4, 2, 1]",140,83044
crocodile,slow,3,4,8,26.666666666666668,46.666666666666664,46.666666666666664,"[0, 8, 4, 2, 1]",140,83044
crocodile,slow,3,4,12,26.0,46.666666666666664,46.666666666666664,"[0, 8, 4, 2, 1]",140,83044
crocodile,slow,3,8,4,13.0,46.666666666666664,46.666666666666664,"[0, 8, 4, 2, 1]",140,83044
crocodile,slow,3,8,8,13.333333333333334,46.666666666666664,46.666666666666664,"[0, 8, 4, 2, 1]",140,83044
crocodile,slow,3,8,12,13.0,46.666666666666664,46.666666666666664,"[0, 8, 4, 2, 1]",140,83044
crocodile,slow,3,16,4,6.5,46.666666666666664,46.666666666666664,"[0, 8, 4, 2, 1]",140,83044
crocodile,slow,3,16,8,6.666666666666667,46.666666666666664,46.666666666666664,"[0, 8, 4, 2, 1]",140,83044
crocodile,slow,3,16,12,6.5,46.666666666666664,46.666666666666664,"[0, 8, 4, 2, 1]",140,83044
crocodile,slow,6,4,4,26.0,23.333333333333332,26.0,"[0, 8, 4, 2, 1]",140,83044
crocodile,slow,6,4,8,26.666666666666668,23.333333333333332,26.666666666666668,"[0, 8, 4, 2, 1]",140,83044
crocodile,slow,6,4,12,26.0,23.333333333333332,26.0,"[0, 8, 4, 2, 1]",140,83044
crocodile,slow,6,8,4,13.0,23.333333333333332,23.333333333333332,"[0, 8, 4, 2, 1]",140,83044
crocodile,slow,6,8,8,13.333333333333334,23.333333333333332,23.333333333333332,"[0, 8, 4, 2, 1]",140,83044
crocodile,slow,6,8,12,13.0,23.333333333333332,23.333333333333332,"[0, 8, 4, 2, 1]",140,83044
crocodile,slow,6,16,4,6.5,23.333333333333332,23.333333333333332,"[0, 8, 4, 2, 1]",140,83044
crocodile,slow,6,16,8,6.666666666666667,23.333333333333332,23.333333333333332,"[0, 8, 4, 2, 1]",140,83044
crocodile,slow,6,16,12,6.5,23.333333333333332,23.333333333333332,"[0, 8, 4, 2, 1]",140,83044
lion,fast,1,4,4,28.0,54.0,54.0,"[0, 8, 4, 2, 1]",54,94488
lion,fast,1,4,8,28.0,54.0,54.0,"[0, 8, 4, 2, 1]",54,94488
lion,fast,1,4,12,28.0,54.0,54.0,"[0, 8, 4, 2, 1]",54,94488
lion,fast,1,8,4,14.0,54.0,54.0,"[0, 8, 4, 2, 1]",54,94488
lion,fast,1,8,8,14.0,54.0,54.0,"[0, 8, 4, 2, 1]",54,94488
lion,fast,1,8,12,14.0,54.0,54.0,"[0, 8, 4, 2, 1]",54,94488
lion,fast,1,16,4,7.0,54.0,54.0,"[0, 8, 4, 2, 1]",54,94488
lion,fast,1,16,8,7.0,54.0,54.0,"[0, 8, 4, 2, 1]",54,94488
lion,fast,1,16,12,7.0,54.0,54.0,"[0, 8, 4, 2, 1]",54,94488
lion,fast,2,4,4,28.0,27.0,28.0,"[0, 8, 4, 2, 1]",54,94488
lion,fast,2,4,8,28.0,27.0,28.0,"[0, 8, 4, 2, 1]",54,94488
lion,fast,2,4,12,28.0,27.0,28.0,"[0, 8, 4, 2, 1]",54,94488
lion,fast,2,8,4,14.0,27.0,27.0,"[0, 8, 4, 2, 1]",54,94488
lion,fast,2,8,8,14.0,27.0,27.0,"[0, 8, 4, 2, 1]",54,94488
lion,fast,2,8,12,14.0,27.0,27.0,"[0, 8, 4, 2, 1]",54,94488
lion,fast,2,16,4,7.0,27.0,27.0,"[0, 8, 4, 2, 1]",54,94488
lion,fast,2,16,8,7.0,27.0,27.0,"[0, 8, 4, 2, 1]",54,94488
lion,fast,2,16,12,7.0,27.0,27.0,"[0, 8, 4, 2, 1]",54,94488
lion,fast,3,4,4,28.0,18.0,28.0,"[0, 8, 4, 2, 1]",54,94488
lion,fast,3,4,8,28.0,18.0,28.0,"[0, 8, 4, 2, 1]",54,94488
lion,fast,3,4,12,28.0,18.0,28.0,"[0, 8, 4, 2, 1]",54,94488
lion,fast,3,8,4,14.0,18.0,18.0,"[0, 8, 4, 2, 1]",54,94488
lion,fast,3,8,8,14.0,18.0,18.0,"[0, 8, 4, 2, 1]",54,94488
lion,fast,3,8,12,14.0,18.0,18.0,"[0, 8, 4, 2, 1]",54,94488
lion,fast,3,16,4,7.0,18.0,18.0,"[0, 8, 4, 2, 1]",54,94488
lion,fast,3,16,8,7.0,18.0,18.0,"[0, 8, 4, 2, 1]",54,94488
lion,fast,3,16,12,7.0,18.0,18.0,"[0, 8, 4, 2, 1]",54,94488
lion,fast,6,4,4,28.0,9.0,28.0,"[0, 8, 4, 2, 1]",54,94488
lion,fast,6,4,8,28.0,9.0,28.0,"[0, 8, 4, 2, 1]",54,94488
lion,fast,6,4,12,28.0,9.0,28.0,"[0, 8, 4, 2, 1]",54,94488
lion,fast,6,8,4,14.0,9.0,14.0,"[0, 8, 4, 2, 1]",54,94488
lion,fast,6,8,8,14.0,9.0,14.0,"[0, 8, 4, 2, 1]",54,94488
lion,fast,6,8,12,14.0,9.0,14.0,"[0, 8, 4, 2, 1]",54,94488
lion,fast,6,16,4,7.0,9.0,9.0,"[0, 8, 4, 2, 1]",54,94488
lion,fast,6,16,8,7.0,9.0,9.0,"[0, 8, 4, 2, 1]",54,94488
lion,fast,6,16,12,7.0,9.0,9.0,"[0, 8, 4, 2, 1]",54,94488
lion,balanced,1,4,4,28.0,84.0,84.0,"[0, 8, 4, 2, 1]",84,94488
lion,balanced,1,4,8,28.0,84.0,84.0,"[0, 8, 4, 2, 1]",84,94488
lion,balanced,1,4,12,28.0,84.0,84.0,"[0, 8, 4, 2, 1]",84,94488
lion,balanced,1,8,4,14.0,84.0,84.0,"[0, 8, 4, 2, 1]",84,94488
lion,balanced,1,8,8,14.0,84.0,84.0,"[0, 8, 4, 2, 1]",84,94488
lion,balanced,1,8,12,14.0,84.0,84.0,"[0, 8, 4, 2, 1]",84,94488
lion,balanced,1,16,4,7.0,84.0,84.0,"[0, 8, 4, 2, 1]",84,94488
lion,balanced,1,16,8,7.0,84.0,84.0,"[0, 8, 4, 2, 1]",84,94488
lion,balanced,1,16,12,7.0,84.0,84.0,"[0, 8, 4, 2, 1]",84,94488
lion,balanced,2,4,4,28.0,42.0,42.0,"[0, 8, 4, 2, 1]",84,94488
lion,balanced,2,4,8,28.0,42.0,42.0,"[0, 8, 4, 2, 1]",84,94488
lion,balanced,2,4,12,28.0,42.0,42.0,"[0, 8, 4, 2, 1]",84,94488
lion,balanced,2,8,4,14.0,42.0,42.0,"[0, 8, 4, 2, 1]",84,94488
lion,balanced,2,8,8,14.0,42.0,42.0,"[0, 8, 4, 2, 1]",84,94488
lion,balanced,2,8,12,14.0,42.0,42.0,"[0, 8, 4, 2, 1]",84,94488
lion,balanced,2,16,4,7.0,42.0,42.0,"[0, 8, 4, 2, 1]",84,94488
lion,balanced,2,16,8,7.0,42.0,42.0,"[0, 8, 4, 2, 1]",84,94488
lion,balanced,2,16,12,7.0,42.0,42.0,"[0, 8, 4, 2, 1]",84,94488
lion,balanced,3,4,4,28.0,28.0,28.0,"[0, 8, 4, 2, 1]",84,94488
lion,balanced,3,4,8,28.0,28.0,28.0,"[0, 8, 4, 2, 1]",84,94488
lion,balanced,3,4,12,28.0,28.0,28.0,"[0, 8, 4, 2, 1]",84,94488
lion,balanced,3,8,4,14.0,28.0,28.0,"[0, 8, 4, 2, 1]",84,94488
lion,balanced,3,8,8,14.0,28.0,28.0,"[0, 8, 4, 2, 1]",84,94488
lion,balanced,3,8,12,14.0,28.0,28.0,"[0, 8, 4, 2, 1]",84,94488
lion,balanced,3,16,4,7.0,28.0,28.0,"[0, 8, 4, 2, 1]",84,94488
lion,balanced,3,16,8,7.0,28.0,28.0,"[0, 8, 4, 2, 1]",84,94488
lion,balanced,3,16,12,7.0,28.0,28.0,"[0, 8, 4, 2, 1]",84,94488
lion,balanced,6,4,4,28.0,14.0,28.0,"[0, 8, 4, 2, 1]",84,94488
lion,balanced,6,4,8,28.0,14.0,28.0,"[0, 8, 4, 2, 1]",84,94488
lion,balanced,6,4,12,28.0,14.0,28.0,"[0, 8, 4, 2, 1]",84,94488
lion,balanced,6,8,4,14.0,14.0,14.0,"[0, 8, 4, 2, 1]",84,94488
lion,balanced,6,8,8,14.0,14.0,14.0,"[0, 8, 4, 2, 1]",84,94488
lion,balanced,6,8,12,14.0,14.0,14.0,"[0, 8, 4, 2, 1]",84,94488
lion,balanced,6,16,4,7.0,14.0,14.0,"[0, 8, 4, 2, 1]",84,94488
lion,balanced,6,16,8,7.0,14.0,14.0,"[0, 8, 4, 2, 1]",84,94488
lion,balanced,6,16,12,7.0,14.0,14.0,"[0, 8, 4, 2, 1]",84,94488
lion,slow,1,4,4,28.0,140.0,140.0,"[0, 8, 4, 2, 1]",140,94488
lion,slow,1,4,8,28.0,140.0,140.0,"[0, 8, 4, 2, 1]",140,94488
lion,slow,1,4,12,28.0,140.0,140.0,"[0, 8, 4, 2, 1]",140,94488
lion,slow,1,8,4,14.0,140.0,140.0,"[0, 8, 4, 2, 1]",140,94488
lion,slow,1,8,8,14.0,140.0,140.0,"[0, 8, 4, 2, 1]",140,94488
lion,slow,1,8,12,14.0,140.0,140.0,"[0, 8, 4, 2, 1]",140,94488
lion,slow,1,16,4,7.0,140.0,140.0,"[0, 8, 4, 2, 1]",140,94488
lion,slow,1,16,8,7.0,140.0,140.0,"[0, 8, 4, 2, 1]",140,94488
lion,slow,1,16,12,7.0,140.0,140.0,"[0, 8, 4, 2, 1]",140,94488
lion,slow,2,4,4,28.0,70.0,70.0,"[0, 8, 4, 2, 1]",140,94488
lion,slow,2,4,8,28.0,70.0,70.0,"[0, 8, 4, 2, 1]",140,94488
lion,slow,2,4,12,28.0,70.0,70.0,"[0, 8, 4, 2, 1]",140,94488
lion,slow,2,8,4,14.0,70.0,70.0,"[0, 8, 4, 2, 1]",140,94488
lion,slow,2,8,8,14.0,70.0,70.0,"[0, 8, 4, 2, 1]",140,94488
lion,slow,2,8,12,14.0,70.0,70.0,"[0, 8, 4, 2, 1]",140,94488
lion,slow,2,16,4,7.0,70.0,70.0,"[0, 8, 4, 2, 1]",140,94488
lion,slow,2,16,8,7.0,70.0,70.0,"[0, 8, 4, 2, 1]",140,94488
lion,slow,2,16,12,7.0,70.0,70.0,"[0, 8, 4, 2, 1]",140,94488
lion,slow,3,4,4,28.0,46.666666666666664,46.666666666666664,"[0, 8, 4, 2, 1]",140,94488
lion,slow,3,4,8,28.0,46.666666666666664,46.666666666666664,"[0, 8, 4, 2, 1]",140,94488
lion,slow,3,4,12,28.0,46.666666666666664,46.666666666666664,"[0, 8, 4, 2, 1]",140,94488
lion,slow,3,8,4,14.0,46.666666666666664,46.666666666666664,"[0, 8, 4, 2, 1]",140,94488
lion,slow,3,8,8,14.0,46.666666666666664,46.666666666666664,"[0, 8, 4, 2, 1]",140,94488
lion,slow,3,8,12,14.0,46.666666666666664,46.666666666666664,"[0, 8, 4, 2, 1]",140,94488
lion,slow,3,16,4,7.0,46.666666666666664,46.666666666666664,"[0, 8, 4, 2, 1]",140,94488
lion,slow,3,16,8,7.0,46.666666666666664,46.666666666666664,"[0, 8, 4, 2, 1]",140,94488
lion,slow,3,16,12,7.0,46.666666666666664,46.666666666666664,"[0, 8, 4, 2, 1]",140,94488
lion,slow,6,4,4,28.0,23.333333333333332,28.0,"[0, 8, 4, 2, 1]",140,94488
lion,slow,6,4,8,28.0,23.333333333333332,28.0,"[0, 8, 4, 2, 1]",140,94488
lion,slow,6,4,12,28.0,23.333333333333332,28.0,"[0, 8, 4, 2, 1]",140,94488
lion,slow,6,8,4,14.0,23.333333333333332,23.333333333333332,"[0, 8, 4, 2, 1]",140,94488
lion,slow,6,8,8,14.0,23.333333333333332,23.333333333333332,"[0, 8, 4, 2, 1]",140,94488
lion,slow,6,8,12,14.0,23.333333333333332,23.333333333333332,"[0, 8, 4, 2, 1]",140,94488
lion,slow,6,16,4,7.0,23.333333333333332,23.333333333333332,"[0, 8, 4, 2, 1]",140,94488
lion,slow,6,16,8,7.0,23.333333333333332,23.333333333333332,"[0, 8, 4, 2, 1]",140,94488
lion,slow,6,16,12,7.0,23.333333333333332,23.333333333333332,"[0, 8, 4, 2, 1]",140,94488
elephant,fast,1,4,4,36.0,54.0,54.0,"[0, 8, 4, 2, 1]",54,128080
elephant,fast,1,4,8,36.0,54.0,54.0,"[0, 8, 4, 2, 1]",54,128080
elephant,fast,1,4,12,36.0,54.0,54.0,"[0, 8, 4, 2, 1]",54,128080
elephant,fast,1,8,4,18.0,54.0,54.0,"[0, 8, 4, 2, 1]",54,128080
elephant,fast,1,8,8,18.0,54.0,54.0,"[0, 8, 4, 2, 1]",54,128080
elephant,fast,1,8,12,18.0,54.0,54.0,"[0, 8, 4, 2, 1]",54,128080
elephant,fast,1,16,4,9.0,54.0,54.0,"[0, 8, 4, 2, 1]",54,128080
elephant,fast,1,16,8,9.0,54.0,54.0,"[0, 8, 4, 2, 1]",54,128080
elephant,fast,1,16,12,9.0,54.0,54.0,"[0, 8, 4, 2, 1]",54,128080
elephant,fast,2,4,4,36.0,27.0,36.0,"[0, 8, 4, 2, 1]",54,128080
elephant,fast,2,4,8,36.0,27.0,36.0,"[0, 8, 4, 2, 1]",54,128080
elephant,fast,2,4,12,36.0,27.0,36.0,"[0, 8, 4, 2, 1]",54,128080
elephant,fast,2,8,4,18.0,27.0,27.0,"[0, 8, 4, 2, 1]",54,128080
elephant,fast,2,8,8,18.0,27.0,27.0,"[0, 8, 4, 2, 1]",54,128080
elephant,fast,2,8,12,18.0,27.0,27.0,"[0, 8, 4, 2, 1]",54,128080
elephant,fast,2,16,4,9.0,27.0,27.0,"[0, 8, 4, 2, 1]",54,128080
elephant,fast,2,16,8,9.0,27.0,27.0,"[0, 8, 4, 2, 1]",54,128080
elephant,fast,2,16,12,9.0,27.0,27.0,"[0, 8, 4, 2, 1]",54,128080
elephant,fast,3,4,4,36.0,18.0,36.0,"[0, 8, 4, 2, 1]",54,128080
elephant,fast,3,4,8,36.0,18.0,36.0,"[0, 8, 4, 2, 1]",54,128080
elephant,fast,3,4,12,36.0,18.0,36.0,"[0, 8, 4, 2, 1]",54,128080
elephant,fast,3,8,4,18.0,18.0,18.0,"[0, 8, 4, 2, 1]",54,128080
elephant,fast,3,8,8,18.0,18.0,18.0,"[0, 8, 4, 2, 1]",54,128080
elephant,fast,3,8,12,18.0,18.0,18.0,"[0, 8, 4, 2, 1]",54,128080
elephant,fast,3,16,4,9.0,18.0,18.0,"[0, 8, 4, 2, 1]",54,128080
elephant,fast,3,16,8,9.0,18.0,18.0,"[0, 8, 4, 2, 1]",54,128080
elephant,fast,3,16,12,9.0,18.0,18.0,"[0, 8, 4, 2, 1]",54,128080
elephant,fast,6,4,4,36.0,9.0,36.0,"[0, 8, 4, 2, 1]",54,128080
elephant,fast,6,4,8,36.0,9.0,36.0,"[0, 8, 4, 2, 1]",54,128080
elephant,fast,6,4,12,36.0,9.0,36.0,"[0, 8, 4, 2, 1]",54,128080
elephant,fast,6,8,4,18.0,9.0,18.0,"[0, 8, 4, 2, 1]",54,128080
elephant,fast,6,8,8,18.0,9.0,18.0,"[0, 8, 4, 2, 1]",54,128080
elephant,fast,6,8,12,18.0,9.0,18.0,"[0, 8, 4, 2, 1]",54,128080
elephant,fast,6,16,4,9.0,9.0,9.0,"[0, 8, 4, 2, 1]",54,128080
elephant,fast,6,16,8,9.0,9.0,9.0,"[0, 8, 4, 2, 1]",54,128080
elephant,fast,6,16,12,9.0,9.0,9.0,"[0, 8, 4, 2, 1]",54,128080
elephant,balanced,1,4,4,36.0,84.0,84.0,"[0, 8, 4, 2, 1]",84,128080
elephant,balanced,1,4,8,36.0,84.0,84.0,"[0, 8, 4, 2, 1]",84,128080
elephant,balanced,1,4,12,36.0,84.0,84.0,"[0, 8, 4, 2, 1]",84,128080
elephant,balanced,1,8,4,18.0,84.0,84.0,"[0, 8, 4, 2, 1]",84,128080
elephant,balanced,1,8,8,18.0,84.0,84.0,"[0, 8, 4, 2, 1]",84,128080
elephant,balanced,1,8,12,18.0,84.0,84.0,"[0, 8, 4, 2, 1]",84,128080
elephant,balanced,1,16,4,9.0,84.0,84.0,"[0, 8, 4, 2, 1]",84,128080
elephant,balanced,1,16,8,9.0,84.0,84.0,"[0, 8, 4, 2, 1]",84,128080
elephant,balanced,1,16,12,9.0,84.0,84.0,"[0, 8, 4, 2, 1]",84,128080
elephant,balanced,2,4,4,36.0,42.0,42.0,"[0, 8, 4, 2, 1]",84,128080
elephant,balanced,2,4,8,36.0,42.0,42.0,"[0, 8, 4, 2, 1]",84,128080
elephant,balanced,2,4,12,36.0,42.0,42.0,"[0, 8, 4, 2, 1]",84,128080
elephant,balanced,2,8,4,18.0,42.0,42.0,"[0, 8, 4, 2, 1]",84,128080
elephant,balanced,2,8,8,18.0,42.0,42.0,"[0, 8, 4, 2, 1]",84,128080
elephant,balanced,2,8,12,18.0,42.0,42.0,"[0, 8, 4, 2, 1]",84,128080
elephant,balanced,2,16,4,9.0,42.0,42.0,"[0, 8, 4, 2, 1]",84,128080
elephant,balanced,2,16,8,9.0,42.0,42.0,"[0, 8, 4, 2, 1]",84,128080
elephant,balanced,2,16,12,9.0,42.0,42.0,"[0, 8, 4, 2, 1]",84,128080
elephant,balanced,3,4,4,36.0,28.0,36.0,"[0, 8, 4, 2, 1]",84,128080
elephant,balanced,3,4,8,36.0,28.0,36.0,"[0, 8, 4, 2, 1]",84,128080
elephant,balanced,3,4,12,36.0,28.0,36.0,"[0, 8, 4, 2, 1]",84,128080
elephant,balanced,3,8,4,18.0,28.0,28.0,"[0, 8, 4, 2, 1]",84,128080
elephant,balanced,3,8,8,18.0,28.0,28.0,"[0, 8, 4, 2, 1]",84,128080
elephant,balanced,3,8,12,18.0,28.0,28.0,"[0, 8, 4, 2, 1]",84,128080
elephant,balanced,3,16,4,9.0,28.0,28.0,"[0, 8, 4, 2, 1]",84,128080
elephant,balanced,3,16,8,9.0,28.0,28.0,"[0, 8, 4, 2, 1]",84,128080
elephant,balanced,3,16,12,9.0,28.0,28.0,"[0, 8, 4, 2, 1]",84,128080
elephant,balanced,6,4,4,36.0,14.0,36.0,"[0, 8, 4, 2, 1]",84,128080
elephant,balanced,6,4,8,36.0,14.0,36.0,"[0, 8, 4, 2, 1]",84,128080
elephant,balanced,6,4,12,36.0,14.0,36.0,"[0, 8, 4, 2, 1]",84,128080
elephant,balanced,6,8,4,18.0,14.0,18.0,"[0, 8, 4, 2, 1]",84,128080
elephant,balanced,6,8,8,18.0,14.0,18.0,"[0, 8, 4, 2, 1]",84,128080
elephant,balanced,6,8,12,18.0,14.0,18.0,"[0, 8, 4, 2, 1]",84,128080
elephant,balanced,6,16,4,9.0,14.0,14.0,"[0, 8, 4, 2, 1]",84,128080
elephant,balanced,6,16,8,9.0,14.0,14.0,"[0, 8, 4, 2, 1]",84,128080
elephant,balanced,6,16,12,9.0,14.0,14.0,"[0, 8, 4, 2, 1]",84,128080
elephant,slow,1,4,4,36.0,140.0,140.0,"[0, 8, 4, 2, 1]",140,128080
elephant,slow,1,4,8,36.0,140.0,140.0,"[0, 8, 4, 2, 1]",140,128080
elephant,slow,1,4,12,36.0,140.0,140.0,"[0, 8, 4, 2, 1]",140,128080
elephant,slow,1,8,4,18.0,140.0,140.0,"[0, 8, 4, 2, 1]",140,128080
elephant,slow,1,8,8,18.0,140.0,140.0,"[0, 8, 4, 2, 1]",140,128080
elephant,slow,1,8,12,18.0,140.0,140.0,"[0, 8, 4, 2, 1]",140,128080
elephant,slow,1,16,4,9.0,140.0,140.0,"[0, 8, 4, 2, 1]",140,128080
elephant,slow,1,16,8,9.0,140.0,140.0,"[0, 8, 4, 2, 1]",140,128080
elephant,slow,1,16,12,9.0,140.0,140.0,"[0, 8, 4, 2, 1]",140,128080
elephant,slow,2,4,4,36.0,70.0,70.0,"[0, 8, 4, 2, 1]",140,128080
elephant,slow,2,4,8,36.0,70.0,70.0,"[0, 8, 4, 2, 1]",140,128080
elephant,slow,2,4,12,36.0,70.0,70.0,"[0, 8, 4, 2, 1]",140,128080
elephant,slow,2,8,4,18.0,70.0,70.0,"[0, 8, 4, 2, 1]",140,128080
elephant,slow,2,8,8,18.0,70.0,70.0,"[0, 8, 4, 2, 1]",140,128080
elephant,slow,2,8,12,18.0,70.0,70.0,"[0, 8, 4, 2, 1]",140,128080
elephant,slow,2,16,4,9.0,70.0,70.0,"[0, 8, 4, 2, 1]",140,128080
elephant,slow,2,16,8,9.0,70.0,70.0,"[0, 8, 4, 2, 1]",140,128080
elephant,slow,2,16,12,9.0,70.0,70.0,"[0, 8, 4, 2, 1]",140,128080
elephant,slow,3,4,4,36.0,46.666666666666664,46.666666666666664,"[0, 8, 4, 2, 1]",140,128080
elephant,slow,3,4,8,36.0,46.666666666666664,46.666666666666664,"[0, 8, 4, 2, 1]",140,128080
elephant,slow,3,4,12,36.0,46.666666666666664,46.666666666666664,"[0, 8, 4, 2, 1]",140,128080
elephant,slow,3,8,4,18.0,46.666666666666664,46.666666666666664,"[0, 8, 4, 2, 1]",140,128080
elephant,slow,3,8,8,18.0,46.666666666666664,46.666666666666664,"[0, 8, 4, 2, 1]",140,128080
elephant,slow,3,8,12,18.0,46.666666666666664,46.666666666666664,"[0, 8, 4, 2, 1]",140,128080
elephant,slow,3,16,4,9.0,46.666666666666664,46.666666666666664,"[0, 8, 4, 2, 1]",140,128080
elephant,slow,3,16,8,9.0,46.666666666666664,46.666666666666664,"[0, 8, 4, 2, 1]",140,128080
elephant,slow,3,16,12,9.0,46.666666666666664,46.666666666666664,"[0, 8, 4, 2, 1]",140,128080
elephant,slow,6,4,4,36.0,23.333333333333332,36.0,"[0, 8, 4, 2, 1]",140,128080
elephant,slow,6,4,8,36.0,23.333333333333332,36.0,"[0, 8, 4, 2, 1]",140,128080
elephant,slow,6,4,12,36.0,23.333333333333332,36.0,"[0, 8, 4, 2, 1]",140,128080
elephant,slow,6,8,4,18.0,23.333333333333332,23.333333333333332,"[0, 8, 4, 2, 1]",140,128080
elephant,slow,6,8,8,18.0,23.333333333333332,23.333333333333332,"[0, 8, 4, 2, 1]",140,128080
elephant,slow,6,8,12,18.0,23.333333333333332,23.333333333333332,"[0, 8, 4, 2, 1]",140,128080
elephant,slow,6,16,4,9.0,23.333333333333332,23.333333333333332,"[0, 8, 4, 2, 1]",140,128080
elephant,slow,6,16,8,9.0,23.333333333333332,23.333333333333332,"[0, 8, 4, 2, 1]",140,128080
elephant,slow,6,16,12,9.0,23.333333333333332,23.333333333333332,"[0, 8, 4, 2, 1]",140,128080
panda,fast,1,4,4,20.0,54.0,54.0,"[0, 8, 4, 2, 1]",54,71168
panda,fast,1,4,8,20.0,54.0,54.0,"[0, 8, 4, 2, 1]",54,71168
panda,fast,1,4,12,20.0,54.0,54.0,"[0, 8, 4, 2, 1]",54,71168
panda,fast,1,8,4,10.0,54.0,54.0,"[0, 8, 4, 2, 1]",54,71168
panda,fast,1,8,8,10.0,54.0,54.0,"[0, 8, 4, 2, 1]",54,71168
panda,fast,1,8,12,10.0,54.0,54.0,"[0, 8, 4, 2, 1]",54,71168
panda,fast,1,16,4,5.0,54.0,54.0,"[0, 8, 4, 2, 1]",54,71168
panda,fast,1,16,8,5.0,54.0,54.0,"[0, 8, 4, 2, 1]",54,71168
panda,fast,1,16,12,5.0,54.0,54.0,"[0, 8, 4, 2, 1]",54,71168
panda,fast,2,4,4,20.0,27.0,27.0,"[0, 8, 4, 2, 1]",54,71168
panda,fast,2,4,8,20.0,27.0,27.0,"[0, 8, 4, 2, 1]",54,71168
panda,fast,2,4,12,20.0,27.0,27.0,"[0, 8, 4, 2, 1]",54,71168
panda,fast,2,8,4,10.0,27.0,27.0,"[0, 8, 4, 2, 1]",54,71168
panda,fast,2,8,8,10.0,27.0,27.0,"[0, 8, 4, 2, 1]",54,71168
panda,fast,2,8,12,10.0,27.0,27.0,"[0, 8, 4, 2, 1]",54,71168
panda,fast,2,16,4,5.0,27.0,27.0,"[0, 8, 4, 2, 1]",54,71168
panda,fast,2,16,8,5.0,27.0,27.0,"[0, 8, 4, 2, 1]",54,71168
panda,fast,2,16,12,5.0,27.0,27.0,"[0, 8, 4, 2, 1]",54,71168
panda,fast,3,4,4,20.0,18.0,20.0,"[0, 8, 4, 2, 1]",54,71168
panda,fast,3,4,8,20.0,18.0,20.0,"[0, 8, 4, 2, 1]",54,71168
panda,fast,3,4,12,20.0,18.0,20.0,"[0, 8, 4, 2, 1]",54,71168
panda,fast,3,8,4,10.0,18.0,18.0,"[0, 8, 4, 2, 1]",54,71168
panda,fast,3,8,8,10.0,18.0,18.0,"[0, 8, 4, 2, 1]",54,71168
panda,fast,3,8,12,10.0,18.0,18.0,"[0, 8, 4, 2, 1]",54,71168
panda,fast,3,16,4,5.0,18.0,18.0,"[0, 8, 4, 2, 1]",54,71168
panda,fast,3,16,8,5.0,18.0,18.0,"[0, 8, 4, 2, 1]",54,71168
panda,fast,3,16,12,5.0,18.0,18.0,"[0, 8, 4, 2, 1]",54,71168
panda,fast,6,4,4,20.0,9.0,20.0,"[0, 8, 4, 2, 1]",54,71168
panda,fast,6,4,8,20.0,9.0,20.0,"[0, 8, 4, 2, 1]",54,71168
panda,fast,6,4,12,20.0,9.0,20.0,"[0, 8, 4, 2, 1]",54,71168
panda,fast,6,8,4,10.0,9.0,10.0,"[0, 8, 4, 2, 1]",54,71168
panda,fast,6,8,8,10.0,9.0,10.0,"[0, 8, 4, 2, 1]",54,71168
panda,fast,6,8,12,10.0,9.0,10.0,"[0, 8, 4, 2, 1]",54,71168
panda,fast,6,16,4,5.0,9.0,9.0,"[0, 8, 4, 2, 1]",54,71168
panda,fast,6,16,8,5.0,9.0,9.0,"[0, 8, 4, 2, 1]",54,71168
panda,fast,6,16,12,5.0,9.0,9.0,"[0, 8, 4, 2, 1]",54,71168
panda,balanced,1,4,4,20.0,84.0,84.0,"[0, 8, 4, 2, 1]",84,71168
panda,balanced,1,4,8,20.0,84.0,84.0,"[0, 8, 4, 2, 1]",84,71168
panda,balanced,1,4,12,20.0,84.0,84.0,"[0, 8, 4, 2, 1]",84,71168
panda,balanced,1,8,4,10.0,84.0,84.0,"[0, 8, 4, 2, 1]",84,71168
panda,balanced,1,8,8,10.0,84.0,84.0,"[0, 8, 4, 2, 1]",84,71168
panda,balanced,1,8,12,10.0,84.0,84.0,"[0, 8, 4, 2, 1]",84,71168
panda,balanced,1,16,4,5.0,84.0,84.0,"[0, 8, 4, 2, 1]",84,71168
panda,balanced,1,16,8,5.0,84.0,84.0,"[0, 8, 4, 2, 1]",84,71168
panda,balanced,1,16,12,5.0,84.0,84.0,"[0, 8, 4, 2, 1]",84,71168
panda,balanced,2,4,4,20.0,42.0,42.0,"[0, 8, 4, 2, 1]",84,71168
panda,balanced,2,4,8,20.0,42.0,42.0,"[0, 8, 4, 2, 1]",84,71168
panda,balanced,2,4,12,20.0,42.0,42.0,"[0, 8, 4, 2, 1]",84,71168
panda,balanced,2,8,4,10.0,42.0,42.0,"[0, 8, 4, 2, 1]",84,71168
panda,balanced,2,8,8,10.0,42.0,42.0,"[0, 8, 4, 2, 1]",84,71168
panda,balanced,2,8,12,10.0,42.0,42.0,"[0, 8, 4, 2, 1]",84,71168
panda,balanced,2,16,4,5.0,42.0,42.0,"[0, 8, 4, 2, 1]",84,71168
panda,balanced,2,16,8,5.0,42.0,42.0,"[0, 8, 4, 2, 1]",84,71168
panda,balanced,2,16,12,5.0,42.0,42.0,"[0, 8, 4, 2, 1]",84,71168
panda,balanced,3,4,4,20.0,28.0,28.0,"[0, 8, 4, 2, 1]",84,71168
panda,balanced,3,4,8,20.0,28.0,28.0,"[0, 8, 4, 2, 1]",84,71168
panda,balanced,3,4,12,20.0,28.0,28.0,"[0, 8, 4, 2, 1]",84,71168
panda,balanced,3,8,4,10.0,28.0,28.0,"[0, 8, 4, 2, 1]",84,71168
panda,balanced,3,8,8,10.0,28.0,28.0,"[0, 8, 4, 2, 1]",84,71168
panda,balanced,3,8,12,10.0,28.0,28.0,"[0, 8, 4, 2, 1]",84,71168
panda,balanced,3,16,4,5.0,28.0,28.0,"[0, 8, 4, 2, 1]",84,71168
panda,balanced,3,16,8,5.0,28.0,28.0,"[0, 8, 4, 2, 1]",84,71168
panda,balanced,3,16,12,5.0,28.0,28.0,"[0, 8, 4, 2, 1]",84,71168
panda,balanced,6,4,4,20.0,14.0,20.0,"[0, 8, 4, 2, 1]",84,71168
panda,balanced,6,4,8,20.0,14.0,20.0,"[0, 8, 4, 2, 1]",84,71168
panda,balanced,6,4,12,20.0,14.0,20.0,"[0, 8, 4, 2, 1]",84,71168
panda,balanced,6,8,4,10.0,14.0,14.0,"[0, 8, 4, 2, 1]",84,71168
panda,balanced,6,8,8,10.0,14.0,14.0,"[0, 8, 4, 2, 1]",84,71168
panda,balanced,6,8,12,10.0,14.0,14.0,"[0, 8, 4, 2, 1]",84,71168
panda,balanced,6,16,4,5.0,14.0,14.0,"[0, 8, 4, 2, 1]",84,71168
panda,balanced,6,16,8,5.0,14.0,14.0,"[0, 8, 4, 2, 1]",84,71168
panda,balanced,6,16,12,5.0,14.0,14.0,"[0, 8, 4, 2, 1]",84,71168
panda,slow,1,4,4,20.0,140.0,140.0,"[0, 8, 4, 2, 1]",140,71168
panda,slow,1,4,8,20.0,140.0,140.0,"[0, 8, 4, 2, 1]",140,71168
panda,slow,1,4,12,20.0,140.0,140.0,"[0, 8, 4, 2, 1]",140,71168
panda,slow,1,8,4,10.0,140.0,140.0,"[0, 8, 4, 2, 1]",140,71168
panda,slow,1,8,8,10.0,140.0,140.0,"[0, 8, 4, 2, 1]",140,71168
panda,slow,1,8,12,10.0,140.0,140.0,"[0, 8, 4, 2, 1]",140,71168
panda,slow,1,16,4,5.0,140.0,140.0,"[0, 8, 4, 2, 1]",140,71168
panda,slow,1,16,8,5.0,140.0,140.0,"[0, 8, 4, 2, 1]",140,71168
panda,slow,1,16,12,5.0,140.0,140.0,"[0, 8, 4, 2, 1]",140,71168
panda,slow,2,4,4,20.0,70.0,70.0,"[0, 8, 4, 2, 1]",140,71168
panda,slow,2,4,8,20.0,70.0,70.0,"[0, 8, 4, 2, 1]",140,71168
panda,slow,2,4,12,20.0,70.0,70.0,"[0, 8, 4, 2, 1]",140,71168
panda,slow,2,8,4,10.0,70.0,70.0,"[0, 8, 4, 2, 1]",140,71168
panda,slow,2,8,8,10.0,70.0,70.0,"[0, 8, 4, 2, 1]",140,71168
panda,slow,2,8,12,10.0,70.0,70.0,"[0, 8, 4, 2, 1]",140,71168
panda,slow,2,16,4,5.0,70.0,70.0,"[0, 8, 4, 2, 1]",140,71168
panda,slow,2,16,8,5.0,70.0,70.0,"[0, 8, 4, 2, 1]",140,71168
panda,slow,2,16,12,5.0,70.0,70.0,"[0, 8, 4, 2, 1]",140,71168
panda,slow,3,4,4,20.0,46.666666666666664,46.666666666666664,"[0, 8, 4, 2, 1]",140,71168
panda,slow,3,4,8,20.0,46.666666666666664,46.666666666666664,"[0, 8, 4, 2, 1]",140,71168
panda,slow,3,4,12,20.0,46.666666666666664,46.666666666666664,"[0, 8, 4, 2, 1]",140,71168
panda,slow,3,8,4,10.0,46.666666666666664,46.666666666666664,"[0, 8, 4, 2, 1]",140,71168
panda,slow,3,8,8,10.0,46.666666666666664,46.666666666666664,"[0, 8, 4, 2, 1]",140,71168
panda,slow,3,8,12,10.0,46.666666666666664,46.666666666666664,"[0, 8, 4, 2, 1]",140,71168
panda,slow,3,16,4,5.0,46.666666666666664,46.666666666666664,"[0, 8, 4, 2, 1]",140,71168
panda,slow,3,16,8,5.0,46.666666666666664,46.666666666666664,"[0, 8, 4, 2, 1]",140,71168
panda,slow,3,16,12,5.0,46.666666666666664,46.666666666666664,"[0, 8, 4, 2, 1]",140,71168
panda,slow,6,4,4,20.0,23.333333333333332,23.333333333333332,"[0, 8, 4, 2, 1]",140,71168
panda,slow,6,4,8,20.0,23.333333333333332,23.333333333333332,"[0, 8, 4, 2, 1]",140,71168
panda,slow,6,4,12,20.0,23.333333333333332,23.333333333333332,"[0, 8, 4, 2, 1]",140,71168
panda,slow,6,8,4,10.0,23.333333333333332,23.333333333333332,"[0, 8, 4, 2, 1]",140,71168
panda,slow,6,8,8,10.0,23.333333333333332,23.333333333333332,"[0, 8, 4, 2, 1]",140,71168
panda,slow,6,8,12,10.0,23.333333333333332,23.333333333333332,"[0, 8, 4, 2, 1]",140,71168
panda,slow,6,16,4,5.0,23.333333333333332,23.333333333333332,"[0, 8, 4, 2, 1]",140,71168
panda,slow,6,16,8,5.0,23.333333333333332,23.333333333333332,"[0, 8, 4, 2, 1]",140,71168
panda,slow,6,16,12,5.0,23.333333333333332,23.333333333333332,"[0, 8, 4, 2, 1]",140,71168
sloth,fast,1,4,4,36.0,54.0,54.0,"[0, 8, 4, 2, 1]",54,141208
sloth,fast,1,4,8,36.0,54.0,54.0,"[0, 8, 4, 2, 1]",54,141208
sloth,fast,1,4,12,36.0,54.0,54.0,"[0, 8, 4, 2, 1]",54,141208
sloth,fast,1,8,4,18.0,54.0,54.0,"[0, 8, 4, 2, 1]",54,141208
sloth,fast,1,8,8,18.0,54.0,54.0,"[0, 8, 4, 2, 1]",54,141208
sloth,fast,1,8,12,18.0,54.0,54.0,"[0, 8, 4, 2, 1]",54,141208
sloth,fast,1,16,4,9.0,54.0,54.0,"[0, 8, 4, 2, 1]",54,141208
sloth,fast,1,16,8,9.0,54.0,54.0,"[0, 8, 4, 2, 1]",54,141208
sloth,fast,1,16,12,9.0,54.0,54.0,"[0, 8, 4, 2, 1]",54,141208
sloth,fast,2,4,4,36.0,27.0,36.0,"[0, 8, 4, 2, 1]",54,141208
sloth,fast,2,4,8,36.0,27.0,36.0,"[0, 8, 4, 2, 1]",54,141208
sloth,fast,2,4,12,36.0,27.0,36.0,"[0, 8, 4, 2, 1]",54,141208
sloth,fast,2,8,4,18.0,27.0,27.0,"[0, 8, 4, 2, 1]",54,141208
sloth,fast,2,8,8,18.0,27.0,27.0,"[0, 8, 4, 2, 1]",54,141208
sloth,fast,2,8,12,18.0,27.0,27.0,"[0, 8, 4, 2, 1]",54,141208
sloth,fast,2,16,4,9.0,27.0,27.0,"[0, 8, 4, 2, 1]",54,141208
sloth,fast,2,16,8,9.0,27.0,27.0,"[0, 8, 4, 2, 1]",54,141208
sloth,fast,2,16,12,9.0,27.0,27.0,"[0, 8, 4, 2, 1]",54,141208
sloth,fast,3,4,4,36.0,18.0,36.0,"[0, 8, 4, 2, 1]",54,141208
sloth,fast,3,4,8,36.0,18.0,36.0,"[0, 8, 4, 2, 1]",54,141208
sloth,fast,3,4,12,36.0,18.0,36.0,"[0, 8, 4, 2, 1]",54,141208
sloth,fast,3,8,4,18.0,18.0,18.0,"[0, 8, 4, 2, 1]",54,141208
sloth,fast,3,8,8,18.0,18.0,18.0,"[0, 8, 4, 2, 1]",54,141208
sloth,fast,3,8,12,18.0,18.0,18.0,"[0, 8, 4, 2, 1]",54,141208
sloth,fast,3,16,4,9.0,18.0,18.0,"[0, 8, 4, 2, 1]",54,141208
sloth,fast,3,16,8,9.0,18.0,18.0,"[0, 8, 4, 2, 1]",54,141208
sloth,fast,3,16,12,9.0,18.0,18.0,"[0, 8, 4, 2, 1]",54,141208
sloth,fast,6,4,4,36.0,9.0,36.0,"[0, 8, 4, 2, 1]",54,141208
sloth,fast,6,4,8,36.0,9.0,36.0,"[0, 8, 4, 2, 1]",54,141208
sloth,fast,6,4,12,36.0,9.0,36.0,"[0, 8, 4, 2, 1]",54,141208
sloth,fast,6,8,4,18.0,9.0,18.0,"[0, 8, 4, 2, 1]",54,141208
sloth,fast,6,8,8,18.0,9.0,18.0,"[0, 8, 4, 2, 1]",54,141208
sloth,fast,6,8,12,18.0,9.0,18.0,"[0, 8, 4, 2, 1]",54,141208
sloth,fast,6,16,4,9.0,9.0,9.0,"[0, 8, 4, 2, 1]",54,141208
sloth,fast,6,16,8,9.0,9.0,9.0,"[0, 8, 4, 2, 1]",54,141208
sloth,fast,6,16,12,9.0,9.0,9.0,"[0, 8, 4, 2, 1]",54,141208
sloth,balanced,1,4,4,36.0,84.0,84.0,"[0, 8, 4, 2, 1]",84,141208
sloth,balanced,1,4,8,36.0,84.0,84.0,"[0, 8, 4, 2, 1]",84,141208
sloth,balanced,1,4,12,36.0,84.0,84.0,"[0, 8, 4, 2, 1]",84,141208
sloth,balanced,1,8,4,18.0,84.0,84.0,"[0, 8, 4, 2, 1]",84,141208
sloth,balanced,1,8,8,18.0,84.0,84.0,"[0, 8, 4, 2, 1]",84,141208
sloth,balanced,1,8,12,18.0,84.0,84.0,"[0, 8, 4, 2, 1]",84,141208
sloth,balanced,1,16,4,9.0,84.0,84.0,"[0, 8, 4, 2, 1]",84,141208
sloth,balanced,1,16,8,9.0,84.0,84.0,"[0, 8, 4, 2, 1]",84,141208
sloth,balanced,1,16,12,9.0,84.0,84.0,"[0, 8, 4, 2, 1]",84,141208
sloth,balanced,2,4,4,36.0,42.0,42.0,"[0, 8, 4, 2, 1]",84,141208
sloth,balanced,2,4,8,36.0,42.0,42.0,"[0, 8, 4, 2, 1]",84,141208
sloth,balanced,2,4,12,36.0,42.0,42.0,"[0, 8, 4, 2, 1]",84,141208
sloth,balanced,2,8,4,18.0,42.0,42.0,"[0, 8, 4, 2, 1]",84,141208
sloth,balanced,2,8,8,18.0,42.0,42.0,"[0, 8, 4, 2, 1]",84,141208
sloth,balanced,2,8,12,18.0,42.0,42.0,"[0, 8, 4, 2, 1]",84,141208
sloth,balanced,2,16,4,9.0,42.0,42.0,"[0, 8, 4, 2, 1]",84,141208
sloth,balanced,2,16,8,9.0,42.0,42.0,"[0, 8, 4, 2, 1]",84,141208
sloth,balanced,2,16,12,9.0,42.0,42.0,"[0, 8, 4, 2, 1]",84,141208
sloth,balanced,3,4,4,36.0,28.0,36.0,"[0, 8, 4, 2, 1]",84,141208
sloth,balanced,3,4,8,36.0,28.0,36.0,"[0, 8, 4, 2, 1]",84,141208
sloth,balanced,3,4,12,36.0,28.0,36.0,"[0, 8, 4, 2, 1]",84,141208
sloth,balanced,3,8,4,18.0,28.0,28.0,"[0, 8, 4, 2, 1]",84,141208
sloth,balanced,3,8,8,18.0,28.0,28.0,"[0, 8, 4, 2, 1]",84,141208
sloth,balanced,3,8,12,18.0,28.0,28.0,"[0, 8, 4, 2, 1]",84,141208
sloth,balanced,3,16,4,9.0,28.0,28.0,"[0, 8, 4, 2, 1]",84,141208
sloth,balanced,3,16,8,9.0,28.0,28.0,"[0, 8, 4, 2, 1]",84,141208
sloth,balanced,3,16,12,9.0,28.0,28.0,"[0, 8, 4, 2, 1]",84,141208
sloth,balanced,6,4,4,36.0,14.0,36.0,"[0, 8, 4, 2, 1]",84,141208
sloth,balanced,6,4,8,36.0,14.0,36.0,"[0, 8, 4, 2, 1]",84,141208
sloth,balanced,6,4,12,36.0,14.0,36.0,"[0, 8, 4, 2, 1]",84,141208
sloth,balanced,6,8,4,18.0,14.0,18.0,"[0, 8, 4, 2, 1]",84,141208
sloth,balanced,6,8,8,18.0,14.0,18.0,"[0, 8, 4, 2, 1]",84,141208
sloth,balanced,6,8,12,18.0,14.0,18.0,"[0, 8, 4, 2, 1]",84,141208
sloth,balanced,6,16,4,9.0,14.0,14.0,"[0, 8, 4, 2, 1]",84,141208
sloth,balanced,6,16,8,9.0,14.0,14.0,"[0, 8, 4, 2, 1]",84,141208
sloth,balanced,6,16,12,9.0,14.0,14.0,"[0, 8, 4, 2, 1]",84,141208
sloth,slow,1,4,4,36.0,140.0,140.0,"[0, 8, 4, 2, 1]",140,141208
sloth,slow,1,4,8,36.0,140.0,140.0,"[0, 8, 4, 2, 1]",140,141208
sloth,slow,1,4,12,36.0,140.0,140.0,"[0, 8, 4, 2, 1]",140,141208
sloth,slow,1,8,4,18.0,140.0,140.0,"[0, 8, 4, 2, 1]",140,141208
sloth,slow,1,8,8,18.0,140.0,140.0,"[0, 8, 4, 2, 1]",140,141208
sloth,slow,1,8,12,18.0,140.0,140.0,"[0, 8, 4, 2, 1]",140,141208
sloth,slow,1,16,4,9.0,140.0,140.0,"[0, 8, 4, 2, 1]",140,141208
sloth,slow,1,16,8,9.0,140.0,140.0,"[0, 8, 4, 2, 1]",140,141208
sloth,slow,1,16,12,9.0,140.0,140.0,"[0, 8, 4, 2, 1]",140,141208
sloth,slow,2,4,4,36.0,70.0,70.0,"[0, 8, 4, 2, 1]",140,141208
sloth,slow,2,4,8,36.0,70.0,70.0,"[0, 8, 4, 2, 1]",140,141208
sloth,slow,2,4,12,36.0,70.0,70.0,"[0, 8, 4, 2, 1]",140,141208
sloth,slow,2,8,4,18.0,70.0,70.0,"[0, 8, 4, 2, 1]",140,141208
sloth,slow,2,8,8,18.0,70.0,70.0,"[0, 8, 4, 2, 1]",140,141208
sloth,slow,2,8,12,18.0,70.0,70.0,"[0, 8, 4, 2, 1]",140,141208
sloth,slow,2,16,4,9.0,70.0,70.0,"[0, 8, 4, 2, 1]",140,141208
sloth,slow,2,16,8,9.0,70.0,70.0,"[0, 8, 4, 2, 1]",140,141208
sloth,slow,2,16,12,9.0,70.0,70.0,"[0, 8, 4, 2, 1]",140,141208
sloth,slow,3,4,4,36.0,46.666666666666664,46.666666666666664,"[0, 8, 4, 2, 1]",140,141208
sloth,slow,3,4,8,36.0,46.666666666666664,46.666666666666664,"[0, 8, 4, 2, 1]",140,141208
sloth,slow,3,4,12,36.0,46.666666666666664,46.666666666666664,"[0, 8, 4, 2, 1]",140,141208
sloth,slow,3,8,4,18.0,46.666666666666664,46.666666666666664,"[0, 8, 4, 2, 1]",140,141208
sloth,slow,3,8,8,18.0,46.666666666666664,46.666666666666664,"[0, 8, 4, 2, 1]",140,141208
sloth,slow,3,8,12,18.0,46.666666666666664,46.666666666666664,"[0, 8, 4, 2, 1]",140,141208
sloth,slow,3,16,4,9.0,46.666666666666664,46.666666666666664,"[0, 8, 4, 2, 1]",140,141208
sloth,slow,3,16,8,9.0,46.666666666666664,46.666666666666664,"[0, 8, 4, 2, 1]",140,141208
sloth,slow,3,16,12,9.0,46.666666666666664,46.666666666666664,"[0, 8, 4, 2, 1]",140,141208
sloth,slow,6,4,4,36.0,23.333333333333332,36.0,"[0, 8, 4, 2, 1]",140,141208
sloth,slow,6,4,8,36.0,23.333333333333332,36.0,"[0, 8, 4, 2, 1]",140,141208
sloth,slow,6,4,12,36.0,23.333333333333332,36.0,"[0, 8, 4, 2, 1]",140,141208
sloth,slow,6,8,4,18.0,23.333333333333332,23.333333333333332,"[0, 8, 4, 2, 1]",140,141208
sloth,slow,6,8,8,18.0,23.333333333333332,23.333333333333332,"[0, 8, 4, 2, 1]",140,141208
sloth,slow,6,8,12,18.0,23.333333333333332,23.333333333333332,"[0, 8, 4, 2, 1]",140,141208
sloth,slow,6,16,4,9.0,23.333333333333332,23.333333333333332,"[0, 8, 4, 2, 1]",140,141208
sloth,slow,6,16,8,9.0,23.333333333333332,23.333333333333332,"[0, 8, 4, 2, 1]",140,141208
sloth,slow,6,16,12,9.0,23.333333333333332,23.333333333333332,"[0, 8, 4, 2, 1]",140,141208
